[0.000000] (-) TimerEvent: {}
[0.000396] (driver) JobQueued: {'identifier': 'driver', 'dependencies': OrderedDict()}
[0.000436] (msgs_srvs) JobQueued: {'identifier': 'msgs_srvs', 'dependencies': OrderedDict()}
[0.000460] (oradar_lidar) JobQueued: {'identifier': 'oradar_lidar', 'dependencies': OrderedDict()}
[0.000789] (driver) JobStarted: {'identifier': 'driver'}
[0.017338] (msgs_srvs) JobStarted: {'identifier': 'msgs_srvs'}
[0.023265] (oradar_lidar) JobStarted: {'identifier': 'oradar_lidar'}
[0.099655] (-) TimerEvent: {}
[0.200091] (-) TimerEvent: {}
[0.300497] (-) TimerEvent: {}
[0.400854] (-) TimerEvent: {}
[0.501235] (-) TimerEvent: {}
[0.505390] (msgs_srvs) JobProgress: {'identifier': 'msgs_srvs', 'progress': 'cmake'}
[0.506599] (msgs_srvs) JobProgress: {'identifier': 'msgs_srvs', 'progress': 'build'}
[0.507626] (msgs_srvs) Command: {'cmd': ['/usr/bin/cmake', '--build', '/ros2_ws/build/msgs_srvs', '--', '-j4', '-l4'], 'cwd': '/ros2_ws/build/msgs_srvs', 'env': OrderedDict([('VNCDESKTOP', 'TurboVNC: tarzan-desktop:1 ()'), ('LESSOPEN', '| /usr/bin/lesspipe %s'), ('HOSTNAME', 'tarzan-desktop'), ('SSH_AGENT_PID', '183'), ('SHLVL', '2'), ('LD_LIBRARY_PATH', '/ros2_ws/install/msgs_srvs/lib:/opt/ros/humble/opt/rviz_ogre_vendor/lib:/opt/ros/humble/lib/aarch64-linux-gnu:/opt/ros/humble/lib'), ('HOME', '/root'), ('DESKTOP_SESSION', 'xfce'), ('PANEL_GDK_CORE_DEVICE_EVENTS', '0'), ('ROS_PYTHON_VERSION', '3'), ('DBUS_SESSION_BUS_ADDRESS', 'unix:abstract=/tmp/dbus-wO67F6SAYB,guid=fd8027fa05f1ceab7ac91ac467ba2ea2'), ('COLORTERM', 'truecolor'), ('COLCON_PREFIX_PATH', '/ros2_ws/install'), ('ROS_DISTRO', 'humble'), ('VGL_PROBEGLX', '0'), ('WINDOWID', '41943043'), ('FONT_ENCODINGS_DIRECTORY', '/usr/share/fonts/X11/encodings'), ('_', '/usr/bin/colcon'), ('ROS_VERSION', '2'), ('TERM', 'xterm-256color'), ('ROS_LOCALHOST_ONLY', '0'), ('PATH', '/ros2_ws/install/oradar_lidar/bin:/opt/ros/humble/bin:/usr/local/sbin:/usr/local/bin:/usr/sbin:/usr/bin:/sbin:/bin'), ('SESSION_MANAGER', 'local/tarzan-desktop:@/tmp/.ICE-unix/133,unix/tarzan-desktop:/tmp/.ICE-unix/133'), ('XDG_MENU_PREFIX', 'xfce-'), ('VGL_COMPRESS', '0'), ('DISPLAY', ':1.0'), ('LANG', 'en_US.UTF-8'), ('XDG_CURRENT_DESKTOP', 'XFCE'), ('LS_COLORS', 'rs=0:di=01;34:ln=01;36:mh=00:pi=40;33:so=01;35:do=01;35:bd=40;33;01:cd=40;33;01:or=40;31;01:mi=00:su=37;41:sg=30;43:ca=30;41:tw=30;42:ow=34;42:st=37;44:ex=01;32:*.tar=01;31:*.tgz=01;31:*.arc=01;31:*.arj=01;31:*.taz=01;31:*.lha=01;31:*.lz4=01;31:*.lzh=01;31:*.lzma=01;31:*.tlz=01;31:*.txz=01;31:*.tzo=01;31:*.t7z=01;31:*.zip=01;31:*.z=01;31:*.dz=01;31:*.gz=01;31:*.lrz=01;31:*.lz=01;31:*.lzo=01;31:*.xz=01;31:*.zst=01;31:*.tzst=01;31:*.bz2=01;31:*.bz=01;31:*.tbz=01;31:*.tbz2=01;31:*.tz=01;31:*.deb=01;31:*.rpm=01;31:*.jar=01;31:*.war=01;31:*.ear=01;31:*.sar=01;31:*.rar=01;31:*.alz=01;31:*.ace=01;31:*.zoo=01;31:*.cpio=01;31:*.7z=01;31:*.rz=01;31:*.cab=01;31:*.wim=01;31:*.swm=01;31:*.dwm=01;31:*.esd=01;31:*.jpg=01;35:*.jpeg=01;35:*.mjpg=01;35:*.mjpeg=01;35:*.gif=01;35:*.bmp=01;35:*.pbm=01;35:*.pgm=01;35:*.ppm=01;35:*.tga=01;35:*.xbm=01;35:*.xpm=01;35:*.tif=01;35:*.tiff=01;35:*.png=01;35:*.svg=01;35:*.svgz=01;35:*.mng=01;35:*.pcx=01;35:*.mov=01;35:*.mpg=01;35:*.mpeg=01;35:*.m2v=01;35:*.mkv=01;35:*.webm=01;35:*.webp=01;35:*.ogm=01;35:*.mp4=01;35:*.m4v=01;35:*.mp4v=01;35:*.vob=01;35:*.qt=01;35:*.nuv=01;35:*.wmv=01;35:*.asf=01;35:*.rm=01;35:*.rmvb=01;35:*.flc=01;35:*.avi=01;35:*.fli=01;35:*.flv=01;35:*.gl=01;35:*.dl=01;35:*.xcf=01;35:*.xwd=01;35:*.yuv=01;35:*.cgm=01;35:*.emf=01;35:*.ogv=01;35:*.ogx=01;35:*.aac=00;36:*.au=00;36:*.flac=00;36:*.m4a=00;36:*.mid=00;36:*.midi=00;36:*.mka=00;36:*.mp3=00;36:*.mpc=00;36:*.ogg=00;36:*.ra=00;36:*.wav=00;36:*.oga=00;36:*.opus=00;36:*.spx=00;36:*.xspf=00;36:'), ('SSH_AUTH_SOCK', '/ssh-agent'), ('AMENT_PREFIX_PATH', '/ros2_ws/install/oradar_lidar:/ros2_ws/install/msgs_srvs:/ros2_ws/install/driver:/opt/ros/humble'), ('DEBIAN_FRONTEND', 'noninteractive'), ('LESSCLOSE', '/usr/bin/lesspipe %s %s'), ('PWD', '/ros2_ws/build/msgs_srvs'), ('XDG_CONFIG_DIRS', '/etc/xdg'), ('XDG_DATA_DIRS', '/usr/local/share:/usr/share'), ('PYTHONPATH', '/ros2_ws/install/msgs_srvs/local/lib/python3.10/dist-packages:/ros2_ws/build/driver:/ros2_ws/install/driver/lib/python3.10/site-packages:/opt/ros/humble/lib/python3.10/site-packages:/opt/ros/humble/local/lib/python3.10/dist-packages'), ('COLCON', '1'), ('VTE_VERSION', '6800'), ('CMAKE_PREFIX_PATH', '/ros2_ws/install/oradar_lidar:/ros2_ws/install/msgs_srvs:/ros2_ws/install/driver:/opt/ros/humble')]), 'shell': False}
[0.514894] (oradar_lidar) JobProgress: {'identifier': 'oradar_lidar', 'progress': 'cmake'}
[0.516046] (oradar_lidar) JobProgress: {'identifier': 'oradar_lidar', 'progress': 'build'}
[0.517557] (oradar_lidar) Command: {'cmd': ['/usr/bin/cmake', '--build', '/ros2_ws/build/oradar_lidar', '--', '-j4', '-l4'], 'cwd': '/ros2_ws/build/oradar_lidar', 'env': OrderedDict([('VNCDESKTOP', 'TurboVNC: tarzan-desktop:1 ()'), ('LESSOPEN', '| /usr/bin/lesspipe %s'), ('HOSTNAME', 'tarzan-desktop'), ('SSH_AGENT_PID', '183'), ('SHLVL', '2'), ('LD_LIBRARY_PATH', '/ros2_ws/install/msgs_srvs/lib:/opt/ros/humble/opt/rviz_ogre_vendor/lib:/opt/ros/humble/lib/aarch64-linux-gnu:/opt/ros/humble/lib'), ('HOME', '/root'), ('DESKTOP_SESSION', 'xfce'), ('PANEL_GDK_CORE_DEVICE_EVENTS', '0'), ('ROS_PYTHON_VERSION', '3'), ('DBUS_SESSION_BUS_ADDRESS', 'unix:abstract=/tmp/dbus-wO67F6SAYB,guid=fd8027fa05f1ceab7ac91ac467ba2ea2'), ('COLORTERM', 'truecolor'), ('COLCON_PREFIX_PATH', '/ros2_ws/install'), ('ROS_DISTRO', 'humble'), ('VGL_PROBEGLX', '0'), ('WINDOWID', '41943043'), ('FONT_ENCODINGS_DIRECTORY', '/usr/share/fonts/X11/encodings'), ('_', '/usr/bin/colcon'), ('ROS_VERSION', '2'), ('TERM', 'xterm-256color'), ('ROS_LOCALHOST_ONLY', '0'), ('PATH', '/ros2_ws/install/oradar_lidar/bin:/opt/ros/humble/bin:/usr/local/sbin:/usr/local/bin:/usr/sbin:/usr/bin:/sbin:/bin'), ('SESSION_MANAGER', 'local/tarzan-desktop:@/tmp/.ICE-unix/133,unix/tarzan-desktop:/tmp/.ICE-unix/133'), ('XDG_MENU_PREFIX', 'xfce-'), ('VGL_COMPRESS', '0'), ('DISPLAY', ':1.0'), ('LANG', 'en_US.UTF-8'), ('XDG_CURRENT_DESKTOP', 'XFCE'), ('LS_COLORS', 'rs=0:di=01;34:ln=01;36:mh=00:pi=40;33:so=01;35:do=01;35:bd=40;33;01:cd=40;33;01:or=40;31;01:mi=00:su=37;41:sg=30;43:ca=30;41:tw=30;42:ow=34;42:st=37;44:ex=01;32:*.tar=01;31:*.tgz=01;31:*.arc=01;31:*.arj=01;31:*.taz=01;31:*.lha=01;31:*.lz4=01;31:*.lzh=01;31:*.lzma=01;31:*.tlz=01;31:*.txz=01;31:*.tzo=01;31:*.t7z=01;31:*.zip=01;31:*.z=01;31:*.dz=01;31:*.gz=01;31:*.lrz=01;31:*.lz=01;31:*.lzo=01;31:*.xz=01;31:*.zst=01;31:*.tzst=01;31:*.bz2=01;31:*.bz=01;31:*.tbz=01;31:*.tbz2=01;31:*.tz=01;31:*.deb=01;31:*.rpm=01;31:*.jar=01;31:*.war=01;31:*.ear=01;31:*.sar=01;31:*.rar=01;31:*.alz=01;31:*.ace=01;31:*.zoo=01;31:*.cpio=01;31:*.7z=01;31:*.rz=01;31:*.cab=01;31:*.wim=01;31:*.swm=01;31:*.dwm=01;31:*.esd=01;31:*.jpg=01;35:*.jpeg=01;35:*.mjpg=01;35:*.mjpeg=01;35:*.gif=01;35:*.bmp=01;35:*.pbm=01;35:*.pgm=01;35:*.ppm=01;35:*.tga=01;35:*.xbm=01;35:*.xpm=01;35:*.tif=01;35:*.tiff=01;35:*.png=01;35:*.svg=01;35:*.svgz=01;35:*.mng=01;35:*.pcx=01;35:*.mov=01;35:*.mpg=01;35:*.mpeg=01;35:*.m2v=01;35:*.mkv=01;35:*.webm=01;35:*.webp=01;35:*.ogm=01;35:*.mp4=01;35:*.m4v=01;35:*.mp4v=01;35:*.vob=01;35:*.qt=01;35:*.nuv=01;35:*.wmv=01;35:*.asf=01;35:*.rm=01;35:*.rmvb=01;35:*.flc=01;35:*.avi=01;35:*.fli=01;35:*.flv=01;35:*.gl=01;35:*.dl=01;35:*.xcf=01;35:*.xwd=01;35:*.yuv=01;35:*.cgm=01;35:*.emf=01;35:*.ogv=01;35:*.ogx=01;35:*.aac=00;36:*.au=00;36:*.flac=00;36:*.m4a=00;36:*.mid=00;36:*.midi=00;36:*.mka=00;36:*.mp3=00;36:*.mpc=00;36:*.ogg=00;36:*.ra=00;36:*.wav=00;36:*.oga=00;36:*.opus=00;36:*.spx=00;36:*.xspf=00;36:'), ('SSH_AUTH_SOCK', '/ssh-agent'), ('AMENT_PREFIX_PATH', '/ros2_ws/install/oradar_lidar:/ros2_ws/install/msgs_srvs:/ros2_ws/install/driver:/opt/ros/humble'), ('DEBIAN_FRONTEND', 'noninteractive'), ('LESSCLOSE', '/usr/bin/lesspipe %s %s'), ('PWD', '/ros2_ws/build/oradar_lidar'), ('XDG_CONFIG_DIRS', '/etc/xdg'), ('XDG_DATA_DIRS', '/usr/local/share:/usr/share'), ('PYTHONPATH', '/ros2_ws/install/msgs_srvs/local/lib/python3.10/dist-packages:/ros2_ws/build/driver:/ros2_ws/install/driver/lib/python3.10/site-packages:/opt/ros/humble/lib/python3.10/site-packages:/opt/ros/humble/local/lib/python3.10/dist-packages'), ('COLCON', '1'), ('VTE_VERSION', '6800'), ('CMAKE_PREFIX_PATH', '/ros2_ws/install/oradar_lidar:/ros2_ws/install/msgs_srvs:/ros2_ws/install/driver:/opt/ros/humble')]), 'shell': False}
[0.577107] (msgs_srvs) StdoutLine: {'line': b'-- Found ament_cmake: 1.3.11 (/opt/ros/humble/share/ament_cmake/cmake)\n'}
[0.603755] (-) TimerEvent: {}
[0.692820] (oradar_lidar) StdoutLine: {'line': b'[ 60%] Built target oradar_sdk\n'}
[0.705948] (-) TimerEvent: {}
[0.810979] (-) TimerEvent: {}
[0.824090] (oradar_lidar) StdoutLine: {'line': b'[ 70%] Built target non-blocking_test\n'}
[0.824473] (oradar_lidar) StdoutLine: {'line': b'[ 80%] Built target blocking_c_api_test\n'}
[0.830695] (oradar_lidar) StdoutLine: {'line': b'[ 90%] Built target blocking_test\n'}
[0.831228] (oradar_lidar) StdoutLine: {'line': b'[100%] Built target oradar_scan\n'}
[0.858481] (oradar_lidar) CommandEnded: {'returncode': 0}
[0.859419] (oradar_lidar) JobProgress: {'identifier': 'oradar_lidar', 'progress': 'install'}
[0.895477] (oradar_lidar) Command: {'cmd': ['/usr/bin/cmake', '--install', '/ros2_ws/build/oradar_lidar'], 'cwd': '/ros2_ws/build/oradar_lidar', 'env': OrderedDict([('VNCDESKTOP', 'TurboVNC: tarzan-desktop:1 ()'), ('LESSOPEN', '| /usr/bin/lesspipe %s'), ('HOSTNAME', 'tarzan-desktop'), ('SSH_AGENT_PID', '183'), ('SHLVL', '2'), ('LD_LIBRARY_PATH', '/ros2_ws/install/msgs_srvs/lib:/opt/ros/humble/opt/rviz_ogre_vendor/lib:/opt/ros/humble/lib/aarch64-linux-gnu:/opt/ros/humble/lib'), ('HOME', '/root'), ('DESKTOP_SESSION', 'xfce'), ('PANEL_GDK_CORE_DEVICE_EVENTS', '0'), ('ROS_PYTHON_VERSION', '3'), ('DBUS_SESSION_BUS_ADDRESS', 'unix:abstract=/tmp/dbus-wO67F6SAYB,guid=fd8027fa05f1ceab7ac91ac467ba2ea2'), ('COLORTERM', 'truecolor'), ('COLCON_PREFIX_PATH', '/ros2_ws/install'), ('ROS_DISTRO', 'humble'), ('VGL_PROBEGLX', '0'), ('WINDOWID', '41943043'), ('FONT_ENCODINGS_DIRECTORY', '/usr/share/fonts/X11/encodings'), ('_', '/usr/bin/colcon'), ('ROS_VERSION', '2'), ('TERM', 'xterm-256color'), ('ROS_LOCALHOST_ONLY', '0'), ('PATH', '/ros2_ws/install/oradar_lidar/bin:/opt/ros/humble/bin:/usr/local/sbin:/usr/local/bin:/usr/sbin:/usr/bin:/sbin:/bin'), ('SESSION_MANAGER', 'local/tarzan-desktop:@/tmp/.ICE-unix/133,unix/tarzan-desktop:/tmp/.ICE-unix/133'), ('XDG_MENU_PREFIX', 'xfce-'), ('VGL_COMPRESS', '0'), ('DISPLAY', ':1.0'), ('LANG', 'en_US.UTF-8'), ('XDG_CURRENT_DESKTOP', 'XFCE'), ('LS_COLORS', 'rs=0:di=01;34:ln=01;36:mh=00:pi=40;33:so=01;35:do=01;35:bd=40;33;01:cd=40;33;01:or=40;31;01:mi=00:su=37;41:sg=30;43:ca=30;41:tw=30;42:ow=34;42:st=37;44:ex=01;32:*.tar=01;31:*.tgz=01;31:*.arc=01;31:*.arj=01;31:*.taz=01;31:*.lha=01;31:*.lz4=01;31:*.lzh=01;31:*.lzma=01;31:*.tlz=01;31:*.txz=01;31:*.tzo=01;31:*.t7z=01;31:*.zip=01;31:*.z=01;31:*.dz=01;31:*.gz=01;31:*.lrz=01;31:*.lz=01;31:*.lzo=01;31:*.xz=01;31:*.zst=01;31:*.tzst=01;31:*.bz2=01;31:*.bz=01;31:*.tbz=01;31:*.tbz2=01;31:*.tz=01;31:*.deb=01;31:*.rpm=01;31:*.jar=01;31:*.war=01;31:*.ear=01;31:*.sar=01;31:*.rar=01;31:*.alz=01;31:*.ace=01;31:*.zoo=01;31:*.cpio=01;31:*.7z=01;31:*.rz=01;31:*.cab=01;31:*.wim=01;31:*.swm=01;31:*.dwm=01;31:*.esd=01;31:*.jpg=01;35:*.jpeg=01;35:*.mjpg=01;35:*.mjpeg=01;35:*.gif=01;35:*.bmp=01;35:*.pbm=01;35:*.pgm=01;35:*.ppm=01;35:*.tga=01;35:*.xbm=01;35:*.xpm=01;35:*.tif=01;35:*.tiff=01;35:*.png=01;35:*.svg=01;35:*.svgz=01;35:*.mng=01;35:*.pcx=01;35:*.mov=01;35:*.mpg=01;35:*.mpeg=01;35:*.m2v=01;35:*.mkv=01;35:*.webm=01;35:*.webp=01;35:*.ogm=01;35:*.mp4=01;35:*.m4v=01;35:*.mp4v=01;35:*.vob=01;35:*.qt=01;35:*.nuv=01;35:*.wmv=01;35:*.asf=01;35:*.rm=01;35:*.rmvb=01;35:*.flc=01;35:*.avi=01;35:*.fli=01;35:*.flv=01;35:*.gl=01;35:*.dl=01;35:*.xcf=01;35:*.xwd=01;35:*.yuv=01;35:*.cgm=01;35:*.emf=01;35:*.ogv=01;35:*.ogx=01;35:*.aac=00;36:*.au=00;36:*.flac=00;36:*.m4a=00;36:*.mid=00;36:*.midi=00;36:*.mka=00;36:*.mp3=00;36:*.mpc=00;36:*.ogg=00;36:*.ra=00;36:*.wav=00;36:*.oga=00;36:*.opus=00;36:*.spx=00;36:*.xspf=00;36:'), ('SSH_AUTH_SOCK', '/ssh-agent'), ('AMENT_PREFIX_PATH', '/ros2_ws/install/oradar_lidar:/ros2_ws/install/msgs_srvs:/ros2_ws/install/driver:/opt/ros/humble'), ('DEBIAN_FRONTEND', 'noninteractive'), ('LESSCLOSE', '/usr/bin/lesspipe %s %s'), ('PWD', '/ros2_ws/build/oradar_lidar'), ('XDG_CONFIG_DIRS', '/etc/xdg'), ('XDG_DATA_DIRS', '/usr/local/share:/usr/share'), ('PYTHONPATH', '/ros2_ws/install/msgs_srvs/local/lib/python3.10/dist-packages:/ros2_ws/build/driver:/ros2_ws/install/driver/lib/python3.10/site-packages:/opt/ros/humble/lib/python3.10/site-packages:/opt/ros/humble/local/lib/python3.10/dist-packages'), ('COLCON', '1'), ('VTE_VERSION', '6800'), ('CMAKE_PREFIX_PATH', '/ros2_ws/install/oradar_lidar:/ros2_ws/install/msgs_srvs:/ros2_ws/install/driver:/opt/ros/humble')]), 'shell': False}
[0.911160] (-) TimerEvent: {}
[0.918542] (msgs_srvs) StdoutLine: {'line': b'-- Override CMake install command with custom implementation using symlinks instead of copying resources\n'}
[0.927105] (oradar_lidar) StdoutLine: {'line': b'-- Install configuration: "RELEASE"\n'}
[0.927378] (oradar_lidar) StdoutLine: {'line': b'-- Execute custom install script\n'}
[0.927758] (oradar_lidar) StdoutLine: {'line': b'-- Up-to-date symlink: /ros2_ws/install/oradar_lidar/bin/blocking_test\n'}
[0.928101] (oradar_lidar) StdoutLine: {'line': b'-- Up-to-date symlink: /ros2_ws/install/oradar_lidar/bin/non-blocking_test\n'}
[0.928644] (msgs_srvs) StdoutLine: {'line': b'-- Found builtin_interfaces: 1.2.1 (/opt/ros/humble/share/builtin_interfaces/cmake)\n'}
[0.928837] (oradar_lidar) StdoutLine: {'line': b'-- Up-to-date symlink: /ros2_ws/install/oradar_lidar/bin/blocking_c_api_test\n'}
[0.929014] (oradar_lidar) StdoutLine: {'line': b'-- Up-to-date symlink: /ros2_ws/install/oradar_lidar/include/core/base/datatype.h\n'}
[0.929220] (oradar_lidar) StdoutLine: {'line': b'-- Up-to-date symlink: /ros2_ws/install/oradar_lidar/include/core/base/locker.h\n'}
[0.929725] (oradar_lidar) StdoutLine: {'line': b'-- Up-to-date symlink: /ros2_ws/install/oradar_lidar/include/core/base/thread.h\n'}
[0.929944] (oradar_lidar) StdoutLine: {'line': b'-- Up-to-date symlink: /ros2_ws/install/oradar_lidar/include/core/base/timer.h\n'}
[0.930152] (oradar_lidar) StdoutLine: {'line': b'-- Up-to-date symlink: /ros2_ws/install/oradar_lidar/include/core/base/typedef.h\n'}
[0.930902] (oradar_lidar) StdoutLine: {'line': b'-- Up-to-date symlink: /ros2_ws/install/oradar_lidar/include/core/base/utils.h\n'}
[0.931107] (oradar_lidar) StdoutLine: {'line': b'-- Up-to-date symlink: /ros2_ws/install/oradar_lidar/include/core/base/v8stdint.h\n'}
[0.931333] (oradar_lidar) StdoutLine: {'line': b'-- Up-to-date symlink: /ros2_ws/install/oradar_lidar/include/core/common/ChannelDevice.h\n'}
[0.931808] (oradar_lidar) StdoutLine: {'line': b'-- Up-to-date symlink: /ros2_ws/install/oradar_lidar/include/core/math/angles.h\n'}
[0.932024] (oradar_lidar) StdoutLine: {'line': b'-- Up-to-date symlink: /ros2_ws/install/oradar_lidar/include/core/network/ActiveSocket.h\n'}
[0.932215] (oradar_lidar) StdoutLine: {'line': b'-- Up-to-date symlink: /ros2_ws/install/oradar_lidar/include/core/network/PassiveSocket.h\n'}
[0.932704] (oradar_lidar) StdoutLine: {'line': b'-- Up-to-date symlink: /ros2_ws/install/oradar_lidar/include/core/network/SimpleSocket.h\n'}
[0.932911] (oradar_lidar) StdoutLine: {'line': b'-- Up-to-date symlink: /ros2_ws/install/oradar_lidar/include/core/network/StatTimer.h\n'}
[0.933229] (oradar_lidar) StdoutLine: {'line': b'-- Up-to-date symlink: /ros2_ws/install/oradar_lidar/include/core/serial/common.h\n'}
[0.933735] (oradar_lidar) StdoutLine: {'line': b'-- Up-to-date symlink: /ros2_ws/install/oradar_lidar/include/core/serial/serial.h\n'}
[0.933968] (oradar_lidar) StdoutLine: {'line': b'-- Up-to-date symlink: /ros2_ws/install/oradar_lidar/include/core/serial/impl/unix/lock.h\n'}
[0.934184] (oradar_lidar) StdoutLine: {'line': b'-- Up-to-date symlink: /ros2_ws/install/oradar_lidar/include/core/serial/impl/unix/unix.h\n'}
[0.934702] (oradar_lidar) StdoutLine: {'line': b'-- Up-to-date symlink: /ros2_ws/install/oradar_lidar/include/core/serial/impl/unix/unix_serial.h\n'}
[0.934919] (oradar_lidar) StdoutLine: {'line': b'-- Up-to-date symlink: /ros2_ws/install/oradar_lidar/include/src/ord_lidar_c_api_driver.h\n'}
[0.935136] (oradar_lidar) StdoutLine: {'line': b'-- Up-to-date symlink: /ros2_ws/install/oradar_lidar/include/src/ord_lidar_driver.h\n'}
[0.937004] (oradar_lidar) StdoutLine: {'line': b'-- Up-to-date symlink: /ros2_ws/install/oradar_lidar/include/src/ordlidar_protocol.h\n'}
[0.937278] (oradar_lidar) StdoutLine: {'line': b'-- Up-to-date symlink: /ros2_ws/install/oradar_lidar/include/src/filters/FullScanFilter.h\n'}
[0.937786] (oradar_lidar) StdoutLine: {'line': b'-- Up-to-date symlink: /ros2_ws/install/oradar_lidar/lib/liboradar_sdk.a\n'}
[0.937892] (oradar_lidar) StdoutLine: {'line': b'-- Up-to-date symlink: /ros2_ws/install/oradar_lidar/lib/oradar_lidar/oradar_scan\n'}
[0.937988] (oradar_lidar) StdoutLine: {'line': b'-- Up-to-date symlink: /ros2_ws/install/oradar_lidar/share/oradar_lidar//launch/ms200_scan.launch\n'}
[0.938063] (oradar_lidar) StdoutLine: {'line': b'-- Up-to-date symlink: /ros2_ws/install/oradar_lidar/share/oradar_lidar//launch/ms200_scan.launch.py\n'}
[0.938138] (oradar_lidar) StdoutLine: {'line': b'-- Up-to-date symlink: /ros2_ws/install/oradar_lidar/share/oradar_lidar//launch/ms200_scan_view.launch\n'}
[0.938211] (oradar_lidar) StdoutLine: {'line': b'-- Up-to-date symlink: /ros2_ws/install/oradar_lidar/share/oradar_lidar//launch/ms200_scan_view.launch.py\n'}
[0.938686] (oradar_lidar) StdoutLine: {'line': b'-- Up-to-date symlink: /ros2_ws/install/oradar_lidar/share/oradar_lidar//rviz2/oradar_scan.rviz\n'}
[0.938805] (oradar_lidar) StdoutLine: {'line': b'-- Up-to-date symlink: /ros2_ws/install/oradar_lidar/share/ament_index/resource_index/package_run_dependencies/oradar_lidar\n'}
[0.939493] (oradar_lidar) StdoutLine: {'line': b'-- Up-to-date symlink: /ros2_ws/install/oradar_lidar/share/ament_index/resource_index/parent_prefix_path/oradar_lidar\n'}
[0.939687] (oradar_lidar) StdoutLine: {'line': b'-- Up-to-date symlink: /ros2_ws/install/oradar_lidar/share/oradar_lidar/environment/ament_prefix_path.sh\n'}
[0.939861] (oradar_lidar) StdoutLine: {'line': b'-- Up-to-date symlink: /ros2_ws/install/oradar_lidar/share/oradar_lidar/environment/ament_prefix_path.dsv\n'}
[0.939984] (oradar_lidar) StdoutLine: {'line': b'-- Up-to-date symlink: /ros2_ws/install/oradar_lidar/share/oradar_lidar/environment/path.sh\n'}
[0.943133] (oradar_lidar) StdoutLine: {'line': b'-- Up-to-date symlink: /ros2_ws/install/oradar_lidar/share/oradar_lidar/environment/path.dsv\n'}
[0.943254] (oradar_lidar) StdoutLine: {'line': b'-- Up-to-date symlink: /ros2_ws/install/oradar_lidar/share/oradar_lidar/local_setup.bash\n'}
[0.943425] (oradar_lidar) StdoutLine: {'line': b'-- Up-to-date symlink: /ros2_ws/install/oradar_lidar/share/oradar_lidar/local_setup.sh\n'}
[0.943523] (oradar_lidar) StdoutLine: {'line': b'-- Up-to-date symlink: /ros2_ws/install/oradar_lidar/share/oradar_lidar/local_setup.zsh\n'}
[0.944334] (oradar_lidar) StdoutLine: {'line': b'-- Up-to-date symlink: /ros2_ws/install/oradar_lidar/share/oradar_lidar/local_setup.dsv\n'}
[0.944505] (oradar_lidar) StdoutLine: {'line': b'-- Symlinking: /ros2_ws/install/oradar_lidar/share/oradar_lidar/package.dsv\n'}
[0.977793] (msgs_srvs) StdoutLine: {'line': b'-- Found rosidl_generator_c: 3.1.6 (/opt/ros/humble/share/rosidl_generator_c/cmake)\n'}
[0.979784] (oradar_lidar) StdoutLine: {'line': b'-- Up-to-date symlink: /ros2_ws/install/oradar_lidar/share/ament_index/resource_index/packages/oradar_lidar\n'}
[0.980152] (oradar_lidar) StdoutLine: {'line': b'-- Up-to-date symlink: /ros2_ws/install/oradar_lidar/share/oradar_lidar/cmake/oradar_lidarConfig.cmake\n'}
[0.980295] (oradar_lidar) StdoutLine: {'line': b'-- Up-to-date symlink: /ros2_ws/install/oradar_lidar/share/oradar_lidar/cmake/oradar_lidarConfig-version.cmake\n'}
[0.980799] (oradar_lidar) StdoutLine: {'line': b'-- Up-to-date symlink: /ros2_ws/install/oradar_lidar/share/oradar_lidar/package.xml\n'}
[0.982703] (msgs_srvs) StdoutLine: {'line': b'-- Found rosidl_adapter: 3.1.6 (/opt/ros/humble/share/rosidl_adapter/cmake)\n'}
[0.985442] (oradar_lidar) CommandEnded: {'returncode': 0}
[0.991415] (msgs_srvs) StdoutLine: {'line': b'-- Found rosidl_generator_cpp: 3.1.6 (/opt/ros/humble/share/rosidl_generator_cpp/cmake)\n'}
[1.008176] (msgs_srvs) StdoutLine: {'line': b'-- Using all available rosidl_typesupport_c: rosidl_typesupport_fastrtps_c;rosidl_typesupport_introspection_c\n'}
[1.011725] (-) TimerEvent: {}
[1.029267] (msgs_srvs) StdoutLine: {'line': b'-- Using all available rosidl_typesupport_cpp: rosidl_typesupport_fastrtps_cpp;rosidl_typesupport_introspection_cpp\n'}
[1.063735] (msgs_srvs) StdoutLine: {'line': b'-- Found rosidl_default_generators: 1.2.0 (/opt/ros/humble/share/rosidl_default_generators/cmake)\n'}
[1.074038] (oradar_lidar) JobEnded: {'identifier': 'oradar_lidar', 'rc': 0}
[1.079179] (msgs_srvs) StdoutLine: {'line': b'-- Found std_msgs: 4.2.4 (/opt/ros/humble/share/std_msgs/cmake)\n'}
[1.112117] (-) TimerEvent: {}
[1.213399] (-) TimerEvent: {}
[1.316713] (-) TimerEvent: {}
[1.326812] (driver) Command: {'cmd': ['/usr/bin/python3', '-W', 'ignore:setup.py install is deprecated', '-W', 'ignore:easy_install command is deprecated', 'setup.py', 'develop', '--editable', '--build-directory', '/ros2_ws/build/driver/build', '--no-deps', 'symlink_data'], 'cwd': '/ros2_ws/build/driver', 'env': {'VNCDESKTOP': 'TurboVNC: tarzan-desktop:1 ()', 'LESSOPEN': '| /usr/bin/lesspipe %s', 'HOSTNAME': 'tarzan-desktop', 'SSH_AGENT_PID': '183', 'SHLVL': '2', 'LD_LIBRARY_PATH': '/ros2_ws/install/msgs_srvs/lib:/opt/ros/humble/opt/rviz_ogre_vendor/lib:/opt/ros/humble/lib/aarch64-linux-gnu:/opt/ros/humble/lib', 'HOME': '/root', 'DESKTOP_SESSION': 'xfce', 'PANEL_GDK_CORE_DEVICE_EVENTS': '0', 'ROS_PYTHON_VERSION': '3', 'DBUS_SESSION_BUS_ADDRESS': 'unix:abstract=/tmp/dbus-wO67F6SAYB,guid=fd8027fa05f1ceab7ac91ac467ba2ea2', 'COLORTERM': 'truecolor', 'COLCON_PREFIX_PATH': '/ros2_ws/install', 'ROS_DISTRO': 'humble', 'VGL_PROBEGLX': '0', 'WINDOWID': '41943043', 'FONT_ENCODINGS_DIRECTORY': '/usr/share/fonts/X11/encodings', '_': '/usr/bin/colcon', 'ROS_VERSION': '2', 'TERM': 'xterm-256color', 'ROS_LOCALHOST_ONLY': '0', 'PATH': '/ros2_ws/install/oradar_lidar/bin:/opt/ros/humble/bin:/usr/local/sbin:/usr/local/bin:/usr/sbin:/usr/bin:/sbin:/bin', 'SESSION_MANAGER': 'local/tarzan-desktop:@/tmp/.ICE-unix/133,unix/tarzan-desktop:/tmp/.ICE-unix/133', 'XDG_MENU_PREFIX': 'xfce-', 'VGL_COMPRESS': '0', 'DISPLAY': ':1.0', 'LANG': 'en_US.UTF-8', 'XDG_CURRENT_DESKTOP': 'XFCE', 'LS_COLORS': 'rs=0:di=01;34:ln=01;36:mh=00:pi=40;33:so=01;35:do=01;35:bd=40;33;01:cd=40;33;01:or=40;31;01:mi=00:su=37;41:sg=30;43:ca=30;41:tw=30;42:ow=34;42:st=37;44:ex=01;32:*.tar=01;31:*.tgz=01;31:*.arc=01;31:*.arj=01;31:*.taz=01;31:*.lha=01;31:*.lz4=01;31:*.lzh=01;31:*.lzma=01;31:*.tlz=01;31:*.txz=01;31:*.tzo=01;31:*.t7z=01;31:*.zip=01;31:*.z=01;31:*.dz=01;31:*.gz=01;31:*.lrz=01;31:*.lz=01;31:*.lzo=01;31:*.xz=01;31:*.zst=01;31:*.tzst=01;31:*.bz2=01;31:*.bz=01;31:*.tbz=01;31:*.tbz2=01;31:*.tz=01;31:*.deb=01;31:*.rpm=01;31:*.jar=01;31:*.war=01;31:*.ear=01;31:*.sar=01;31:*.rar=01;31:*.alz=01;31:*.ace=01;31:*.zoo=01;31:*.cpio=01;31:*.7z=01;31:*.rz=01;31:*.cab=01;31:*.wim=01;31:*.swm=01;31:*.dwm=01;31:*.esd=01;31:*.jpg=01;35:*.jpeg=01;35:*.mjpg=01;35:*.mjpeg=01;35:*.gif=01;35:*.bmp=01;35:*.pbm=01;35:*.pgm=01;35:*.ppm=01;35:*.tga=01;35:*.xbm=01;35:*.xpm=01;35:*.tif=01;35:*.tiff=01;35:*.png=01;35:*.svg=01;35:*.svgz=01;35:*.mng=01;35:*.pcx=01;35:*.mov=01;35:*.mpg=01;35:*.mpeg=01;35:*.m2v=01;35:*.mkv=01;35:*.webm=01;35:*.webp=01;35:*.ogm=01;35:*.mp4=01;35:*.m4v=01;35:*.mp4v=01;35:*.vob=01;35:*.qt=01;35:*.nuv=01;35:*.wmv=01;35:*.asf=01;35:*.rm=01;35:*.rmvb=01;35:*.flc=01;35:*.avi=01;35:*.fli=01;35:*.flv=01;35:*.gl=01;35:*.dl=01;35:*.xcf=01;35:*.xwd=01;35:*.yuv=01;35:*.cgm=01;35:*.emf=01;35:*.ogv=01;35:*.ogx=01;35:*.aac=00;36:*.au=00;36:*.flac=00;36:*.m4a=00;36:*.mid=00;36:*.midi=00;36:*.mka=00;36:*.mp3=00;36:*.mpc=00;36:*.ogg=00;36:*.ra=00;36:*.wav=00;36:*.oga=00;36:*.opus=00;36:*.spx=00;36:*.xspf=00;36:', 'SSH_AUTH_SOCK': '/ssh-agent', 'AMENT_PREFIX_PATH': '/ros2_ws/install/oradar_lidar:/ros2_ws/install/msgs_srvs:/ros2_ws/install/driver:/opt/ros/humble', 'DEBIAN_FRONTEND': 'noninteractive', 'LESSCLOSE': '/usr/bin/lesspipe %s %s', 'PWD': '/ros2_ws/build/driver', 'XDG_CONFIG_DIRS': '/etc/xdg', 'XDG_DATA_DIRS': '/usr/local/share:/usr/share', 'PYTHONPATH': '/ros2_ws/build/driver/prefix_override:/usr/lib/python3/dist-packages/colcon_core/task/python/colcon_distutils_commands:/ros2_ws/install/driver/lib/python3.10/site-packages:/ros2_ws/install/msgs_srvs/local/lib/python3.10/dist-packages:/ros2_ws/build/driver:/ros2_ws/install/driver/lib/python3.10/site-packages:/opt/ros/humble/lib/python3.10/site-packages:/opt/ros/humble/local/lib/python3.10/dist-packages', 'COLCON': '1', 'VTE_VERSION': '6800', 'CMAKE_PREFIX_PATH': '/ros2_ws/install/oradar_lidar:/ros2_ws/install/msgs_srvs'}, 'shell': False}
[1.417033] (-) TimerEvent: {}
[1.517739] (-) TimerEvent: {}
[1.618190] (-) TimerEvent: {}
[1.718661] (-) TimerEvent: {}
[1.724692] (msgs_srvs) StdoutLine: {'line': b'-- Found ament_cmake_ros: 0.10.0 (/opt/ros/humble/share/ament_cmake_ros/cmake)\n'}
[1.785704] (driver) StdoutLine: {'line': b'running develop\n'}
[1.818776] (-) TimerEvent: {}
[1.919205] (-) TimerEvent: {}
[2.019756] (-) TimerEvent: {}
[2.021282] (driver) StdoutLine: {'line': b'running egg_info\n'}
[2.021658] (driver) StdoutLine: {'line': b'writing driver.egg-info/PKG-INFO\n'}
[2.021969] (driver) StdoutLine: {'line': b'writing dependency_links to driver.egg-info/dependency_links.txt\n'}
[2.028231] (driver) StdoutLine: {'line': b'writing entry points to driver.egg-info/entry_points.txt\n'}
[2.028953] (driver) StdoutLine: {'line': b'writing requirements to driver.egg-info/requires.txt\n'}
[2.030429] (driver) StdoutLine: {'line': b'writing top-level names to driver.egg-info/top_level.txt\n'}
[2.035803] (driver) StdoutLine: {'line': b"reading manifest file 'driver.egg-info/SOURCES.txt'\n"}
[2.039019] (driver) StdoutLine: {'line': b"writing manifest file 'driver.egg-info/SOURCES.txt'\n"}
[2.039641] (driver) StdoutLine: {'line': b'running build_ext\n'}
[2.040045] (driver) StdoutLine: {'line': b'Creating /ros2_ws/install/driver/lib/python3.10/site-packages/driver.egg-link (link to .)\n'}
[2.041590] (driver) StdoutLine: {'line': b'Installing control_manager script to /ros2_ws/install/driver/lib/driver\n'}
[2.041865] (driver) StdoutLine: {'line': b'Installing controller script to /ros2_ws/install/driver/lib/driver\n'}
[2.042341] (driver) StdoutLine: {'line': b'\n'}
[2.042543] (driver) StdoutLine: {'line': b'Installed /ros2_ws/build/driver\n'}
[2.042620] (driver) StdoutLine: {'line': b'running symlink_data\n'}
[2.119984] (-) TimerEvent: {}
[2.152261] (driver) CommandEnded: {'returncode': 0}
[2.177640] (driver) JobEnded: {'identifier': 'driver', 'rc': 0}
[2.220109] (-) TimerEvent: {}
[2.322171] (-) TimerEvent: {}
[2.422725] (-) TimerEvent: {}
[2.485416] (msgs_srvs) StdoutLine: {'line': b'-- Using all available rosidl_typesupport_c: rosidl_typesupport_fastrtps_c;rosidl_typesupport_introspection_c\n'}
[2.522859] (-) TimerEvent: {}
[2.623285] (-) TimerEvent: {}
[2.723698] (-) TimerEvent: {}
[2.735900] (msgs_srvs) StdoutLine: {'line': b'-- Using all available rosidl_typesupport_cpp: rosidl_typesupport_fastrtps_cpp;rosidl_typesupport_introspection_cpp\n'}
[2.789335] (msgs_srvs) StdoutLine: {'line': b'-- Found python_cmake_module: 0.10.0 (/opt/ros/humble/share/python_cmake_module/cmake)\n'}
[2.823835] (-) TimerEvent: {}
[2.824954] (msgs_srvs) StdoutLine: {'line': b'-- Using PYTHON_EXECUTABLE: /usr/bin/python3\n'}
[2.825201] (msgs_srvs) StdoutLine: {'line': b'-- Using PYTHON_INCLUDE_DIRS: /usr/include/python3.10\n'}
[2.825289] (msgs_srvs) StdoutLine: {'line': b'-- Using PYTHON_LIBRARIES: /usr/lib/aarch64-linux-gnu/libpython3.10.so\n'}
[2.882940] (msgs_srvs) StdoutLine: {'line': b'-- Found ament_lint_auto: 0.12.11 (/opt/ros/humble/share/ament_lint_auto/cmake)\n'}
[2.903319] (msgs_srvs) StdoutLine: {'line': b"-- Added test 'lint_cmake' to check CMake code style\n"}
[2.905496] (msgs_srvs) StdoutLine: {'line': b"-- Added test 'xmllint' to check XML markup files\n"}
[2.909713] (msgs_srvs) StdoutLine: {'line': b'-- Configuring done\n'}
[2.923923] (-) TimerEvent: {}
[3.024238] (-) TimerEvent: {}
[3.027573] (msgs_srvs) StdoutLine: {'line': b'-- Generating done\n'}
[3.079043] (msgs_srvs) StdoutLine: {'line': b'-- Build files have been written to: /ros2_ws/build/msgs_srvs\n'}
[3.124532] (-) TimerEvent: {}
[3.145999] (msgs_srvs) StdoutLine: {'line': b'[  1%] \x1b[34m\x1b[1mGenerating C code for ROS interfaces\x1b[0m\n'}
[3.164292] (msgs_srvs) StdoutLine: {'line': b'[  2%] \x1b[34m\x1b[1mGenerating C++ code for ROS interfaces\x1b[0m\n'}
[3.188036] (msgs_srvs) StdoutLine: {'line': b'[  2%] Built target ament_cmake_python_symlink_msgs_srvs\n'}
[3.224676] (-) TimerEvent: {}
[3.325426] (-) TimerEvent: {}
[3.426000] (-) TimerEvent: {}
[3.527069] (-) TimerEvent: {}
[3.627560] (-) TimerEvent: {}
[3.668618] (msgs_srvs) StdoutLine: {'line': b'running egg_info\n'}
[3.670664] (msgs_srvs) StdoutLine: {'line': b'writing msgs_srvs.egg-info/PKG-INFO\n'}
[3.670902] (msgs_srvs) StdoutLine: {'line': b'writing dependency_links to msgs_srvs.egg-info/dependency_links.txt\n'}
[3.672407] (msgs_srvs) StdoutLine: {'line': b'writing top-level names to msgs_srvs.egg-info/top_level.txt\n'}
[3.679391] (msgs_srvs) StdoutLine: {'line': b"reading manifest file 'msgs_srvs.egg-info/SOURCES.txt'\n"}
[3.679694] (msgs_srvs) StdoutLine: {'line': b"writing manifest file 'msgs_srvs.egg-info/SOURCES.txt'\n"}
[3.727728] (-) TimerEvent: {}
[3.794823] (msgs_srvs) StdoutLine: {'line': b'[  2%] Built target ament_cmake_python_build_msgs_srvs_egg\n'}
[3.827846] (-) TimerEvent: {}
[3.928219] (-) TimerEvent: {}
[4.028568] (-) TimerEvent: {}
[4.128910] (-) TimerEvent: {}
[4.229428] (-) TimerEvent: {}
[4.331184] (-) TimerEvent: {}
[4.431702] (-) TimerEvent: {}
[4.532288] (-) TimerEvent: {}
[4.635701] (-) TimerEvent: {}
[4.736336] (-) TimerEvent: {}
[4.836853] (-) TimerEvent: {}
[4.845084] (msgs_srvs) StdoutLine: {'line': b'\x1b[35m\x1b[1mConsolidate compiler generated dependencies of target msgs_srvs__rosidl_generator_c\x1b[0m\n'}
[4.857149] (msgs_srvs) StdoutLine: {'line': b'[  2%] Built target msgs_srvs__cpp\n'}
[4.876233] (msgs_srvs) StdoutLine: {'line': b'[  3%] \x1b[32mBuilding C object CMakeFiles/msgs_srvs__rosidl_generator_c.dir/rosidl_generator_c/msgs_srvs/msg/detail/led_state__functions.c.o\x1b[0m\n'}
[4.878733] (msgs_srvs) StdoutLine: {'line': b'[  4%] \x1b[32mBuilding C object CMakeFiles/msgs_srvs__rosidl_generator_c.dir/rosidl_generator_c/msgs_srvs/msg/detail/button_state__functions.c.o\x1b[0m\n'}
[4.885280] (msgs_srvs) StdoutLine: {'line': b'[  5%] \x1b[32mBuilding C object CMakeFiles/msgs_srvs__rosidl_generator_c.dir/rosidl_generator_c/msgs_srvs/msg/detail/buzzer_state__functions.c.o\x1b[0m\n'}
[4.898115] (msgs_srvs) StdoutLine: {'line': b'[  6%] \x1b[34m\x1b[1mGenerating C++ type support dispatch for ROS interfaces\x1b[0m\n'}
[4.937969] (-) TimerEvent: {}
[5.006317] (msgs_srvs) StdoutLine: {'line': b'[  7%] \x1b[32mBuilding C object CMakeFiles/msgs_srvs__rosidl_generator_c.dir/rosidl_generator_c/msgs_srvs/msg/detail/motors_state__functions.c.o\x1b[0m\n'}
[5.024958] (msgs_srvs) StdoutLine: {'line': b'[  8%] \x1b[32mBuilding C object CMakeFiles/msgs_srvs__rosidl_generator_c.dir/rosidl_generator_c/msgs_srvs/msg/detail/motor_state__functions.c.o\x1b[0m\n'}
[5.039202] (-) TimerEvent: {}
[5.092960] (msgs_srvs) StdoutLine: {'line': b'[  9%] \x1b[32mBuilding C object CMakeFiles/msgs_srvs__rosidl_generator_c.dir/rosidl_generator_c/msgs_srvs/msg/detail/pwm_servo_state__functions.c.o\x1b[0m\n'}
[5.141759] (-) TimerEvent: {}
[5.186250] (msgs_srvs) StdoutLine: {'line': b'[ 10%] \x1b[32mBuilding C object CMakeFiles/msgs_srvs__rosidl_generator_c.dir/rosidl_generator_c/msgs_srvs/msg/detail/pwm_servo_state_duration__functions.c.o\x1b[0m\n'}
[5.187073] (msgs_srvs) StdoutLine: {'line': b'[ 11%] \x1b[34m\x1b[1mGenerating C++ type support for eProsima Fast-RTPS\x1b[0m\n'}
[5.241902] (-) TimerEvent: {}
[5.268302] (msgs_srvs) StdoutLine: {'line': b'[ 12%] \x1b[32mBuilding C object CMakeFiles/msgs_srvs__rosidl_generator_c.dir/rosidl_generator_c/msgs_srvs/msg/detail/sbus__functions.c.o\x1b[0m\n'}
[5.343040] (-) TimerEvent: {}
[5.351097] (msgs_srvs) StdoutLine: {'line': b'[ 13%] \x1b[32mBuilding C object CMakeFiles/msgs_srvs__rosidl_generator_c.dir/rosidl_generator_c/msgs_srvs/srv/detail/pwm_servo_state__functions.c.o\x1b[0m\n'}
[5.445142] (-) TimerEvent: {}
[5.471289] (msgs_srvs) StdoutLine: {'line': b'[ 14%] \x1b[34m\x1b[1mGenerating C++ introspection for ROS interfaces\x1b[0m\n'}
[5.521258] (msgs_srvs) StdoutLine: {'line': b'[ 15%] \x1b[32m\x1b[1mLinking C shared library libmsgs_srvs__rosidl_generator_c.so\x1b[0m\n'}
[5.545983] (-) TimerEvent: {}
[5.646598] (-) TimerEvent: {}
[5.706328] (msgs_srvs) StdoutLine: {'line': b'[ 15%] Built target msgs_srvs__rosidl_generator_c\n'}
[5.748987] (-) TimerEvent: {}
[5.752039] (msgs_srvs) StdoutLine: {'line': b'[ 16%] \x1b[34m\x1b[1mGenerating C type support for eProsima Fast-RTPS\x1b[0m\n'}
[5.849106] (-) TimerEvent: {}
[5.949528] (-) TimerEvent: {}
[6.001807] (msgs_srvs) StdoutLine: {'line': b'\x1b[35m\x1b[1mConsolidate compiler generated dependencies of target msgs_srvs__rosidl_typesupport_cpp\x1b[0m\n'}
[6.028952] (msgs_srvs) StdoutLine: {'line': b'[ 17%] \x1b[32mBuilding CXX object CMakeFiles/msgs_srvs__rosidl_typesupport_cpp.dir/rosidl_typesupport_cpp/msgs_srvs/msg/button_state__type_support.cpp.o\x1b[0m\n'}
[6.052407] (-) TimerEvent: {}
[6.157728] (-) TimerEvent: {}
[6.260984] (-) TimerEvent: {}
[6.361408] (-) TimerEvent: {}
[6.461957] (-) TimerEvent: {}
[6.562927] (-) TimerEvent: {}
[6.663712] (-) TimerEvent: {}
[6.709276] (msgs_srvs) StdoutLine: {'line': b'[ 18%] \x1b[32mBuilding CXX object CMakeFiles/msgs_srvs__rosidl_typesupport_cpp.dir/rosidl_typesupport_cpp/msgs_srvs/msg/buzzer_state__type_support.cpp.o\x1b[0m\n'}
[6.765976] (-) TimerEvent: {}
[6.866400] (-) TimerEvent: {}
[6.896331] (msgs_srvs) StdoutLine: {'line': b'\x1b[35m\x1b[1mConsolidate compiler generated dependencies of target msgs_srvs__rosidl_typesupport_fastrtps_cpp\x1b[0m\n'}
[6.942916] (msgs_srvs) StdoutLine: {'line': b'[ 20%] \x1b[32mBuilding CXX object CMakeFiles/msgs_srvs__rosidl_typesupport_fastrtps_cpp.dir/rosidl_typesupport_fastrtps_cpp/msgs_srvs/msg/detail/dds_fastrtps/button_state__type_support.cpp.o\x1b[0m\n'}
[6.966984] (-) TimerEvent: {}
[7.068609] (-) TimerEvent: {}
[7.171380] (-) TimerEvent: {}
[7.227041] (msgs_srvs) StdoutLine: {'line': b'\x1b[35m\x1b[1mConsolidate compiler generated dependencies of target msgs_srvs__rosidl_typesupport_introspection_cpp\x1b[0m\n'}
[7.273990] (-) TimerEvent: {}
[7.280505] (msgs_srvs) StdoutLine: {'line': b'[ 21%] \x1b[32mBuilding CXX object CMakeFiles/msgs_srvs__rosidl_typesupport_introspection_cpp.dir/rosidl_typesupport_introspection_cpp/msgs_srvs/msg/detail/button_state__type_support.cpp.o\x1b[0m\n'}
[7.375126] (-) TimerEvent: {}
[7.430534] (msgs_srvs) StdoutLine: {'line': b'[ 22%] \x1b[32mBuilding CXX object CMakeFiles/msgs_srvs__rosidl_typesupport_cpp.dir/rosidl_typesupport_cpp/msgs_srvs/msg/led_state__type_support.cpp.o\x1b[0m\n'}
[7.475430] (-) TimerEvent: {}
[7.583225] (-) TimerEvent: {}
[7.686993] (-) TimerEvent: {}
[7.787090] (msgs_srvs) StdoutLine: {'line': b'\x1b[35m\x1b[1mConsolidate compiler generated dependencies of target msgs_srvs__rosidl_typesupport_fastrtps_c\x1b[0m\n'}
[7.787409] (-) TimerEvent: {}
[7.823205] (msgs_srvs) StdoutLine: {'line': b'[ 23%] \x1b[32mBuilding CXX object CMakeFiles/msgs_srvs__rosidl_typesupport_fastrtps_c.dir/rosidl_typesupport_fastrtps_c/msgs_srvs/msg/detail/button_state__type_support_c.cpp.o\x1b[0m\n'}
[7.887605] (-) TimerEvent: {}
[7.988526] (-) TimerEvent: {}
[8.089998] (-) TimerEvent: {}
[8.189997] (msgs_srvs) StdoutLine: {'line': b'[ 24%] \x1b[32mBuilding CXX object CMakeFiles/msgs_srvs__rosidl_typesupport_fastrtps_cpp.dir/rosidl_typesupport_fastrtps_cpp/msgs_srvs/msg/detail/dds_fastrtps/buzzer_state__type_support.cpp.o\x1b[0m\n'}
[8.190366] (-) TimerEvent: {}
[8.241046] (msgs_srvs) StdoutLine: {'line': b'[ 25%] \x1b[32mBuilding CXX object CMakeFiles/msgs_srvs__rosidl_typesupport_introspection_cpp.dir/rosidl_typesupport_introspection_cpp/msgs_srvs/msg/detail/buzzer_state__type_support.cpp.o\x1b[0m\n'}
[8.290556] (-) TimerEvent: {}
[8.298047] (msgs_srvs) StdoutLine: {'line': b'[ 26%] \x1b[32mBuilding CXX object CMakeFiles/msgs_srvs__rosidl_typesupport_cpp.dir/rosidl_typesupport_cpp/msgs_srvs/msg/motors_state__type_support.cpp.o\x1b[0m\n'}
[8.390694] (-) TimerEvent: {}
[8.492376] (-) TimerEvent: {}
[8.596013] (-) TimerEvent: {}
[8.696684] (-) TimerEvent: {}
[8.793512] (msgs_srvs) StdoutLine: {'line': b'[ 27%] \x1b[32mBuilding CXX object CMakeFiles/msgs_srvs__rosidl_typesupport_fastrtps_c.dir/rosidl_typesupport_fastrtps_c/msgs_srvs/msg/detail/buzzer_state__type_support_c.cpp.o\x1b[0m\n'}
[8.797916] (-) TimerEvent: {}
[8.899039] (-) TimerEvent: {}
[9.003985] (-) TimerEvent: {}
[9.104528] (-) TimerEvent: {}
[9.106544] (msgs_srvs) StdoutLine: {'line': b'[ 28%] \x1b[32mBuilding CXX object CMakeFiles/msgs_srvs__rosidl_typesupport_cpp.dir/rosidl_typesupport_cpp/msgs_srvs/msg/motor_state__type_support.cpp.o\x1b[0m\n'}
[9.205125] (-) TimerEvent: {}
[9.308554] (-) TimerEvent: {}
[9.409191] (-) TimerEvent: {}
[9.478252] (msgs_srvs) StdoutLine: {'line': b'[ 29%] \x1b[32mBuilding CXX object CMakeFiles/msgs_srvs__rosidl_typesupport_fastrtps_cpp.dir/rosidl_typesupport_fastrtps_cpp/msgs_srvs/msg/detail/dds_fastrtps/led_state__type_support.cpp.o\x1b[0m\n'}
[9.513151] (-) TimerEvent: {}
[9.612423] (msgs_srvs) StdoutLine: {'line': b'[ 30%] \x1b[32mBuilding CXX object CMakeFiles/msgs_srvs__rosidl_typesupport_fastrtps_c.dir/rosidl_typesupport_fastrtps_c/msgs_srvs/msg/detail/led_state__type_support_c.cpp.o\x1b[0m\n'}
[9.613250] (-) TimerEvent: {}
[9.617305] (msgs_srvs) StdoutLine: {'line': b'[ 31%] \x1b[32mBuilding CXX object CMakeFiles/msgs_srvs__rosidl_typesupport_introspection_cpp.dir/rosidl_typesupport_introspection_cpp/msgs_srvs/msg/detail/led_state__type_support.cpp.o\x1b[0m\n'}
[9.715980] (-) TimerEvent: {}
[9.817244] (-) TimerEvent: {}
[9.824981] (msgs_srvs) StdoutLine: {'line': b'[ 32%] \x1b[32mBuilding CXX object CMakeFiles/msgs_srvs__rosidl_typesupport_cpp.dir/rosidl_typesupport_cpp/msgs_srvs/msg/pwm_servo_state__type_support.cpp.o\x1b[0m\n'}
[9.919031] (-) TimerEvent: {}
[10.019665] (-) TimerEvent: {}
[10.121819] (-) TimerEvent: {}
[10.226939] (-) TimerEvent: {}
[10.327487] (-) TimerEvent: {}
[10.428003] (-) TimerEvent: {}
[10.534881] (-) TimerEvent: {}
[10.559974] (msgs_srvs) StdoutLine: {'line': b'[ 33%] \x1b[32mBuilding CXX object CMakeFiles/msgs_srvs__rosidl_typesupport_cpp.dir/rosidl_typesupport_cpp/msgs_srvs/msg/pwm_servo_state_duration__type_support.cpp.o\x1b[0m\n'}
[10.607138] (msgs_srvs) StdoutLine: {'line': b'[ 34%] \x1b[32mBuilding CXX object CMakeFiles/msgs_srvs__rosidl_typesupport_fastrtps_c.dir/rosidl_typesupport_fastrtps_c/msgs_srvs/msg/detail/motors_state__type_support_c.cpp.o\x1b[0m\n'}
[10.607470] (msgs_srvs) StdoutLine: {'line': b'[ 35%] \x1b[32mBuilding CXX object CMakeFiles/msgs_srvs__rosidl_typesupport_introspection_cpp.dir/rosidl_typesupport_introspection_cpp/msgs_srvs/msg/detail/motors_state__type_support.cpp.o\x1b[0m\n'}
[10.635278] (-) TimerEvent: {}
[10.738173] (-) TimerEvent: {}
[10.781301] (msgs_srvs) StdoutLine: {'line': b'[ 36%] \x1b[32mBuilding CXX object CMakeFiles/msgs_srvs__rosidl_typesupport_fastrtps_cpp.dir/rosidl_typesupport_fastrtps_cpp/msgs_srvs/msg/detail/dds_fastrtps/motors_state__type_support.cpp.o\x1b[0m\n'}
[10.838334] (-) TimerEvent: {}
[10.941167] (-) TimerEvent: {}
[11.041685] (-) TimerEvent: {}
[11.142300] (-) TimerEvent: {}
[11.247614] (-) TimerEvent: {}
[11.337737] (msgs_srvs) StdoutLine: {'line': b'[ 37%] \x1b[32mBuilding CXX object CMakeFiles/msgs_srvs__rosidl_typesupport_cpp.dir/rosidl_typesupport_cpp/msgs_srvs/msg/sbus__type_support.cpp.o\x1b[0m\n'}
[11.347003] (-) TimerEvent: {}
[11.447986] (-) TimerEvent: {}
[11.515577] (msgs_srvs) StdoutLine: {'line': b'[ 38%] \x1b[32mBuilding CXX object CMakeFiles/msgs_srvs__rosidl_typesupport_fastrtps_c.dir/rosidl_typesupport_fastrtps_c/msgs_srvs/msg/detail/motor_state__type_support_c.cpp.o\x1b[0m\n'}
[11.549143] (-) TimerEvent: {}
[11.651195] (-) TimerEvent: {}
[11.751864] (-) TimerEvent: {}
[11.845385] (msgs_srvs) StdoutLine: {'line': b'[ 40%] \x1b[32mBuilding CXX object CMakeFiles/msgs_srvs__rosidl_typesupport_introspection_cpp.dir/rosidl_typesupport_introspection_cpp/msgs_srvs/msg/detail/motor_state__type_support.cpp.o\x1b[0m\n'}
[11.851987] (-) TimerEvent: {}
[11.954206] (-) TimerEvent: {}
[12.058423] (-) TimerEvent: {}
[12.156199] (msgs_srvs) StdoutLine: {'line': b'[ 41%] \x1b[32mBuilding CXX object CMakeFiles/msgs_srvs__rosidl_typesupport_fastrtps_cpp.dir/rosidl_typesupport_fastrtps_cpp/msgs_srvs/msg/detail/dds_fastrtps/motor_state__type_support.cpp.o\x1b[0m\n'}
[12.158551] (-) TimerEvent: {}
[12.233645] (msgs_srvs) StdoutLine: {'line': b'[ 42%] \x1b[32mBuilding CXX object CMakeFiles/msgs_srvs__rosidl_typesupport_cpp.dir/rosidl_typesupport_cpp/msgs_srvs/srv/pwm_servo_state__type_support.cpp.o\x1b[0m\n'}
[12.258708] (-) TimerEvent: {}
[12.363858] (-) TimerEvent: {}
[12.464337] (-) TimerEvent: {}
[12.566988] (-) TimerEvent: {}
[12.581429] (msgs_srvs) StdoutLine: {'line': b'[ 43%] \x1b[32mBuilding CXX object CMakeFiles/msgs_srvs__rosidl_typesupport_fastrtps_c.dir/rosidl_typesupport_fastrtps_c/msgs_srvs/msg/detail/pwm_servo_state__type_support_c.cpp.o\x1b[0m\n'}
[12.667340] (-) TimerEvent: {}
[12.769983] (-) TimerEvent: {}
[12.870510] (-) TimerEvent: {}
[12.937339] (msgs_srvs) StdoutLine: {'line': b'[ 44%] \x1b[32mBuilding CXX object CMakeFiles/msgs_srvs__rosidl_typesupport_introspection_cpp.dir/rosidl_typesupport_introspection_cpp/msgs_srvs/msg/detail/pwm_servo_state__type_support.cpp.o\x1b[0m\n'}
[12.971298] (-) TimerEvent: {}
[13.076068] (-) TimerEvent: {}
[13.095089] (msgs_srvs) StdoutLine: {'line': b'[ 45%] \x1b[32m\x1b[1mLinking CXX shared library libmsgs_srvs__rosidl_typesupport_cpp.so\x1b[0m\n'}
[13.176238] (-) TimerEvent: {}
[13.258477] (msgs_srvs) StdoutLine: {'line': b'[ 45%] Built target msgs_srvs__rosidl_typesupport_cpp\n'}
[13.278027] (-) TimerEvent: {}
[13.309203] (msgs_srvs) StdoutLine: {'line': b'[ 46%] \x1b[34m\x1b[1mGenerating C introspection for ROS interfaces\x1b[0m\n'}
[13.350847] (msgs_srvs) StdoutLine: {'line': b'[ 47%] \x1b[32mBuilding CXX object CMakeFiles/msgs_srvs__rosidl_typesupport_fastrtps_cpp.dir/rosidl_typesupport_fastrtps_cpp/msgs_srvs/msg/detail/dds_fastrtps/pwm_servo_state__type_support.cpp.o\x1b[0m\n'}
[13.378154] (-) TimerEvent: {}
[13.472457] (msgs_srvs) StdoutLine: {'line': b'[ 48%] \x1b[32mBuilding CXX object CMakeFiles/msgs_srvs__rosidl_typesupport_fastrtps_c.dir/rosidl_typesupport_fastrtps_c/msgs_srvs/msg/detail/pwm_servo_state_duration__type_support_c.cpp.o\x1b[0m\n'}
[13.478303] (-) TimerEvent: {}
[13.581990] (-) TimerEvent: {}
[13.682476] (-) TimerEvent: {}
[13.783222] (-) TimerEvent: {}
[13.886048] (-) TimerEvent: {}
[13.988045] (-) TimerEvent: {}
[14.088858] (-) TimerEvent: {}
[14.098001] (msgs_srvs) StdoutLine: {'line': b'[ 49%] \x1b[32mBuilding CXX object CMakeFiles/msgs_srvs__rosidl_typesupport_introspection_cpp.dir/rosidl_typesupport_introspection_cpp/msgs_srvs/msg/detail/pwm_servo_state_duration__type_support.cpp.o\x1b[0m\n'}
[14.190233] (-) TimerEvent: {}
[14.291025] (-) TimerEvent: {}
[14.392504] (-) TimerEvent: {}
[14.429105] (msgs_srvs) StdoutLine: {'line': b'[ 50%] \x1b[32mBuilding CXX object CMakeFiles/msgs_srvs__rosidl_typesupport_fastrtps_cpp.dir/rosidl_typesupport_fastrtps_cpp/msgs_srvs/msg/detail/dds_fastrtps/pwm_servo_state_duration__type_support.cpp.o\x1b[0m\n'}
[14.493001] (-) TimerEvent: {}
[14.598116] (-) TimerEvent: {}
[14.641025] (msgs_srvs) StdoutLine: {'line': b'[ 51%] \x1b[32mBuilding CXX object CMakeFiles/msgs_srvs__rosidl_typesupport_fastrtps_c.dir/rosidl_typesupport_fastrtps_c/msgs_srvs/msg/detail/sbus__type_support_c.cpp.o\x1b[0m\n'}
[14.698255] (-) TimerEvent: {}
[14.799346] (-) TimerEvent: {}
[14.900635] (-) TimerEvent: {}
[15.004788] (-) TimerEvent: {}
[15.060734] (msgs_srvs) StdoutLine: {'line': b'\x1b[35m\x1b[1mConsolidate compiler generated dependencies of target msgs_srvs__rosidl_typesupport_introspection_c\x1b[0m\n'}
[15.096781] (msgs_srvs) StdoutLine: {'line': b'[ 52%] \x1b[32mBuilding C object CMakeFiles/msgs_srvs__rosidl_typesupport_introspection_c.dir/rosidl_typesupport_introspection_c/msgs_srvs/msg/detail/button_state__type_support.c.o\x1b[0m\n'}
[15.105721] (-) TimerEvent: {}
[15.211012] (-) TimerEvent: {}
[15.217009] (msgs_srvs) StdoutLine: {'line': b'[ 53%] \x1b[32mBuilding C object CMakeFiles/msgs_srvs__rosidl_typesupport_introspection_c.dir/rosidl_typesupport_introspection_c/msgs_srvs/msg/detail/buzzer_state__type_support.c.o\x1b[0m\n'}
[15.311203] (-) TimerEvent: {}
[15.363756] (msgs_srvs) StdoutLine: {'line': b'[ 54%] \x1b[32mBuilding C object CMakeFiles/msgs_srvs__rosidl_typesupport_introspection_c.dir/rosidl_typesupport_introspection_c/msgs_srvs/msg/detail/led_state__type_support.c.o\x1b[0m\n'}
[15.411304] (-) TimerEvent: {}
[15.511906] (-) TimerEvent: {}
[15.552594] (msgs_srvs) StdoutLine: {'line': b'[ 55%] \x1b[32mBuilding CXX object CMakeFiles/msgs_srvs__rosidl_typesupport_introspection_cpp.dir/rosidl_typesupport_introspection_cpp/msgs_srvs/msg/detail/sbus__type_support.cpp.o\x1b[0m\n'}
[15.555435] (msgs_srvs) StdoutLine: {'line': b'[ 56%] \x1b[32mBuilding C object CMakeFiles/msgs_srvs__rosidl_typesupport_introspection_c.dir/rosidl_typesupport_introspection_c/msgs_srvs/msg/detail/motors_state__type_support.c.o\x1b[0m\n'}
[15.612310] (-) TimerEvent: {}
[15.668396] (msgs_srvs) StdoutLine: {'line': b'[ 57%] \x1b[32mBuilding CXX object CMakeFiles/msgs_srvs__rosidl_typesupport_fastrtps_cpp.dir/rosidl_typesupport_fastrtps_cpp/msgs_srvs/msg/detail/dds_fastrtps/sbus__type_support.cpp.o\x1b[0m\n'}
[15.675348] (msgs_srvs) StdoutLine: {'line': b'[ 58%] \x1b[32mBuilding CXX object CMakeFiles/msgs_srvs__rosidl_typesupport_fastrtps_c.dir/rosidl_typesupport_fastrtps_c/msgs_srvs/srv/detail/pwm_servo_state__type_support_c.cpp.o\x1b[0m\n'}
[15.713986] (msgs_srvs) StdoutLine: {'line': b'[ 60%] \x1b[32mBuilding C object CMakeFiles/msgs_srvs__rosidl_typesupport_introspection_c.dir/rosidl_typesupport_introspection_c/msgs_srvs/msg/detail/motor_state__type_support.c.o\x1b[0m\n'}
[15.714559] (-) TimerEvent: {}
[15.815315] (-) TimerEvent: {}
[15.827647] (msgs_srvs) StdoutLine: {'line': b'[ 61%] \x1b[32mBuilding C object CMakeFiles/msgs_srvs__rosidl_typesupport_introspection_c.dir/rosidl_typesupport_introspection_c/msgs_srvs/msg/detail/pwm_servo_state__type_support.c.o\x1b[0m\n'}
[15.919101] (-) TimerEvent: {}
[15.974017] (msgs_srvs) StdoutLine: {'line': b'[ 62%] \x1b[32mBuilding C object CMakeFiles/msgs_srvs__rosidl_typesupport_introspection_c.dir/rosidl_typesupport_introspection_c/msgs_srvs/msg/detail/pwm_servo_state_duration__type_support.c.o\x1b[0m\n'}
[16.021985] (-) TimerEvent: {}
[16.096553] (msgs_srvs) StdoutLine: {'line': b'[ 63%] \x1b[32mBuilding C object CMakeFiles/msgs_srvs__rosidl_typesupport_introspection_c.dir/rosidl_typesupport_introspection_c/msgs_srvs/msg/detail/sbus__type_support.c.o\x1b[0m\n'}
[16.122137] (-) TimerEvent: {}
[16.223770] (-) TimerEvent: {}
[16.247503] (msgs_srvs) StdoutLine: {'line': b'[ 64%] \x1b[32mBuilding C object CMakeFiles/msgs_srvs__rosidl_typesupport_introspection_c.dir/rosidl_typesupport_introspection_c/msgs_srvs/srv/detail/pwm_servo_state__type_support.c.o\x1b[0m\n'}
[16.325626] (-) TimerEvent: {}
[16.428206] (-) TimerEvent: {}
[16.444079] (msgs_srvs) StdoutLine: {'line': b'[ 65%] \x1b[32m\x1b[1mLinking C shared library libmsgs_srvs__rosidl_typesupport_introspection_c.so\x1b[0m\n'}
[16.529149] (-) TimerEvent: {}
[16.593407] (msgs_srvs) StdoutLine: {'line': b'[ 65%] Built target msgs_srvs__rosidl_typesupport_introspection_c\n'}
[16.628613] (msgs_srvs) StdoutLine: {'line': b'[ 66%] \x1b[34m\x1b[1mGenerating C type support dispatch for ROS interfaces\x1b[0m\n'}
[16.631745] (-) TimerEvent: {}
[16.661070] (msgs_srvs) StdoutLine: {'line': b'[ 67%] \x1b[32mBuilding CXX object CMakeFiles/msgs_srvs__rosidl_typesupport_introspection_cpp.dir/rosidl_typesupport_introspection_cpp/msgs_srvs/srv/detail/pwm_servo_state__type_support.cpp.o\x1b[0m\n'}
[16.674441] (msgs_srvs) StdoutLine: {'line': b'[ 68%] \x1b[32m\x1b[1mLinking CXX shared library libmsgs_srvs__rosidl_typesupport_fastrtps_c.so\x1b[0m\n'}
[16.736501] (-) TimerEvent: {}
[16.839349] (-) TimerEvent: {}
[16.942200] (-) TimerEvent: {}
[16.991306] (msgs_srvs) StdoutLine: {'line': b'[ 68%] Built target msgs_srvs__rosidl_typesupport_fastrtps_c\n'}
[17.029582] (msgs_srvs) StdoutLine: {'line': b'[ 69%] \x1b[32mBuilding CXX object CMakeFiles/msgs_srvs__rosidl_typesupport_fastrtps_cpp.dir/rosidl_typesupport_fastrtps_cpp/msgs_srvs/srv/detail/dds_fastrtps/pwm_servo_state__type_support.cpp.o\x1b[0m\n'}
[17.042351] (-) TimerEvent: {}
[17.142906] (-) TimerEvent: {}
[17.243379] (-) TimerEvent: {}
[17.344348] (-) TimerEvent: {}
[17.445966] (-) TimerEvent: {}
[17.547418] (-) TimerEvent: {}
[17.648786] (-) TimerEvent: {}
[17.748552] (msgs_srvs) StdoutLine: {'line': b'[ 70%] \x1b[32m\x1b[1mLinking CXX shared library libmsgs_srvs__rosidl_typesupport_introspection_cpp.so\x1b[0m\n'}
[17.751799] (-) TimerEvent: {}
[17.791602] (msgs_srvs) StdoutLine: {'line': b'\x1b[35m\x1b[1mConsolidate compiler generated dependencies of target msgs_srvs__rosidl_typesupport_c\x1b[0m\n'}
[17.844550] (msgs_srvs) StdoutLine: {'line': b'[ 71%] \x1b[32mBuilding CXX object CMakeFiles/msgs_srvs__rosidl_typesupport_c.dir/rosidl_typesupport_c/msgs_srvs/msg/buzzer_state__type_support.cpp.o\x1b[0m\n'}
[17.849158] (-) TimerEvent: {}
[17.854008] (msgs_srvs) StdoutLine: {'line': b'[ 72%] \x1b[32mBuilding CXX object CMakeFiles/msgs_srvs__rosidl_typesupport_c.dir/rosidl_typesupport_c/msgs_srvs/msg/button_state__type_support.cpp.o\x1b[0m\n'}
[17.943110] (msgs_srvs) StdoutLine: {'line': b'[ 73%] \x1b[32mBuilding CXX object CMakeFiles/msgs_srvs__rosidl_typesupport_c.dir/rosidl_typesupport_c/msgs_srvs/msg/led_state__type_support.cpp.o\x1b[0m\n'}
[17.949650] (-) TimerEvent: {}
[17.994814] (msgs_srvs) StdoutLine: {'line': b'[ 74%] \x1b[32mBuilding CXX object CMakeFiles/msgs_srvs__rosidl_typesupport_c.dir/rosidl_typesupport_c/msgs_srvs/msg/motors_state__type_support.cpp.o\x1b[0m\n'}
[18.001436] (msgs_srvs) StdoutLine: {'line': b'[ 74%] Built target msgs_srvs__rosidl_typesupport_introspection_cpp\n'}
[18.031409] (msgs_srvs) StdoutLine: {'line': b'[ 75%] \x1b[32mBuilding CXX object CMakeFiles/msgs_srvs__rosidl_typesupport_c.dir/rosidl_typesupport_c/msgs_srvs/msg/motor_state__type_support.cpp.o\x1b[0m\n'}
[18.045118] (msgs_srvs) StdoutLine: {'line': b'[ 76%] \x1b[32mBuilding CXX object CMakeFiles/msgs_srvs__rosidl_typesupport_c.dir/rosidl_typesupport_c/msgs_srvs/msg/pwm_servo_state__type_support.cpp.o\x1b[0m\n'}
[18.050485] (-) TimerEvent: {}
[18.091357] (msgs_srvs) StdoutLine: {'line': b'[ 77%] \x1b[32mBuilding CXX object CMakeFiles/msgs_srvs__rosidl_typesupport_c.dir/rosidl_typesupport_c/msgs_srvs/msg/pwm_servo_state_duration__type_support.cpp.o\x1b[0m\n'}
[18.133776] (msgs_srvs) StdoutLine: {'line': b'[ 78%] \x1b[32mBuilding CXX object CMakeFiles/msgs_srvs__rosidl_typesupport_c.dir/rosidl_typesupport_c/msgs_srvs/msg/sbus__type_support.cpp.o\x1b[0m\n'}
[18.151582] (-) TimerEvent: {}
[18.153865] (msgs_srvs) StdoutLine: {'line': b'[ 80%] \x1b[32mBuilding CXX object CMakeFiles/msgs_srvs__rosidl_typesupport_c.dir/rosidl_typesupport_c/msgs_srvs/srv/pwm_servo_state__type_support.cpp.o\x1b[0m\n'}
[18.222487] (msgs_srvs) StdoutLine: {'line': b'[ 81%] \x1b[32m\x1b[1mLinking CXX shared library libmsgs_srvs__rosidl_typesupport_fastrtps_cpp.so\x1b[0m\n'}
[18.243741] (msgs_srvs) StdoutLine: {'line': b'[ 82%] \x1b[32m\x1b[1mLinking CXX shared library libmsgs_srvs__rosidl_typesupport_c.so\x1b[0m\n'}
[18.251818] (-) TimerEvent: {}
[18.352314] (-) TimerEvent: {}
[18.368792] (msgs_srvs) StdoutLine: {'line': b'[ 82%] Built target msgs_srvs__rosidl_typesupport_c\n'}
[18.418448] (msgs_srvs) StdoutLine: {'line': b'[ 82%] Built target msgs_srvs__rosidl_typesupport_fastrtps_cpp\n'}
[18.452448] (-) TimerEvent: {}
[18.453595] (msgs_srvs) StdoutLine: {'line': b'[ 82%] Built target msgs_srvs\n'}
[18.498213] (msgs_srvs) StdoutLine: {'line': b'[ 83%] \x1b[34m\x1b[1mGenerating Python code for ROS interfaces\x1b[0m\n'}
[18.552628] (-) TimerEvent: {}
[18.653161] (-) TimerEvent: {}
[18.753538] (-) TimerEvent: {}
[18.853893] (-) TimerEvent: {}
[18.954268] (-) TimerEvent: {}
[19.054630] (-) TimerEvent: {}
[19.154962] (-) TimerEvent: {}
[19.255310] (-) TimerEvent: {}
[19.355647] (-) TimerEvent: {}
[19.456026] (-) TimerEvent: {}
[19.556385] (-) TimerEvent: {}
[19.656734] (-) TimerEvent: {}
[19.757115] (-) TimerEvent: {}
[19.857454] (-) TimerEvent: {}
[19.959914] (-) TimerEvent: {}
[20.060491] (-) TimerEvent: {}
[20.088455] (msgs_srvs) StdoutLine: {'line': b'[ 83%] Built target msgs_srvs__py\n'}
[20.120951] (msgs_srvs) StdoutLine: {'line': b'\x1b[35m\x1b[1mConsolidate compiler generated dependencies of target msgs_srvs__rosidl_generator_py\x1b[0m\n'}
[20.154713] (msgs_srvs) StdoutLine: {'line': b'[ 85%] \x1b[32mBuilding C object CMakeFiles/msgs_srvs__rosidl_generator_py.dir/rosidl_generator_py/msgs_srvs/msg/_button_state_s.c.o\x1b[0m\n'}
[20.156485] (msgs_srvs) StdoutLine: {'line': b'[ 85%] \x1b[32mBuilding C object CMakeFiles/msgs_srvs__rosidl_generator_py.dir/rosidl_generator_py/msgs_srvs/msg/_buzzer_state_s.c.o\x1b[0m\n'}
[20.160646] (-) TimerEvent: {}
[20.162392] (msgs_srvs) StdoutLine: {'line': b'[ 86%] \x1b[32mBuilding C object CMakeFiles/msgs_srvs__rosidl_generator_py.dir/rosidl_generator_py/msgs_srvs/msg/_led_state_s.c.o\x1b[0m\n'}
[20.162786] (msgs_srvs) StdoutLine: {'line': b'[ 87%] \x1b[32mBuilding C object CMakeFiles/msgs_srvs__rosidl_generator_py.dir/rosidl_generator_py/msgs_srvs/msg/_motors_state_s.c.o\x1b[0m\n'}
[20.262015] (-) TimerEvent: {}
[20.362525] (-) TimerEvent: {}
[20.393930] (msgs_srvs) StdoutLine: {'line': b'[ 88%] \x1b[32mBuilding C object CMakeFiles/msgs_srvs__rosidl_generator_py.dir/rosidl_generator_py/msgs_srvs/msg/_motor_state_s.c.o\x1b[0m\n'}
[20.401292] (msgs_srvs) StdoutLine: {'line': b'[ 89%] \x1b[32mBuilding C object CMakeFiles/msgs_srvs__rosidl_generator_py.dir/rosidl_generator_py/msgs_srvs/msg/_pwm_servo_state_s.c.o\x1b[0m\n'}
[20.462665] (-) TimerEvent: {}
[20.488042] (msgs_srvs) StdoutLine: {'line': b'[ 90%] \x1b[32mBuilding C object CMakeFiles/msgs_srvs__rosidl_generator_py.dir/rosidl_generator_py/msgs_srvs/msg/_pwm_servo_state_duration_s.c.o\x1b[0m\n'}
[20.500104] (msgs_srvs) StdoutLine: {'line': b'[ 91%] \x1b[32mBuilding C object CMakeFiles/msgs_srvs__rosidl_generator_py.dir/rosidl_generator_py/msgs_srvs/msg/_sbus_s.c.o\x1b[0m\n'}
[20.562829] (-) TimerEvent: {}
[20.663382] (-) TimerEvent: {}
[20.727414] (msgs_srvs) StdoutLine: {'line': b'[ 92%] \x1b[32mBuilding C object CMakeFiles/msgs_srvs__rosidl_generator_py.dir/rosidl_generator_py/msgs_srvs/srv/_pwm_servo_state_s.c.o\x1b[0m\n'}
[20.763494] (-) TimerEvent: {}
[20.863921] (-) TimerEvent: {}
[20.926769] (msgs_srvs) StdoutLine: {'line': b'[ 93%] \x1b[32m\x1b[1mLinking C shared library rosidl_generator_py/msgs_srvs/libmsgs_srvs__rosidl_generator_py.so\x1b[0m\n'}
[20.964094] (-) TimerEvent: {}
[21.031828] (msgs_srvs) StdoutLine: {'line': b'[ 93%] Built target msgs_srvs__rosidl_generator_py\n'}
[21.051854] (msgs_srvs) StdoutLine: {'line': b'\x1b[35m\x1b[1mConsolidate compiler generated dependencies of target msgs_srvs__rosidl_typesupport_c__pyext\x1b[0m\n'}
[21.052246] (msgs_srvs) StdoutLine: {'line': b'\x1b[35m\x1b[1mConsolidate compiler generated dependencies of target msgs_srvs__rosidl_typesupport_fastrtps_c__pyext\x1b[0m\n'}
[21.057208] (msgs_srvs) StdoutLine: {'line': b'\x1b[35m\x1b[1mConsolidate compiler generated dependencies of target msgs_srvs__rosidl_typesupport_introspection_c__pyext\x1b[0m\n'}
[21.064785] (-) TimerEvent: {}
[21.074940] (msgs_srvs) StdoutLine: {'line': b'[ 94%] \x1b[32mBuilding C object CMakeFiles/msgs_srvs__rosidl_typesupport_c__pyext.dir/rosidl_generator_py/msgs_srvs/_msgs_srvs_s.ep.rosidl_typesupport_c.c.o\x1b[0m\n'}
[21.081935] (msgs_srvs) StdoutLine: {'line': b'[ 95%] \x1b[32mBuilding C object CMakeFiles/msgs_srvs__rosidl_typesupport_introspection_c__pyext.dir/rosidl_generator_py/msgs_srvs/_msgs_srvs_s.ep.rosidl_typesupport_introspection_c.c.o\x1b[0m\n'}
[21.090656] (msgs_srvs) StdoutLine: {'line': b'[ 96%] \x1b[32mBuilding C object CMakeFiles/msgs_srvs__rosidl_typesupport_fastrtps_c__pyext.dir/rosidl_generator_py/msgs_srvs/_msgs_srvs_s.ep.rosidl_typesupport_fastrtps_c.c.o\x1b[0m\n'}
[21.164943] (-) TimerEvent: {}
[21.265698] (-) TimerEvent: {}
[21.359475] (msgs_srvs) StdoutLine: {'line': b'[ 97%] \x1b[32m\x1b[1mLinking C shared library rosidl_generator_py/msgs_srvs/msgs_srvs_s__rosidl_typesupport_c.cpython-310-aarch64-linux-gnu.so\x1b[0m\n'}
[21.365829] (-) TimerEvent: {}
[21.386081] (msgs_srvs) StdoutLine: {'line': b'[ 98%] \x1b[32m\x1b[1mLinking C shared library rosidl_generator_py/msgs_srvs/msgs_srvs_s__rosidl_typesupport_introspection_c.cpython-310-aarch64-linux-gnu.so\x1b[0m\n'}
[21.391220] (msgs_srvs) StdoutLine: {'line': b'[100%] \x1b[32m\x1b[1mLinking C shared library rosidl_generator_py/msgs_srvs/msgs_srvs_s__rosidl_typesupport_fastrtps_c.cpython-310-aarch64-linux-gnu.so\x1b[0m\n'}
[21.466067] (-) TimerEvent: {}
[21.496473] (msgs_srvs) StdoutLine: {'line': b'[100%] Built target msgs_srvs__rosidl_typesupport_c__pyext\n'}
[21.500801] (msgs_srvs) StdoutLine: {'line': b'[100%] Built target msgs_srvs__rosidl_typesupport_introspection_c__pyext\n'}
[21.533966] (msgs_srvs) StdoutLine: {'line': b'[100%] Built target msgs_srvs__rosidl_typesupport_fastrtps_c__pyext\n'}
[21.556804] (msgs_srvs) CommandEnded: {'returncode': 0}
[21.557750] (msgs_srvs) JobProgress: {'identifier': 'msgs_srvs', 'progress': 'install'}
[21.558122] (msgs_srvs) Command: {'cmd': ['/usr/bin/cmake', '--install', '/ros2_ws/build/msgs_srvs'], 'cwd': '/ros2_ws/build/msgs_srvs', 'env': OrderedDict([('VNCDESKTOP', 'TurboVNC: tarzan-desktop:1 ()'), ('LESSOPEN', '| /usr/bin/lesspipe %s'), ('HOSTNAME', 'tarzan-desktop'), ('SSH_AGENT_PID', '183'), ('SHLVL', '2'), ('LD_LIBRARY_PATH', '/ros2_ws/install/msgs_srvs/lib:/opt/ros/humble/opt/rviz_ogre_vendor/lib:/opt/ros/humble/lib/aarch64-linux-gnu:/opt/ros/humble/lib'), ('HOME', '/root'), ('DESKTOP_SESSION', 'xfce'), ('PANEL_GDK_CORE_DEVICE_EVENTS', '0'), ('ROS_PYTHON_VERSION', '3'), ('DBUS_SESSION_BUS_ADDRESS', 'unix:abstract=/tmp/dbus-wO67F6SAYB,guid=fd8027fa05f1ceab7ac91ac467ba2ea2'), ('COLORTERM', 'truecolor'), ('COLCON_PREFIX_PATH', '/ros2_ws/install'), ('ROS_DISTRO', 'humble'), ('VGL_PROBEGLX', '0'), ('WINDOWID', '41943043'), ('FONT_ENCODINGS_DIRECTORY', '/usr/share/fonts/X11/encodings'), ('_', '/usr/bin/colcon'), ('ROS_VERSION', '2'), ('TERM', 'xterm-256color'), ('ROS_LOCALHOST_ONLY', '0'), ('PATH', '/ros2_ws/install/oradar_lidar/bin:/opt/ros/humble/bin:/usr/local/sbin:/usr/local/bin:/usr/sbin:/usr/bin:/sbin:/bin'), ('SESSION_MANAGER', 'local/tarzan-desktop:@/tmp/.ICE-unix/133,unix/tarzan-desktop:/tmp/.ICE-unix/133'), ('XDG_MENU_PREFIX', 'xfce-'), ('VGL_COMPRESS', '0'), ('DISPLAY', ':1.0'), ('LANG', 'en_US.UTF-8'), ('XDG_CURRENT_DESKTOP', 'XFCE'), ('LS_COLORS', 'rs=0:di=01;34:ln=01;36:mh=00:pi=40;33:so=01;35:do=01;35:bd=40;33;01:cd=40;33;01:or=40;31;01:mi=00:su=37;41:sg=30;43:ca=30;41:tw=30;42:ow=34;42:st=37;44:ex=01;32:*.tar=01;31:*.tgz=01;31:*.arc=01;31:*.arj=01;31:*.taz=01;31:*.lha=01;31:*.lz4=01;31:*.lzh=01;31:*.lzma=01;31:*.tlz=01;31:*.txz=01;31:*.tzo=01;31:*.t7z=01;31:*.zip=01;31:*.z=01;31:*.dz=01;31:*.gz=01;31:*.lrz=01;31:*.lz=01;31:*.lzo=01;31:*.xz=01;31:*.zst=01;31:*.tzst=01;31:*.bz2=01;31:*.bz=01;31:*.tbz=01;31:*.tbz2=01;31:*.tz=01;31:*.deb=01;31:*.rpm=01;31:*.jar=01;31:*.war=01;31:*.ear=01;31:*.sar=01;31:*.rar=01;31:*.alz=01;31:*.ace=01;31:*.zoo=01;31:*.cpio=01;31:*.7z=01;31:*.rz=01;31:*.cab=01;31:*.wim=01;31:*.swm=01;31:*.dwm=01;31:*.esd=01;31:*.jpg=01;35:*.jpeg=01;35:*.mjpg=01;35:*.mjpeg=01;35:*.gif=01;35:*.bmp=01;35:*.pbm=01;35:*.pgm=01;35:*.ppm=01;35:*.tga=01;35:*.xbm=01;35:*.xpm=01;35:*.tif=01;35:*.tiff=01;35:*.png=01;35:*.svg=01;35:*.svgz=01;35:*.mng=01;35:*.pcx=01;35:*.mov=01;35:*.mpg=01;35:*.mpeg=01;35:*.m2v=01;35:*.mkv=01;35:*.webm=01;35:*.webp=01;35:*.ogm=01;35:*.mp4=01;35:*.m4v=01;35:*.mp4v=01;35:*.vob=01;35:*.qt=01;35:*.nuv=01;35:*.wmv=01;35:*.asf=01;35:*.rm=01;35:*.rmvb=01;35:*.flc=01;35:*.avi=01;35:*.fli=01;35:*.flv=01;35:*.gl=01;35:*.dl=01;35:*.xcf=01;35:*.xwd=01;35:*.yuv=01;35:*.cgm=01;35:*.emf=01;35:*.ogv=01;35:*.ogx=01;35:*.aac=00;36:*.au=00;36:*.flac=00;36:*.m4a=00;36:*.mid=00;36:*.midi=00;36:*.mka=00;36:*.mp3=00;36:*.mpc=00;36:*.ogg=00;36:*.ra=00;36:*.wav=00;36:*.oga=00;36:*.opus=00;36:*.spx=00;36:*.xspf=00;36:'), ('SSH_AUTH_SOCK', '/ssh-agent'), ('AMENT_PREFIX_PATH', '/ros2_ws/install/oradar_lidar:/ros2_ws/install/msgs_srvs:/ros2_ws/install/driver:/opt/ros/humble'), ('DEBIAN_FRONTEND', 'noninteractive'), ('LESSCLOSE', '/usr/bin/lesspipe %s %s'), ('PWD', '/ros2_ws/build/msgs_srvs'), ('XDG_CONFIG_DIRS', '/etc/xdg'), ('XDG_DATA_DIRS', '/usr/local/share:/usr/share'), ('PYTHONPATH', '/ros2_ws/install/msgs_srvs/local/lib/python3.10/dist-packages:/ros2_ws/build/driver:/ros2_ws/install/driver/lib/python3.10/site-packages:/opt/ros/humble/lib/python3.10/site-packages:/opt/ros/humble/local/lib/python3.10/dist-packages'), ('COLCON', '1'), ('VTE_VERSION', '6800'), ('CMAKE_PREFIX_PATH', '/ros2_ws/install/oradar_lidar:/ros2_ws/install/msgs_srvs:/ros2_ws/install/driver:/opt/ros/humble')]), 'shell': False}
[21.566159] (-) TimerEvent: {}
[21.572715] (msgs_srvs) StdoutLine: {'line': b'-- Install configuration: ""\n'}
[21.573546] (msgs_srvs) StdoutLine: {'line': b'-- Execute custom install script\n'}
[21.573833] (msgs_srvs) StdoutLine: {'line': b'-- Up-to-date symlink: /ros2_ws/install/msgs_srvs/share/ament_index/resource_index/rosidl_interfaces/msgs_srvs\n'}
[21.574782] (msgs_srvs) StdoutLine: {'line': b'-- Up-to-date symlink: /ros2_ws/install/msgs_srvs/include/msgs_srvs/msgs_srvs/msg/button_state.h\n'}
[21.574943] (msgs_srvs) StdoutLine: {'line': b'-- Up-to-date symlink: /ros2_ws/install/msgs_srvs/include/msgs_srvs/msgs_srvs/msg/buzzer_state.h\n'}
[21.575056] (msgs_srvs) StdoutLine: {'line': b'-- Up-to-date symlink: /ros2_ws/install/msgs_srvs/include/msgs_srvs/msgs_srvs/msg/detail/button_state__functions.h\n'}
[21.575205] (msgs_srvs) StdoutLine: {'line': b'-- Up-to-date symlink: /ros2_ws/install/msgs_srvs/include/msgs_srvs/msgs_srvs/msg/detail/button_state__struct.h\n'}
[21.575328] (msgs_srvs) StdoutLine: {'line': b'-- Up-to-date symlink: /ros2_ws/install/msgs_srvs/include/msgs_srvs/msgs_srvs/msg/detail/button_state__type_support.h\n'}
[21.575473] (msgs_srvs) StdoutLine: {'line': b'-- Up-to-date symlink: /ros2_ws/install/msgs_srvs/include/msgs_srvs/msgs_srvs/msg/detail/buzzer_state__functions.h\n'}
[21.575577] (msgs_srvs) StdoutLine: {'line': b'-- Up-to-date symlink: /ros2_ws/install/msgs_srvs/include/msgs_srvs/msgs_srvs/msg/detail/buzzer_state__struct.h\n'}
[21.575699] (msgs_srvs) StdoutLine: {'line': b'-- Up-to-date symlink: /ros2_ws/install/msgs_srvs/include/msgs_srvs/msgs_srvs/msg/detail/buzzer_state__type_support.h\n'}
[21.575821] (msgs_srvs) StdoutLine: {'line': b'-- Up-to-date symlink: /ros2_ws/install/msgs_srvs/include/msgs_srvs/msgs_srvs/msg/detail/led_state__functions.h\n'}
[21.575946] (msgs_srvs) StdoutLine: {'line': b'-- Up-to-date symlink: /ros2_ws/install/msgs_srvs/include/msgs_srvs/msgs_srvs/msg/detail/led_state__struct.h\n'}
[21.576111] (msgs_srvs) StdoutLine: {'line': b'-- Up-to-date symlink: /ros2_ws/install/msgs_srvs/include/msgs_srvs/msgs_srvs/msg/detail/led_state__type_support.h\n'}
[21.576260] (msgs_srvs) StdoutLine: {'line': b'-- Up-to-date symlink: /ros2_ws/install/msgs_srvs/include/msgs_srvs/msgs_srvs/msg/detail/motor_state__functions.h\n'}
[21.576371] (msgs_srvs) StdoutLine: {'line': b'-- Up-to-date symlink: /ros2_ws/install/msgs_srvs/include/msgs_srvs/msgs_srvs/msg/detail/motor_state__struct.h\n'}
[21.576460] (msgs_srvs) StdoutLine: {'line': b'-- Up-to-date symlink: /ros2_ws/install/msgs_srvs/include/msgs_srvs/msgs_srvs/msg/detail/motor_state__type_support.h\n'}
[21.576571] (msgs_srvs) StdoutLine: {'line': b'-- Up-to-date symlink: /ros2_ws/install/msgs_srvs/include/msgs_srvs/msgs_srvs/msg/detail/motors_state__functions.h\n'}
[21.576706] (msgs_srvs) StdoutLine: {'line': b'-- Up-to-date symlink: /ros2_ws/install/msgs_srvs/include/msgs_srvs/msgs_srvs/msg/detail/motors_state__struct.h\n'}
[21.576835] (msgs_srvs) StdoutLine: {'line': b'-- Up-to-date symlink: /ros2_ws/install/msgs_srvs/include/msgs_srvs/msgs_srvs/msg/detail/motors_state__type_support.h\n'}
[21.576996] (msgs_srvs) StdoutLine: {'line': b'-- Up-to-date symlink: /ros2_ws/install/msgs_srvs/include/msgs_srvs/msgs_srvs/msg/detail/pwm_servo_state__functions.h\n'}
[21.577147] (msgs_srvs) StdoutLine: {'line': b'-- Up-to-date symlink: /ros2_ws/install/msgs_srvs/include/msgs_srvs/msgs_srvs/msg/detail/pwm_servo_state__struct.h\n'}
[21.577263] (msgs_srvs) StdoutLine: {'line': b'-- Up-to-date symlink: /ros2_ws/install/msgs_srvs/include/msgs_srvs/msgs_srvs/msg/detail/pwm_servo_state__type_support.h\n'}
[21.577395] (msgs_srvs) StdoutLine: {'line': b'-- Up-to-date symlink: /ros2_ws/install/msgs_srvs/include/msgs_srvs/msgs_srvs/msg/detail/pwm_servo_state_duration__functions.h\n'}
[21.577515] (msgs_srvs) StdoutLine: {'line': b'-- Up-to-date symlink: /ros2_ws/install/msgs_srvs/include/msgs_srvs/msgs_srvs/msg/detail/pwm_servo_state_duration__struct.h\n'}
[21.577635] (msgs_srvs) StdoutLine: {'line': b'-- Up-to-date symlink: /ros2_ws/install/msgs_srvs/include/msgs_srvs/msgs_srvs/msg/detail/pwm_servo_state_duration__type_support.h\n'}
[21.577756] (msgs_srvs) StdoutLine: {'line': b'-- Up-to-date symlink: /ros2_ws/install/msgs_srvs/include/msgs_srvs/msgs_srvs/msg/detail/sbus__functions.h\n'}
[21.577895] (msgs_srvs) StdoutLine: {'line': b'-- Up-to-date symlink: /ros2_ws/install/msgs_srvs/include/msgs_srvs/msgs_srvs/msg/detail/sbus__struct.h\n'}
[21.578214] (msgs_srvs) StdoutLine: {'line': b'-- Up-to-date symlink: /ros2_ws/install/msgs_srvs/include/msgs_srvs/msgs_srvs/msg/detail/sbus__type_support.h\n'}
[21.578344] (msgs_srvs) StdoutLine: {'line': b'-- Up-to-date symlink: /ros2_ws/install/msgs_srvs/include/msgs_srvs/msgs_srvs/msg/led_state.h\n'}
[21.578438] (msgs_srvs) StdoutLine: {'line': b'-- Up-to-date symlink: /ros2_ws/install/msgs_srvs/include/msgs_srvs/msgs_srvs/msg/motor_state.h\n'}
[21.578541] (msgs_srvs) StdoutLine: {'line': b'-- Up-to-date symlink: /ros2_ws/install/msgs_srvs/include/msgs_srvs/msgs_srvs/msg/motors_state.h\n'}
[21.578653] (msgs_srvs) StdoutLine: {'line': b'-- Up-to-date symlink: /ros2_ws/install/msgs_srvs/include/msgs_srvs/msgs_srvs/msg/pwm_servo_state.h\n'}
[21.578766] (msgs_srvs) StdoutLine: {'line': b'-- Up-to-date symlink: /ros2_ws/install/msgs_srvs/include/msgs_srvs/msgs_srvs/msg/pwm_servo_state_duration.h\n'}
[21.578889] (msgs_srvs) StdoutLine: {'line': b'-- Up-to-date symlink: /ros2_ws/install/msgs_srvs/include/msgs_srvs/msgs_srvs/msg/rosidl_generator_c__visibility_control.h\n'}
[21.579009] (msgs_srvs) StdoutLine: {'line': b'-- Up-to-date symlink: /ros2_ws/install/msgs_srvs/include/msgs_srvs/msgs_srvs/msg/sbus.h\n'}
[21.579179] (msgs_srvs) StdoutLine: {'line': b'-- Up-to-date symlink: /ros2_ws/install/msgs_srvs/include/msgs_srvs/msgs_srvs/srv/detail/pwm_servo_state__functions.h\n'}
[21.579305] (msgs_srvs) StdoutLine: {'line': b'-- Up-to-date symlink: /ros2_ws/install/msgs_srvs/include/msgs_srvs/msgs_srvs/srv/detail/pwm_servo_state__struct.h\n'}
[21.579393] (msgs_srvs) StdoutLine: {'line': b'-- Up-to-date symlink: /ros2_ws/install/msgs_srvs/include/msgs_srvs/msgs_srvs/srv/detail/pwm_servo_state__type_support.h\n'}
[21.579492] (msgs_srvs) StdoutLine: {'line': b'-- Up-to-date symlink: /ros2_ws/install/msgs_srvs/include/msgs_srvs/msgs_srvs/srv/pwm_servo_state.h\n'}
[21.579709] (msgs_srvs) StdoutLine: {'line': b'-- Up-to-date symlink: /ros2_ws/install/msgs_srvs/share/msgs_srvs/environment/library_path.sh\n'}
[21.579873] (msgs_srvs) StdoutLine: {'line': b'-- Up-to-date symlink: /ros2_ws/install/msgs_srvs/share/msgs_srvs/environment/library_path.dsv\n'}
[21.580687] (msgs_srvs) StdoutLine: {'line': b'-- Up-to-date symlink: /ros2_ws/install/msgs_srvs/include/msgs_srvs/msgs_srvs/msg/detail/button_state__rosidl_typesupport_fastrtps_c.h\n'}
[21.580809] (msgs_srvs) StdoutLine: {'line': b'-- Up-to-date symlink: /ros2_ws/install/msgs_srvs/include/msgs_srvs/msgs_srvs/msg/detail/buzzer_state__rosidl_typesupport_fastrtps_c.h\n'}
[21.580952] (msgs_srvs) StdoutLine: {'line': b'-- Up-to-date symlink: /ros2_ws/install/msgs_srvs/include/msgs_srvs/msgs_srvs/msg/detail/led_state__rosidl_typesupport_fastrtps_c.h\n'}
[21.581082] (msgs_srvs) StdoutLine: {'line': b'-- Up-to-date symlink: /ros2_ws/install/msgs_srvs/include/msgs_srvs/msgs_srvs/msg/detail/motor_state__rosidl_typesupport_fastrtps_c.h\n'}
[21.581190] (msgs_srvs) StdoutLine: {'line': b'-- Up-to-date symlink: /ros2_ws/install/msgs_srvs/include/msgs_srvs/msgs_srvs/msg/detail/motors_state__rosidl_typesupport_fastrtps_c.h\n'}
[21.581323] (msgs_srvs) StdoutLine: {'line': b'-- Up-to-date symlink: /ros2_ws/install/msgs_srvs/include/msgs_srvs/msgs_srvs/msg/detail/pwm_servo_state__rosidl_typesupport_fastrtps_c.h\n'}
[21.581444] (msgs_srvs) StdoutLine: {'line': b'-- Up-to-date symlink: /ros2_ws/install/msgs_srvs/include/msgs_srvs/msgs_srvs/msg/detail/pwm_servo_state_duration__rosidl_typesupport_fastrtps_c.h\n'}
[21.581562] (msgs_srvs) StdoutLine: {'line': b'-- Up-to-date symlink: /ros2_ws/install/msgs_srvs/include/msgs_srvs/msgs_srvs/msg/detail/sbus__rosidl_typesupport_fastrtps_c.h\n'}
[21.581677] (msgs_srvs) StdoutLine: {'line': b'-- Up-to-date symlink: /ros2_ws/install/msgs_srvs/include/msgs_srvs/msgs_srvs/msg/rosidl_typesupport_fastrtps_c__visibility_control.h\n'}
[21.581797] (msgs_srvs) StdoutLine: {'line': b'-- Up-to-date symlink: /ros2_ws/install/msgs_srvs/include/msgs_srvs/msgs_srvs/srv/detail/pwm_servo_state__rosidl_typesupport_fastrtps_c.h\n'}
[21.582634] (msgs_srvs) StdoutLine: {'line': b'-- Up-to-date symlink: /ros2_ws/install/msgs_srvs/include/msgs_srvs/msgs_srvs/msg/button_state.hpp\n'}
[21.582749] (msgs_srvs) StdoutLine: {'line': b'-- Up-to-date symlink: /ros2_ws/install/msgs_srvs/include/msgs_srvs/msgs_srvs/msg/buzzer_state.hpp\n'}
[21.582874] (msgs_srvs) StdoutLine: {'line': b'-- Up-to-date symlink: /ros2_ws/install/msgs_srvs/include/msgs_srvs/msgs_srvs/msg/detail/button_state__builder.hpp\n'}
[21.583030] (msgs_srvs) StdoutLine: {'line': b'-- Up-to-date symlink: /ros2_ws/install/msgs_srvs/include/msgs_srvs/msgs_srvs/msg/detail/button_state__struct.hpp\n'}
[21.583136] (msgs_srvs) StdoutLine: {'line': b'-- Up-to-date symlink: /ros2_ws/install/msgs_srvs/include/msgs_srvs/msgs_srvs/msg/detail/button_state__traits.hpp\n'}
[21.583254] (msgs_srvs) StdoutLine: {'line': b'-- Up-to-date symlink: /ros2_ws/install/msgs_srvs/include/msgs_srvs/msgs_srvs/msg/detail/button_state__type_support.hpp\n'}
[21.583372] (msgs_srvs) StdoutLine: {'line': b'-- Up-to-date symlink: /ros2_ws/install/msgs_srvs/include/msgs_srvs/msgs_srvs/msg/detail/buzzer_state__builder.hpp\n'}
[21.583488] (msgs_srvs) StdoutLine: {'line': b'-- Up-to-date symlink: /ros2_ws/install/msgs_srvs/include/msgs_srvs/msgs_srvs/msg/detail/buzzer_state__struct.hpp\n'}
[21.583605] (msgs_srvs) StdoutLine: {'line': b'-- Up-to-date symlink: /ros2_ws/install/msgs_srvs/include/msgs_srvs/msgs_srvs/msg/detail/buzzer_state__traits.hpp\n'}
[21.583721] (msgs_srvs) StdoutLine: {'line': b'-- Up-to-date symlink: /ros2_ws/install/msgs_srvs/include/msgs_srvs/msgs_srvs/msg/detail/buzzer_state__type_support.hpp\n'}
[21.583839] (msgs_srvs) StdoutLine: {'line': b'-- Up-to-date symlink: /ros2_ws/install/msgs_srvs/include/msgs_srvs/msgs_srvs/msg/detail/led_state__builder.hpp\n'}
[21.583965] (msgs_srvs) StdoutLine: {'line': b'-- Up-to-date symlink: /ros2_ws/install/msgs_srvs/include/msgs_srvs/msgs_srvs/msg/detail/led_state__struct.hpp\n'}
[21.584087] (msgs_srvs) StdoutLine: {'line': b'-- Up-to-date symlink: /ros2_ws/install/msgs_srvs/include/msgs_srvs/msgs_srvs/msg/detail/led_state__traits.hpp\n'}
[21.584205] (msgs_srvs) StdoutLine: {'line': b'-- Up-to-date symlink: /ros2_ws/install/msgs_srvs/include/msgs_srvs/msgs_srvs/msg/detail/led_state__type_support.hpp\n'}
[21.584325] (msgs_srvs) StdoutLine: {'line': b'-- Up-to-date symlink: /ros2_ws/install/msgs_srvs/include/msgs_srvs/msgs_srvs/msg/detail/motor_state__builder.hpp\n'}
[21.584441] (msgs_srvs) StdoutLine: {'line': b'-- Up-to-date symlink: /ros2_ws/install/msgs_srvs/include/msgs_srvs/msgs_srvs/msg/detail/motor_state__struct.hpp\n'}
[21.584587] (msgs_srvs) StdoutLine: {'line': b'-- Up-to-date symlink: /ros2_ws/install/msgs_srvs/include/msgs_srvs/msgs_srvs/msg/detail/motor_state__traits.hpp\n'}
[21.584709] (msgs_srvs) StdoutLine: {'line': b'-- Up-to-date symlink: /ros2_ws/install/msgs_srvs/include/msgs_srvs/msgs_srvs/msg/detail/motor_state__type_support.hpp\n'}
[21.584818] (msgs_srvs) StdoutLine: {'line': b'-- Up-to-date symlink: /ros2_ws/install/msgs_srvs/include/msgs_srvs/msgs_srvs/msg/detail/motors_state__builder.hpp\n'}
[21.584964] (msgs_srvs) StdoutLine: {'line': b'-- Up-to-date symlink: /ros2_ws/install/msgs_srvs/include/msgs_srvs/msgs_srvs/msg/detail/motors_state__struct.hpp\n'}
[21.585087] (msgs_srvs) StdoutLine: {'line': b'-- Up-to-date symlink: /ros2_ws/install/msgs_srvs/include/msgs_srvs/msgs_srvs/msg/detail/motors_state__traits.hpp\n'}
[21.585194] (msgs_srvs) StdoutLine: {'line': b'-- Up-to-date symlink: /ros2_ws/install/msgs_srvs/include/msgs_srvs/msgs_srvs/msg/detail/motors_state__type_support.hpp\n'}
[21.585311] (msgs_srvs) StdoutLine: {'line': b'-- Up-to-date symlink: /ros2_ws/install/msgs_srvs/include/msgs_srvs/msgs_srvs/msg/detail/pwm_servo_state__builder.hpp\n'}
[21.585420] (msgs_srvs) StdoutLine: {'line': b'-- Up-to-date symlink: /ros2_ws/install/msgs_srvs/include/msgs_srvs/msgs_srvs/msg/detail/pwm_servo_state__struct.hpp\n'}
[21.585535] (msgs_srvs) StdoutLine: {'line': b'-- Up-to-date symlink: /ros2_ws/install/msgs_srvs/include/msgs_srvs/msgs_srvs/msg/detail/pwm_servo_state__traits.hpp\n'}
[21.585652] (msgs_srvs) StdoutLine: {'line': b'-- Up-to-date symlink: /ros2_ws/install/msgs_srvs/include/msgs_srvs/msgs_srvs/msg/detail/pwm_servo_state__type_support.hpp\n'}
[21.585781] (msgs_srvs) StdoutLine: {'line': b'-- Up-to-date symlink: /ros2_ws/install/msgs_srvs/include/msgs_srvs/msgs_srvs/msg/detail/pwm_servo_state_duration__builder.hpp\n'}
[21.585904] (msgs_srvs) StdoutLine: {'line': b'-- Up-to-date symlink: /ros2_ws/install/msgs_srvs/include/msgs_srvs/msgs_srvs/msg/detail/pwm_servo_state_duration__struct.hpp\n'}
[21.586034] (msgs_srvs) StdoutLine: {'line': b'-- Up-to-date symlink: /ros2_ws/install/msgs_srvs/include/msgs_srvs/msgs_srvs/msg/detail/pwm_servo_state_duration__traits.hpp\n'}
[21.586293] (msgs_srvs) StdoutLine: {'line': b'-- Up-to-date symlink: /ros2_ws/install/msgs_srvs/include/msgs_srvs/msgs_srvs/msg/detail/pwm_servo_state_duration__type_support.hpp\n'}
[21.586364] (msgs_srvs) StdoutLine: {'line': b'-- Up-to-date symlink: /ros2_ws/install/msgs_srvs/include/msgs_srvs/msgs_srvs/msg/detail/sbus__builder.hpp\n'}
[21.586460] (msgs_srvs) StdoutLine: {'line': b'-- Up-to-date symlink: /ros2_ws/install/msgs_srvs/include/msgs_srvs/msgs_srvs/msg/detail/sbus__struct.hpp\n'}
[21.586543] (msgs_srvs) StdoutLine: {'line': b'-- Up-to-date symlink: /ros2_ws/install/msgs_srvs/include/msgs_srvs/msgs_srvs/msg/detail/sbus__traits.hpp\n'}
[21.586632] (msgs_srvs) StdoutLine: {'line': b'-- Up-to-date symlink: /ros2_ws/install/msgs_srvs/include/msgs_srvs/msgs_srvs/msg/detail/sbus__type_support.hpp\n'}
[21.586745] (msgs_srvs) StdoutLine: {'line': b'-- Up-to-date symlink: /ros2_ws/install/msgs_srvs/include/msgs_srvs/msgs_srvs/msg/led_state.hpp\n'}
[21.586858] (msgs_srvs) StdoutLine: {'line': b'-- Up-to-date symlink: /ros2_ws/install/msgs_srvs/include/msgs_srvs/msgs_srvs/msg/motor_state.hpp\n'}
[21.586982] (msgs_srvs) StdoutLine: {'line': b'-- Up-to-date symlink: /ros2_ws/install/msgs_srvs/include/msgs_srvs/msgs_srvs/msg/motors_state.hpp\n'}
[21.587098] (msgs_srvs) StdoutLine: {'line': b'-- Up-to-date symlink: /ros2_ws/install/msgs_srvs/include/msgs_srvs/msgs_srvs/msg/pwm_servo_state.hpp\n'}
[21.587224] (msgs_srvs) StdoutLine: {'line': b'-- Up-to-date symlink: /ros2_ws/install/msgs_srvs/include/msgs_srvs/msgs_srvs/msg/pwm_servo_state_duration.hpp\n'}
[21.587368] (msgs_srvs) StdoutLine: {'line': b'-- Up-to-date symlink: /ros2_ws/install/msgs_srvs/include/msgs_srvs/msgs_srvs/msg/rosidl_generator_cpp__visibility_control.hpp\n'}
[21.587466] (msgs_srvs) StdoutLine: {'line': b'-- Up-to-date symlink: /ros2_ws/install/msgs_srvs/include/msgs_srvs/msgs_srvs/msg/sbus.hpp\n'}
[21.587571] (msgs_srvs) StdoutLine: {'line': b'-- Up-to-date symlink: /ros2_ws/install/msgs_srvs/include/msgs_srvs/msgs_srvs/srv/detail/pwm_servo_state__builder.hpp\n'}
[21.587688] (msgs_srvs) StdoutLine: {'line': b'-- Up-to-date symlink: /ros2_ws/install/msgs_srvs/include/msgs_srvs/msgs_srvs/srv/detail/pwm_servo_state__struct.hpp\n'}
[21.587805] (msgs_srvs) StdoutLine: {'line': b'-- Up-to-date symlink: /ros2_ws/install/msgs_srvs/include/msgs_srvs/msgs_srvs/srv/detail/pwm_servo_state__traits.hpp\n'}
[21.587931] (msgs_srvs) StdoutLine: {'line': b'-- Up-to-date symlink: /ros2_ws/install/msgs_srvs/include/msgs_srvs/msgs_srvs/srv/detail/pwm_servo_state__type_support.hpp\n'}
[21.588052] (msgs_srvs) StdoutLine: {'line': b'-- Up-to-date symlink: /ros2_ws/install/msgs_srvs/include/msgs_srvs/msgs_srvs/srv/pwm_servo_state.hpp\n'}
[21.588941] (msgs_srvs) StdoutLine: {'line': b'-- Up-to-date symlink: /ros2_ws/install/msgs_srvs/include/msgs_srvs/msgs_srvs/msg/detail/button_state__rosidl_typesupport_fastrtps_cpp.hpp\n'}
[21.589065] (msgs_srvs) StdoutLine: {'line': b'-- Up-to-date symlink: /ros2_ws/install/msgs_srvs/include/msgs_srvs/msgs_srvs/msg/detail/buzzer_state__rosidl_typesupport_fastrtps_cpp.hpp\n'}
[21.589190] (msgs_srvs) StdoutLine: {'line': b'-- Up-to-date symlink: /ros2_ws/install/msgs_srvs/include/msgs_srvs/msgs_srvs/msg/detail/led_state__rosidl_typesupport_fastrtps_cpp.hpp\n'}
[21.589306] (msgs_srvs) StdoutLine: {'line': b'-- Up-to-date symlink: /ros2_ws/install/msgs_srvs/include/msgs_srvs/msgs_srvs/msg/detail/motor_state__rosidl_typesupport_fastrtps_cpp.hpp\n'}
[21.589425] (msgs_srvs) StdoutLine: {'line': b'-- Up-to-date symlink: /ros2_ws/install/msgs_srvs/include/msgs_srvs/msgs_srvs/msg/detail/motors_state__rosidl_typesupport_fastrtps_cpp.hpp\n'}
[21.589543] (msgs_srvs) StdoutLine: {'line': b'-- Up-to-date symlink: /ros2_ws/install/msgs_srvs/include/msgs_srvs/msgs_srvs/msg/detail/pwm_servo_state__rosidl_typesupport_fastrtps_cpp.hpp\n'}
[21.589664] (msgs_srvs) StdoutLine: {'line': b'-- Up-to-date symlink: /ros2_ws/install/msgs_srvs/include/msgs_srvs/msgs_srvs/msg/detail/pwm_servo_state_duration__rosidl_typesupport_fastrtps_cpp.hpp\n'}
[21.589785] (msgs_srvs) StdoutLine: {'line': b'-- Up-to-date symlink: /ros2_ws/install/msgs_srvs/include/msgs_srvs/msgs_srvs/msg/detail/sbus__rosidl_typesupport_fastrtps_cpp.hpp\n'}
[21.589905] (msgs_srvs) StdoutLine: {'line': b'-- Up-to-date symlink: /ros2_ws/install/msgs_srvs/include/msgs_srvs/msgs_srvs/msg/rosidl_typesupport_fastrtps_cpp__visibility_control.h\n'}
[21.590044] (msgs_srvs) StdoutLine: {'line': b'-- Up-to-date symlink: /ros2_ws/install/msgs_srvs/include/msgs_srvs/msgs_srvs/srv/detail/pwm_servo_state__rosidl_typesupport_fastrtps_cpp.hpp\n'}
[21.590554] (msgs_srvs) StdoutLine: {'line': b'-- Up-to-date symlink: /ros2_ws/install/msgs_srvs/include/msgs_srvs/msgs_srvs/msg/detail/button_state__rosidl_typesupport_introspection_c.h\n'}
[21.590674] (msgs_srvs) StdoutLine: {'line': b'-- Up-to-date symlink: /ros2_ws/install/msgs_srvs/include/msgs_srvs/msgs_srvs/msg/detail/buzzer_state__rosidl_typesupport_introspection_c.h\n'}
[21.590793] (msgs_srvs) StdoutLine: {'line': b'-- Up-to-date symlink: /ros2_ws/install/msgs_srvs/include/msgs_srvs/msgs_srvs/msg/detail/led_state__rosidl_typesupport_introspection_c.h\n'}
[21.590921] (msgs_srvs) StdoutLine: {'line': b'-- Up-to-date symlink: /ros2_ws/install/msgs_srvs/include/msgs_srvs/msgs_srvs/msg/detail/motor_state__rosidl_typesupport_introspection_c.h\n'}
[21.591050] (msgs_srvs) StdoutLine: {'line': b'-- Up-to-date symlink: /ros2_ws/install/msgs_srvs/include/msgs_srvs/msgs_srvs/msg/detail/motors_state__rosidl_typesupport_introspection_c.h\n'}
[21.591167] (msgs_srvs) StdoutLine: {'line': b'-- Up-to-date symlink: /ros2_ws/install/msgs_srvs/include/msgs_srvs/msgs_srvs/msg/detail/pwm_servo_state__rosidl_typesupport_introspection_c.h\n'}
[21.591286] (msgs_srvs) StdoutLine: {'line': b'-- Up-to-date symlink: /ros2_ws/install/msgs_srvs/include/msgs_srvs/msgs_srvs/msg/detail/pwm_servo_state_duration__rosidl_typesupport_introspection_c.h\n'}
[21.591405] (msgs_srvs) StdoutLine: {'line': b'-- Up-to-date symlink: /ros2_ws/install/msgs_srvs/include/msgs_srvs/msgs_srvs/msg/detail/sbus__rosidl_typesupport_introspection_c.h\n'}
[21.591519] (msgs_srvs) StdoutLine: {'line': b'-- Up-to-date symlink: /ros2_ws/install/msgs_srvs/include/msgs_srvs/msgs_srvs/msg/rosidl_typesupport_introspection_c__visibility_control.h\n'}
[21.591638] (msgs_srvs) StdoutLine: {'line': b'-- Up-to-date symlink: /ros2_ws/install/msgs_srvs/include/msgs_srvs/msgs_srvs/srv/detail/pwm_servo_state__rosidl_typesupport_introspection_c.h\n'}
[21.592311] (msgs_srvs) StdoutLine: {'line': b'-- Up-to-date symlink: /ros2_ws/install/msgs_srvs/include/msgs_srvs/msgs_srvs/msg/detail/button_state__rosidl_typesupport_introspection_cpp.hpp\n'}
[21.592421] (msgs_srvs) StdoutLine: {'line': b'-- Up-to-date symlink: /ros2_ws/install/msgs_srvs/include/msgs_srvs/msgs_srvs/msg/detail/buzzer_state__rosidl_typesupport_introspection_cpp.hpp\n'}
[21.592532] (msgs_srvs) StdoutLine: {'line': b'-- Up-to-date symlink: /ros2_ws/install/msgs_srvs/include/msgs_srvs/msgs_srvs/msg/detail/led_state__rosidl_typesupport_introspection_cpp.hpp\n'}
[21.593402] (msgs_srvs) StdoutLine: {'line': b'-- Up-to-date symlink: /ros2_ws/install/msgs_srvs/include/msgs_srvs/msgs_srvs/msg/detail/motor_state__rosidl_typesupport_introspection_cpp.hpp\n'}
[21.593717] (msgs_srvs) StdoutLine: {'line': b'-- Up-to-date symlink: /ros2_ws/install/msgs_srvs/include/msgs_srvs/msgs_srvs/msg/detail/motors_state__rosidl_typesupport_introspection_cpp.hpp\n'}
[21.593823] (msgs_srvs) StdoutLine: {'line': b'-- Up-to-date symlink: /ros2_ws/install/msgs_srvs/include/msgs_srvs/msgs_srvs/msg/detail/pwm_servo_state__rosidl_typesupport_introspection_cpp.hpp\n'}
[21.593948] (msgs_srvs) StdoutLine: {'line': b'-- Up-to-date symlink: /ros2_ws/install/msgs_srvs/include/msgs_srvs/msgs_srvs/msg/detail/pwm_servo_state_duration__rosidl_typesupport_introspection_cpp.hpp\n'}
[21.594151] (msgs_srvs) StdoutLine: {'line': b'-- Up-to-date symlink: /ros2_ws/install/msgs_srvs/include/msgs_srvs/msgs_srvs/msg/detail/sbus__rosidl_typesupport_introspection_cpp.hpp\n'}
[21.594263] (msgs_srvs) StdoutLine: {'line': b'-- Up-to-date symlink: /ros2_ws/install/msgs_srvs/include/msgs_srvs/msgs_srvs/srv/detail/pwm_servo_state__rosidl_typesupport_introspection_cpp.hpp\n'}
[21.594375] (msgs_srvs) StdoutLine: {'line': b'-- Up-to-date symlink: /ros2_ws/install/msgs_srvs/share/msgs_srvs/environment/pythonpath.sh\n'}
[21.594474] (msgs_srvs) StdoutLine: {'line': b'-- Up-to-date symlink: /ros2_ws/install/msgs_srvs/share/msgs_srvs/environment/pythonpath.dsv\n'}
[21.594694] (msgs_srvs) StdoutLine: {'line': b'-- Up-to-date symlink: /ros2_ws/install/msgs_srvs/local/lib/python3.10/dist-packages/msgs_srvs-0.0.0-py3.10.egg-info/PKG-INFO\n'}
[21.594832] (msgs_srvs) StdoutLine: {'line': b'-- Up-to-date symlink: /ros2_ws/install/msgs_srvs/local/lib/python3.10/dist-packages/msgs_srvs-0.0.0-py3.10.egg-info/SOURCES.txt\n'}
[21.594934] (msgs_srvs) StdoutLine: {'line': b'-- Up-to-date symlink: /ros2_ws/install/msgs_srvs/local/lib/python3.10/dist-packages/msgs_srvs-0.0.0-py3.10.egg-info/dependency_links.txt\n'}
[21.595053] (msgs_srvs) StdoutLine: {'line': b'-- Up-to-date symlink: /ros2_ws/install/msgs_srvs/local/lib/python3.10/dist-packages/msgs_srvs-0.0.0-py3.10.egg-info/top_level.txt\n'}
[21.596087] (msgs_srvs) StdoutLine: {'line': b'-- Up-to-date symlink: /ros2_ws/install/msgs_srvs/local/lib/python3.10/dist-packages/msgs_srvs/__init__.py\n'}
[21.596524] (msgs_srvs) StdoutLine: {'line': b'-- Up-to-date symlink: /ros2_ws/install/msgs_srvs/local/lib/python3.10/dist-packages/msgs_srvs/_msgs_srvs_s.ep.rosidl_typesupport_c.c\n'}
[21.598966] (msgs_srvs) StdoutLine: {'line': b'-- Up-to-date symlink: /ros2_ws/install/msgs_srvs/local/lib/python3.10/dist-packages/msgs_srvs/_msgs_srvs_s.ep.rosidl_typesupport_fastrtps_c.c\n'}
[21.599658] (msgs_srvs) StdoutLine: {'line': b'-- Up-to-date symlink: /ros2_ws/install/msgs_srvs/local/lib/python3.10/dist-packages/msgs_srvs/_msgs_srvs_s.ep.rosidl_typesupport_introspection_c.c\n'}
[21.599962] (msgs_srvs) StdoutLine: {'line': b'-- Up-to-date symlink: /ros2_ws/install/msgs_srvs/local/lib/python3.10/dist-packages/msgs_srvs/libmsgs_srvs__rosidl_generator_py.so\n'}
[21.600057] (msgs_srvs) StdoutLine: {'line': b'-- Up-to-date symlink: /ros2_ws/install/msgs_srvs/local/lib/python3.10/dist-packages/msgs_srvs/msg/__init__.py\n'}
[21.600133] (msgs_srvs) StdoutLine: {'line': b'-- Up-to-date symlink: /ros2_ws/install/msgs_srvs/local/lib/python3.10/dist-packages/msgs_srvs/msg/_button_state.py\n'}
[21.600226] (msgs_srvs) StdoutLine: {'line': b'-- Up-to-date symlink: /ros2_ws/install/msgs_srvs/local/lib/python3.10/dist-packages/msgs_srvs/msg/_button_state_s.c\n'}
[21.600375] (msgs_srvs) StdoutLine: {'line': b'-- Up-to-date symlink: /ros2_ws/install/msgs_srvs/local/lib/python3.10/dist-packages/msgs_srvs/msg/_buzzer_state.py\n'}
[21.600448] (msgs_srvs) StdoutLine: {'line': b'-- Up-to-date symlink: /ros2_ws/install/msgs_srvs/local/lib/python3.10/dist-packages/msgs_srvs/msg/_buzzer_state_s.c\n'}
[21.600555] (msgs_srvs) StdoutLine: {'line': b'-- Up-to-date symlink: /ros2_ws/install/msgs_srvs/local/lib/python3.10/dist-packages/msgs_srvs/msg/_led_state.py\n'}
[21.600632] (msgs_srvs) StdoutLine: {'line': b'-- Up-to-date symlink: /ros2_ws/install/msgs_srvs/local/lib/python3.10/dist-packages/msgs_srvs/msg/_led_state_s.c\n'}
[21.600699] (msgs_srvs) StdoutLine: {'line': b'-- Up-to-date symlink: /ros2_ws/install/msgs_srvs/local/lib/python3.10/dist-packages/msgs_srvs/msg/_motor_state.py\n'}
[21.600765] (msgs_srvs) StdoutLine: {'line': b'-- Up-to-date symlink: /ros2_ws/install/msgs_srvs/local/lib/python3.10/dist-packages/msgs_srvs/msg/_motor_state_s.c\n'}
[21.600830] (msgs_srvs) StdoutLine: {'line': b'-- Up-to-date symlink: /ros2_ws/install/msgs_srvs/local/lib/python3.10/dist-packages/msgs_srvs/msg/_motors_state.py\n'}
[21.601100] (msgs_srvs) StdoutLine: {'line': b'-- Up-to-date symlink: /ros2_ws/install/msgs_srvs/local/lib/python3.10/dist-packages/msgs_srvs/msg/_motors_state_s.c\n'}
[21.601207] (msgs_srvs) StdoutLine: {'line': b'-- Up-to-date symlink: /ros2_ws/install/msgs_srvs/local/lib/python3.10/dist-packages/msgs_srvs/msg/_pwm_servo_state.py\n'}
[21.601517] (msgs_srvs) StdoutLine: {'line': b'-- Up-to-date symlink: /ros2_ws/install/msgs_srvs/local/lib/python3.10/dist-packages/msgs_srvs/msg/_pwm_servo_state_duration.py\n'}
[21.602162] (msgs_srvs) StdoutLine: {'line': b'-- Up-to-date symlink: /ros2_ws/install/msgs_srvs/local/lib/python3.10/dist-packages/msgs_srvs/msg/_pwm_servo_state_duration_s.c\n'}
[21.603797] (msgs_srvs) StdoutLine: {'line': b'-- Up-to-date symlink: /ros2_ws/install/msgs_srvs/local/lib/python3.10/dist-packages/msgs_srvs/msg/_pwm_servo_state_s.c\n'}
[21.605003] (msgs_srvs) StdoutLine: {'line': b'-- Up-to-date symlink: /ros2_ws/install/msgs_srvs/local/lib/python3.10/dist-packages/msgs_srvs/msg/_sbus.py\n'}
[21.605283] (msgs_srvs) StdoutLine: {'line': b'-- Up-to-date symlink: /ros2_ws/install/msgs_srvs/local/lib/python3.10/dist-packages/msgs_srvs/msg/_sbus_s.c\n'}
[21.605421] (msgs_srvs) StdoutLine: {'line': b'-- Up-to-date symlink: /ros2_ws/install/msgs_srvs/local/lib/python3.10/dist-packages/msgs_srvs/msgs_srvs_s__rosidl_typesupport_c.cpython-310-aarch64-linux-gnu.so\n'}
[21.606205] (msgs_srvs) StdoutLine: {'line': b'-- Up-to-date symlink: /ros2_ws/install/msgs_srvs/local/lib/python3.10/dist-packages/msgs_srvs/msgs_srvs_s__rosidl_typesupport_fastrtps_c.cpython-310-aarch64-linux-gnu.so\n'}
[21.607144] (msgs_srvs) StdoutLine: {'line': b'-- Up-to-date symlink: /ros2_ws/install/msgs_srvs/local/lib/python3.10/dist-packages/msgs_srvs/msgs_srvs_s__rosidl_typesupport_introspection_c.cpython-310-aarch64-linux-gnu.so\n'}
[21.607791] (msgs_srvs) StdoutLine: {'line': b'-- Up-to-date symlink: /ros2_ws/install/msgs_srvs/local/lib/python3.10/dist-packages/msgs_srvs/srv/__init__.py\n'}
[21.609525] (msgs_srvs) StdoutLine: {'line': b'-- Up-to-date symlink: /ros2_ws/install/msgs_srvs/local/lib/python3.10/dist-packages/msgs_srvs/srv/_pwm_servo_state.py\n'}
[21.610937] (msgs_srvs) StdoutLine: {'line': b'-- Up-to-date symlink: /ros2_ws/install/msgs_srvs/local/lib/python3.10/dist-packages/msgs_srvs/srv/_pwm_servo_state_s.c\n'}
[21.611959] (msgs_srvs) StdoutLine: {'line': b'-- Up-to-date symlink: /ros2_ws/install/msgs_srvs/local/lib/python3.10/dist-packages/msgs_srvs/msgs_srvs_s__rosidl_typesupport_fastrtps_c.cpython-310-aarch64-linux-gnu.so\n'}
[21.612821] (msgs_srvs) StdoutLine: {'line': b'-- Up-to-date symlink: /ros2_ws/install/msgs_srvs/local/lib/python3.10/dist-packages/msgs_srvs/msgs_srvs_s__rosidl_typesupport_introspection_c.cpython-310-aarch64-linux-gnu.so\n'}
[21.614130] (msgs_srvs) StdoutLine: {'line': b'-- Up-to-date symlink: /ros2_ws/install/msgs_srvs/local/lib/python3.10/dist-packages/msgs_srvs/msgs_srvs_s__rosidl_typesupport_c.cpython-310-aarch64-linux-gnu.so\n'}
[21.614706] (msgs_srvs) StdoutLine: {'line': b'-- Up-to-date symlink: /ros2_ws/install/msgs_srvs/share/msgs_srvs/msg/ButtonState.idl\n'}
[21.614791] (msgs_srvs) StdoutLine: {'line': b'-- Up-to-date symlink: /ros2_ws/install/msgs_srvs/share/msgs_srvs/msg/BuzzerState.idl\n'}
[21.614918] (msgs_srvs) StdoutLine: {'line': b'-- Up-to-date symlink: /ros2_ws/install/msgs_srvs/share/msgs_srvs/msg/LedState.idl\n'}
[21.614999] (msgs_srvs) StdoutLine: {'line': b'-- Up-to-date symlink: /ros2_ws/install/msgs_srvs/share/msgs_srvs/msg/MotorsState.idl\n'}
[21.615113] (msgs_srvs) StdoutLine: {'line': b'-- Up-to-date symlink: /ros2_ws/install/msgs_srvs/share/msgs_srvs/msg/MotorState.idl\n'}
[21.615189] (msgs_srvs) StdoutLine: {'line': b'-- Up-to-date symlink: /ros2_ws/install/msgs_srvs/share/msgs_srvs/msg/PWMServoState.idl\n'}
[21.615249] (msgs_srvs) StdoutLine: {'line': b'-- Up-to-date symlink: /ros2_ws/install/msgs_srvs/share/msgs_srvs/msg/PWMServoStateDuration.idl\n'}
[21.615424] (msgs_srvs) StdoutLine: {'line': b'-- Up-to-date symlink: /ros2_ws/install/msgs_srvs/share/msgs_srvs/msg/Sbus.idl\n'}
[21.615510] (msgs_srvs) StdoutLine: {'line': b'-- Up-to-date symlink: /ros2_ws/install/msgs_srvs/share/msgs_srvs/srv/PWMServoState.idl\n'}
[21.615579] (msgs_srvs) StdoutLine: {'line': b'-- Up-to-date symlink: /ros2_ws/install/msgs_srvs/share/msgs_srvs/msg/ButtonState.msg\n'}
[21.615687] (msgs_srvs) StdoutLine: {'line': b'-- Up-to-date symlink: /ros2_ws/install/msgs_srvs/share/msgs_srvs/msg/BuzzerState.msg\n'}
[21.615784] (msgs_srvs) StdoutLine: {'line': b'-- Up-to-date symlink: /ros2_ws/install/msgs_srvs/share/msgs_srvs/msg/LedState.msg\n'}
[21.615887] (msgs_srvs) StdoutLine: {'line': b'-- Up-to-date symlink: /ros2_ws/install/msgs_srvs/share/msgs_srvs/msg/MotorsState.msg\n'}
[21.615993] (msgs_srvs) StdoutLine: {'line': b'-- Up-to-date symlink: /ros2_ws/install/msgs_srvs/share/msgs_srvs/msg/MotorState.msg\n'}
[21.616164] (msgs_srvs) StdoutLine: {'line': b'-- Up-to-date symlink: /ros2_ws/install/msgs_srvs/share/msgs_srvs/msg/PWMServoState.msg\n'}
[21.616310] (msgs_srvs) StdoutLine: {'line': b'-- Up-to-date symlink: /ros2_ws/install/msgs_srvs/share/msgs_srvs/msg/PWMServoStateDuration.msg\n'}
[21.616458] (msgs_srvs) StdoutLine: {'line': b'-- Up-to-date symlink: /ros2_ws/install/msgs_srvs/share/msgs_srvs/msg/Sbus.msg\n'}
[21.616636] (msgs_srvs) StdoutLine: {'line': b'-- Up-to-date symlink: /ros2_ws/install/msgs_srvs/share/msgs_srvs/srv/PWMServoState.srv\n'}
[21.618405] (msgs_srvs) StdoutLine: {'line': b'-- Up-to-date symlink: /ros2_ws/install/msgs_srvs/share/msgs_srvs/srv/PWMServoState_Request.msg\n'}
[21.618520] (msgs_srvs) StdoutLine: {'line': b'-- Up-to-date symlink: /ros2_ws/install/msgs_srvs/share/msgs_srvs/srv/PWMServoState_Response.msg\n'}
[21.618598] (msgs_srvs) StdoutLine: {'line': b'-- Up-to-date symlink: /ros2_ws/install/msgs_srvs/share/ament_index/resource_index/package_run_dependencies/msgs_srvs\n'}
[21.618668] (msgs_srvs) StdoutLine: {'line': b'-- Up-to-date symlink: /ros2_ws/install/msgs_srvs/share/ament_index/resource_index/parent_prefix_path/msgs_srvs\n'}
[21.618739] (msgs_srvs) StdoutLine: {'line': b'-- Up-to-date symlink: /ros2_ws/install/msgs_srvs/share/msgs_srvs/environment/ament_prefix_path.sh\n'}
[21.618812] (msgs_srvs) StdoutLine: {'line': b'-- Up-to-date symlink: /ros2_ws/install/msgs_srvs/share/msgs_srvs/environment/ament_prefix_path.dsv\n'}
[21.618953] (msgs_srvs) StdoutLine: {'line': b'-- Up-to-date symlink: /ros2_ws/install/msgs_srvs/share/msgs_srvs/environment/path.sh\n'}
[21.619092] (msgs_srvs) StdoutLine: {'line': b'-- Up-to-date symlink: /ros2_ws/install/msgs_srvs/share/msgs_srvs/environment/path.dsv\n'}
[21.619192] (msgs_srvs) StdoutLine: {'line': b'-- Up-to-date symlink: /ros2_ws/install/msgs_srvs/share/msgs_srvs/local_setup.bash\n'}
[21.619272] (msgs_srvs) StdoutLine: {'line': b'-- Up-to-date symlink: /ros2_ws/install/msgs_srvs/share/msgs_srvs/local_setup.sh\n'}
[21.619338] (msgs_srvs) StdoutLine: {'line': b'-- Up-to-date symlink: /ros2_ws/install/msgs_srvs/share/msgs_srvs/local_setup.zsh\n'}
[21.619403] (msgs_srvs) StdoutLine: {'line': b'-- Up-to-date symlink: /ros2_ws/install/msgs_srvs/share/msgs_srvs/local_setup.dsv\n'}
[21.619482] (msgs_srvs) StdoutLine: {'line': b'-- Symlinking: /ros2_ws/install/msgs_srvs/share/msgs_srvs/package.dsv\n'}
[21.635572] (msgs_srvs) StdoutLine: {'line': b'-- Up-to-date symlink: /ros2_ws/install/msgs_srvs/share/ament_index/resource_index/packages/msgs_srvs\n'}
[21.635853] (msgs_srvs) StdoutLine: {'line': b'-- Up-to-date symlink: /ros2_ws/install/msgs_srvs/share/msgs_srvs/cmake/rosidl_cmake-extras.cmake\n'}
[21.635987] (msgs_srvs) StdoutLine: {'line': b'-- Up-to-date symlink: /ros2_ws/install/msgs_srvs/share/msgs_srvs/cmake/ament_cmake_export_dependencies-extras.cmake\n'}
[21.636344] (msgs_srvs) StdoutLine: {'line': b'-- Up-to-date symlink: /ros2_ws/install/msgs_srvs/share/msgs_srvs/cmake/ament_cmake_export_include_directories-extras.cmake\n'}
[21.636469] (msgs_srvs) StdoutLine: {'line': b'-- Up-to-date symlink: /ros2_ws/install/msgs_srvs/share/msgs_srvs/cmake/ament_cmake_export_libraries-extras.cmake\n'}
[21.636538] (msgs_srvs) StdoutLine: {'line': b'-- Up-to-date symlink: /ros2_ws/install/msgs_srvs/share/msgs_srvs/cmake/ament_cmake_export_targets-extras.cmake\n'}
[21.636626] (msgs_srvs) StdoutLine: {'line': b'-- Up-to-date symlink: /ros2_ws/install/msgs_srvs/share/msgs_srvs/cmake/rosidl_cmake_export_typesupport_targets-extras.cmake\n'}
[21.636781] (msgs_srvs) StdoutLine: {'line': b'-- Up-to-date symlink: /ros2_ws/install/msgs_srvs/share/msgs_srvs/cmake/rosidl_cmake_export_typesupport_libraries-extras.cmake\n'}
[21.636959] (msgs_srvs) StdoutLine: {'line': b'-- Up-to-date symlink: /ros2_ws/install/msgs_srvs/share/msgs_srvs/cmake/msgs_srvsConfig.cmake\n'}
[21.637088] (msgs_srvs) StdoutLine: {'line': b'-- Up-to-date symlink: /ros2_ws/install/msgs_srvs/share/msgs_srvs/cmake/msgs_srvsConfig-version.cmake\n'}
[21.637269] (msgs_srvs) StdoutLine: {'line': b'-- Up-to-date symlink: /ros2_ws/install/msgs_srvs/share/msgs_srvs/package.xml\n'}
[21.637626] (msgs_srvs) StdoutLine: {'line': b'-- Installing: /ros2_ws/install/msgs_srvs/lib/libmsgs_srvs__rosidl_generator_c.so\n'}
[21.638286] (msgs_srvs) StdoutLine: {'line': b'-- Set runtime path of "/ros2_ws/install/msgs_srvs/lib/libmsgs_srvs__rosidl_generator_c.so" to ""\n'}
[21.638522] (msgs_srvs) StdoutLine: {'line': b'-- Installing: /ros2_ws/install/msgs_srvs/lib/libmsgs_srvs__rosidl_typesupport_fastrtps_c.so\n'}
[21.639129] (msgs_srvs) StdoutLine: {'line': b'-- Set runtime path of "/ros2_ws/install/msgs_srvs/lib/libmsgs_srvs__rosidl_typesupport_fastrtps_c.so" to ""\n'}
[21.639366] (msgs_srvs) StdoutLine: {'line': b'-- Installing: /ros2_ws/install/msgs_srvs/lib/libmsgs_srvs__rosidl_typesupport_fastrtps_cpp.so\n'}
[21.640141] (msgs_srvs) StdoutLine: {'line': b'-- Set runtime path of "/ros2_ws/install/msgs_srvs/lib/libmsgs_srvs__rosidl_typesupport_fastrtps_cpp.so" to ""\n'}
[21.640353] (msgs_srvs) StdoutLine: {'line': b'-- Installing: /ros2_ws/install/msgs_srvs/lib/libmsgs_srvs__rosidl_typesupport_introspection_c.so\n'}
[21.640863] (msgs_srvs) StdoutLine: {'line': b'-- Set runtime path of "/ros2_ws/install/msgs_srvs/lib/libmsgs_srvs__rosidl_typesupport_introspection_c.so" to ""\n'}
[21.641099] (msgs_srvs) StdoutLine: {'line': b'-- Installing: /ros2_ws/install/msgs_srvs/lib/libmsgs_srvs__rosidl_typesupport_c.so\n'}
[21.641550] (msgs_srvs) StdoutLine: {'line': b'-- Set runtime path of "/ros2_ws/install/msgs_srvs/lib/libmsgs_srvs__rosidl_typesupport_c.so" to ""\n'}
[21.641773] (msgs_srvs) StdoutLine: {'line': b'-- Installing: /ros2_ws/install/msgs_srvs/lib/libmsgs_srvs__rosidl_typesupport_introspection_cpp.so\n'}
[21.642517] (msgs_srvs) StdoutLine: {'line': b'-- Set runtime path of "/ros2_ws/install/msgs_srvs/lib/libmsgs_srvs__rosidl_typesupport_introspection_cpp.so" to ""\n'}
[21.642720] (msgs_srvs) StdoutLine: {'line': b'-- Installing: /ros2_ws/install/msgs_srvs/lib/libmsgs_srvs__rosidl_typesupport_cpp.so\n'}
[21.643194] (msgs_srvs) StdoutLine: {'line': b'-- Set runtime path of "/ros2_ws/install/msgs_srvs/lib/libmsgs_srvs__rosidl_typesupport_cpp.so" to ""\n'}
[21.666252] (-) TimerEvent: {}
[21.726812] (msgs_srvs) StdoutLine: {'line': b"Listing '/ros2_ws/install/msgs_srvs/local/lib/python3.10/dist-packages/msgs_srvs'...\n"}
[21.728243] (msgs_srvs) StdoutLine: {'line': b"Compiling '/ros2_ws/install/msgs_srvs/local/lib/python3.10/dist-packages/msgs_srvs/__init__.py'...\n"}
[21.729528] (msgs_srvs) StdoutLine: {'line': b"Listing '/ros2_ws/install/msgs_srvs/local/lib/python3.10/dist-packages/msgs_srvs/msg'...\n"}
[21.730636] (msgs_srvs) StdoutLine: {'line': b"Compiling '/ros2_ws/install/msgs_srvs/local/lib/python3.10/dist-packages/msgs_srvs/msg/__init__.py'...\n"}
[21.731617] (msgs_srvs) StdoutLine: {'line': b"Compiling '/ros2_ws/install/msgs_srvs/local/lib/python3.10/dist-packages/msgs_srvs/msg/_button_state.py'...\n"}
[21.731952] (msgs_srvs) StdoutLine: {'line': b"Compiling '/ros2_ws/install/msgs_srvs/local/lib/python3.10/dist-packages/msgs_srvs/msg/_buzzer_state.py'...\n"}
[21.732048] (msgs_srvs) StdoutLine: {'line': b"Compiling '/ros2_ws/install/msgs_srvs/local/lib/python3.10/dist-packages/msgs_srvs/msg/_led_state.py'...\n"}
[21.732122] (msgs_srvs) StdoutLine: {'line': b"Compiling '/ros2_ws/install/msgs_srvs/local/lib/python3.10/dist-packages/msgs_srvs/msg/_motor_state.py'...\n"}
[21.732194] (msgs_srvs) StdoutLine: {'line': b"Compiling '/ros2_ws/install/msgs_srvs/local/lib/python3.10/dist-packages/msgs_srvs/msg/_motors_state.py'...\n"}
[21.732265] (msgs_srvs) StdoutLine: {'line': b"Compiling '/ros2_ws/install/msgs_srvs/local/lib/python3.10/dist-packages/msgs_srvs/msg/_pwm_servo_state.py'...\n"}
[21.732335] (msgs_srvs) StdoutLine: {'line': b"Compiling '/ros2_ws/install/msgs_srvs/local/lib/python3.10/dist-packages/msgs_srvs/msg/_pwm_servo_state_duration.py'...\n"}
[21.732399] (msgs_srvs) StdoutLine: {'line': b"Compiling '/ros2_ws/install/msgs_srvs/local/lib/python3.10/dist-packages/msgs_srvs/msg/_sbus.py'...\n"}
[21.732494] (msgs_srvs) StdoutLine: {'line': b"Listing '/ros2_ws/install/msgs_srvs/local/lib/python3.10/dist-packages/msgs_srvs/srv'...\n"}
[21.732564] (msgs_srvs) StdoutLine: {'line': b"Compiling '/ros2_ws/install/msgs_srvs/local/lib/python3.10/dist-packages/msgs_srvs/srv/__init__.py'...\n"}
[21.732642] (msgs_srvs) StdoutLine: {'line': b"Compiling '/ros2_ws/install/msgs_srvs/local/lib/python3.10/dist-packages/msgs_srvs/srv/_pwm_servo_state.py'...\n"}
[21.741708] (msgs_srvs) StdoutLine: {'line': b'-- Installing: /ros2_ws/install/msgs_srvs/lib/libmsgs_srvs__rosidl_generator_py.so\n'}
[21.742470] (msgs_srvs) StdoutLine: {'line': b'-- Set runtime path of "/ros2_ws/install/msgs_srvs/lib/libmsgs_srvs__rosidl_generator_py.so" to ""\n'}
[21.742661] (msgs_srvs) StdoutLine: {'line': b'-- Up-to-date: /ros2_ws/install/msgs_srvs/share/msgs_srvs/cmake/export_msgs_srvs__rosidl_generator_cExport.cmake\n'}
[21.742783] (msgs_srvs) StdoutLine: {'line': b'-- Up-to-date: /ros2_ws/install/msgs_srvs/share/msgs_srvs/cmake/export_msgs_srvs__rosidl_generator_cExport-noconfig.cmake\n'}
[21.742858] (msgs_srvs) StdoutLine: {'line': b'-- Up-to-date: /ros2_ws/install/msgs_srvs/share/msgs_srvs/cmake/export_msgs_srvs__rosidl_typesupport_fastrtps_cExport.cmake\n'}
[21.742972] (msgs_srvs) StdoutLine: {'line': b'-- Up-to-date: /ros2_ws/install/msgs_srvs/share/msgs_srvs/cmake/export_msgs_srvs__rosidl_typesupport_fastrtps_cExport-noconfig.cmake\n'}
[21.743064] (msgs_srvs) StdoutLine: {'line': b'-- Up-to-date: /ros2_ws/install/msgs_srvs/share/msgs_srvs/cmake/export_msgs_srvs__rosidl_generator_cppExport.cmake\n'}
[21.743186] (msgs_srvs) StdoutLine: {'line': b'-- Up-to-date: /ros2_ws/install/msgs_srvs/share/msgs_srvs/cmake/export_msgs_srvs__rosidl_typesupport_fastrtps_cppExport.cmake\n'}
[21.743384] (msgs_srvs) StdoutLine: {'line': b'-- Up-to-date: /ros2_ws/install/msgs_srvs/share/msgs_srvs/cmake/export_msgs_srvs__rosidl_typesupport_fastrtps_cppExport-noconfig.cmake\n'}
[21.743499] (msgs_srvs) StdoutLine: {'line': b'-- Up-to-date: /ros2_ws/install/msgs_srvs/share/msgs_srvs/cmake/msgs_srvs__rosidl_typesupport_introspection_cExport.cmake\n'}
[21.743572] (msgs_srvs) StdoutLine: {'line': b'-- Up-to-date: /ros2_ws/install/msgs_srvs/share/msgs_srvs/cmake/msgs_srvs__rosidl_typesupport_introspection_cExport-noconfig.cmake\n'}
[21.743640] (msgs_srvs) StdoutLine: {'line': b'-- Up-to-date: /ros2_ws/install/msgs_srvs/share/msgs_srvs/cmake/msgs_srvs__rosidl_typesupport_cExport.cmake\n'}
[21.743744] (msgs_srvs) StdoutLine: {'line': b'-- Up-to-date: /ros2_ws/install/msgs_srvs/share/msgs_srvs/cmake/msgs_srvs__rosidl_typesupport_cExport-noconfig.cmake\n'}
[21.743901] (msgs_srvs) StdoutLine: {'line': b'-- Up-to-date: /ros2_ws/install/msgs_srvs/share/msgs_srvs/cmake/msgs_srvs__rosidl_typesupport_introspection_cppExport.cmake\n'}
[21.744041] (msgs_srvs) StdoutLine: {'line': b'-- Up-to-date: /ros2_ws/install/msgs_srvs/share/msgs_srvs/cmake/msgs_srvs__rosidl_typesupport_introspection_cppExport-noconfig.cmake\n'}
[21.744116] (msgs_srvs) StdoutLine: {'line': b'-- Up-to-date: /ros2_ws/install/msgs_srvs/share/msgs_srvs/cmake/msgs_srvs__rosidl_typesupport_cppExport.cmake\n'}
[21.744182] (msgs_srvs) StdoutLine: {'line': b'-- Up-to-date: /ros2_ws/install/msgs_srvs/share/msgs_srvs/cmake/msgs_srvs__rosidl_typesupport_cppExport-noconfig.cmake\n'}
[21.744245] (msgs_srvs) StdoutLine: {'line': b'-- Up-to-date: /ros2_ws/install/msgs_srvs/share/msgs_srvs/cmake/export_msgs_srvs__rosidl_generator_pyExport.cmake\n'}
[21.744306] (msgs_srvs) StdoutLine: {'line': b'-- Up-to-date: /ros2_ws/install/msgs_srvs/share/msgs_srvs/cmake/export_msgs_srvs__rosidl_generator_pyExport-noconfig.cmake\n'}
[21.747178] (msgs_srvs) CommandEnded: {'returncode': 0}
[21.767003] (-) TimerEvent: {}
[21.783488] (msgs_srvs) JobEnded: {'identifier': 'msgs_srvs', 'rc': 0}
[21.784581] (-) EventReactorShutdown: {}
