[0.000000] (-) TimerEvent: {}
[0.000602] (driver) JobQueued: {'identifier': 'driver', 'dependencies': OrderedDict()}
[0.000937] (msgs_srvs) JobQueued: {'identifier': 'msgs_srvs', 'dependencies': OrderedDict()}
[0.000962] (oradar_lidar) JobQueued: {'identifier': 'oradar_lidar', 'dependencies': OrderedDict()}
[0.000983] (peripherals) JobQueued: {'identifier': 'peripherals', 'dependencies': OrderedDict()}
[0.001002] (driver) JobStarted: {'identifier': 'driver'}
[0.019733] (msgs_srvs) JobStarted: {'identifier': 'msgs_srvs'}
[0.026254] (oradar_lidar) JobStarted: {'identifier': 'oradar_lidar'}
[0.033171] (peripherals) JobStarted: {'identifier': 'peripherals'}
[0.099819] (-) TimerEvent: {}
[0.200814] (-) TimerEvent: {}
[0.301185] (-) TimerEvent: {}
[0.401571] (-) TimerEvent: {}
[0.482783] (msgs_srvs) JobProgress: {'identifier': 'msgs_srvs', 'progress': 'cmake'}
[0.484722] (msgs_srvs) JobProgress: {'identifier': 'msgs_srvs', 'progress': 'build'}
[0.486000] (msgs_srvs) Command: {'cmd': ['/usr/bin/cmake', '--build', '/ros2_ws/src/build/msgs_srvs', '--', '-j4', '-l4'], 'cwd': '/ros2_ws/src/build/msgs_srvs', 'env': OrderedDict([('VNCDESKTOP', 'TurboVNC: tarzan-desktop:1 ()'), ('LESSOPEN', '| /usr/bin/lesspipe %s'), ('HOSTNAME', 'tarzan-desktop'), ('SSH_AGENT_PID', '183'), ('SHLVL', '2'), ('LD_LIBRARY_PATH', '/ros2_ws/src/install/msgs_srvs/lib:/opt/ros/humble/opt/rviz_ogre_vendor/lib:/opt/ros/humble/lib/aarch64-linux-gnu:/opt/ros/humble/lib'), ('HOME', '/root'), ('DESKTOP_SESSION', 'xfce'), ('PANEL_GDK_CORE_DEVICE_EVENTS', '0'), ('ROS_PYTHON_VERSION', '3'), ('DBUS_SESSION_BUS_ADDRESS', 'unix:abstract=/tmp/dbus-4CJIhrXuxg,guid=f501d653e06661677ef966f767c66fec'), ('COLORTERM', 'truecolor'), ('COLCON_PREFIX_PATH', '/ros2_ws/src/install'), ('ROS_DISTRO', 'humble'), ('VGL_PROBEGLX', '0'), ('WINDOWID', '41943043'), ('FONT_ENCODINGS_DIRECTORY', '/usr/share/fonts/X11/encodings'), ('_', '/usr/bin/colcon'), ('ROS_VERSION', '2'), ('TERM', 'xterm-256color'), ('ROS_LOCALHOST_ONLY', '0'), ('PATH', '/ros2_ws/src/install/oradar_lidar/bin:/opt/ros/humble/bin:/usr/local/sbin:/usr/local/bin:/usr/sbin:/usr/bin:/sbin:/bin'), ('SESSION_MANAGER', 'local/tarzan-desktop:@/tmp/.ICE-unix/133,unix/tarzan-desktop:/tmp/.ICE-unix/133'), ('XDG_MENU_PREFIX', 'xfce-'), ('VGL_COMPRESS', '0'), ('DISPLAY', ':1.0'), ('LANG', 'en_US.UTF-8'), ('XDG_CURRENT_DESKTOP', 'XFCE'), ('LS_COLORS', 'rs=0:di=01;34:ln=01;36:mh=00:pi=40;33:so=01;35:do=01;35:bd=40;33;01:cd=40;33;01:or=40;31;01:mi=00:su=37;41:sg=30;43:ca=30;41:tw=30;42:ow=34;42:st=37;44:ex=01;32:*.tar=01;31:*.tgz=01;31:*.arc=01;31:*.arj=01;31:*.taz=01;31:*.lha=01;31:*.lz4=01;31:*.lzh=01;31:*.lzma=01;31:*.tlz=01;31:*.txz=01;31:*.tzo=01;31:*.t7z=01;31:*.zip=01;31:*.z=01;31:*.dz=01;31:*.gz=01;31:*.lrz=01;31:*.lz=01;31:*.lzo=01;31:*.xz=01;31:*.zst=01;31:*.tzst=01;31:*.bz2=01;31:*.bz=01;31:*.tbz=01;31:*.tbz2=01;31:*.tz=01;31:*.deb=01;31:*.rpm=01;31:*.jar=01;31:*.war=01;31:*.ear=01;31:*.sar=01;31:*.rar=01;31:*.alz=01;31:*.ace=01;31:*.zoo=01;31:*.cpio=01;31:*.7z=01;31:*.rz=01;31:*.cab=01;31:*.wim=01;31:*.swm=01;31:*.dwm=01;31:*.esd=01;31:*.jpg=01;35:*.jpeg=01;35:*.mjpg=01;35:*.mjpeg=01;35:*.gif=01;35:*.bmp=01;35:*.pbm=01;35:*.pgm=01;35:*.ppm=01;35:*.tga=01;35:*.xbm=01;35:*.xpm=01;35:*.tif=01;35:*.tiff=01;35:*.png=01;35:*.svg=01;35:*.svgz=01;35:*.mng=01;35:*.pcx=01;35:*.mov=01;35:*.mpg=01;35:*.mpeg=01;35:*.m2v=01;35:*.mkv=01;35:*.webm=01;35:*.webp=01;35:*.ogm=01;35:*.mp4=01;35:*.m4v=01;35:*.mp4v=01;35:*.vob=01;35:*.qt=01;35:*.nuv=01;35:*.wmv=01;35:*.asf=01;35:*.rm=01;35:*.rmvb=01;35:*.flc=01;35:*.avi=01;35:*.fli=01;35:*.flv=01;35:*.gl=01;35:*.dl=01;35:*.xcf=01;35:*.xwd=01;35:*.yuv=01;35:*.cgm=01;35:*.emf=01;35:*.ogv=01;35:*.ogx=01;35:*.aac=00;36:*.au=00;36:*.flac=00;36:*.m4a=00;36:*.mid=00;36:*.midi=00;36:*.mka=00;36:*.mp3=00;36:*.mpc=00;36:*.ogg=00;36:*.ra=00;36:*.wav=00;36:*.oga=00;36:*.opus=00;36:*.spx=00;36:*.xspf=00;36:'), ('SSH_AUTH_SOCK', '/tmp/ssh-XXXXXXHzT4dc/agent.182'), ('AMENT_PREFIX_PATH', '/ros2_ws/src/install/peripherals:/ros2_ws/src/install/oradar_lidar:/ros2_ws/src/install/msgs_srvs:/ros2_ws/src/install/driver:/opt/ros/humble'), ('DEBIAN_FRONTEND', 'noninteractive'), ('LESSCLOSE', '/usr/bin/lesspipe %s %s'), ('PWD', '/ros2_ws/src/build/msgs_srvs'), ('XDG_CONFIG_DIRS', '/etc/xdg'), ('XDG_DATA_DIRS', '/usr/local/share:/usr/share'), ('PYTHONPATH', '/ros2_ws/src/build/peripherals:/ros2_ws/src/install/peripherals/lib/python3.10/site-packages:/ros2_ws/src/install/msgs_srvs/local/lib/python3.10/dist-packages:/ros2_ws/src/build/driver:/ros2_ws/src/install/driver/lib/python3.10/site-packages:/opt/ros/humble/lib/python3.10/site-packages:/opt/ros/humble/local/lib/python3.10/dist-packages'), ('COLCON', '1'), ('VTE_VERSION', '6800'), ('CMAKE_PREFIX_PATH', '/ros2_ws/src/install/oradar_lidar:/ros2_ws/src/install/msgs_srvs:/ros2_ws/src/install/peripherals:/ros2_ws/src/install/driver:/opt/ros/humble')]), 'shell': False}
[0.491231] (oradar_lidar) JobProgress: {'identifier': 'oradar_lidar', 'progress': 'cmake'}
[0.492616] (oradar_lidar) JobProgress: {'identifier': 'oradar_lidar', 'progress': 'build'}
[0.493105] (oradar_lidar) Command: {'cmd': ['/usr/bin/cmake', '--build', '/ros2_ws/src/build/oradar_lidar', '--', '-j4', '-l4'], 'cwd': '/ros2_ws/src/build/oradar_lidar', 'env': OrderedDict([('VNCDESKTOP', 'TurboVNC: tarzan-desktop:1 ()'), ('LESSOPEN', '| /usr/bin/lesspipe %s'), ('HOSTNAME', 'tarzan-desktop'), ('SSH_AGENT_PID', '183'), ('SHLVL', '2'), ('LD_LIBRARY_PATH', '/ros2_ws/src/install/msgs_srvs/lib:/opt/ros/humble/opt/rviz_ogre_vendor/lib:/opt/ros/humble/lib/aarch64-linux-gnu:/opt/ros/humble/lib'), ('HOME', '/root'), ('DESKTOP_SESSION', 'xfce'), ('PANEL_GDK_CORE_DEVICE_EVENTS', '0'), ('ROS_PYTHON_VERSION', '3'), ('DBUS_SESSION_BUS_ADDRESS', 'unix:abstract=/tmp/dbus-4CJIhrXuxg,guid=f501d653e06661677ef966f767c66fec'), ('COLORTERM', 'truecolor'), ('COLCON_PREFIX_PATH', '/ros2_ws/src/install'), ('ROS_DISTRO', 'humble'), ('VGL_PROBEGLX', '0'), ('WINDOWID', '41943043'), ('FONT_ENCODINGS_DIRECTORY', '/usr/share/fonts/X11/encodings'), ('_', '/usr/bin/colcon'), ('ROS_VERSION', '2'), ('TERM', 'xterm-256color'), ('ROS_LOCALHOST_ONLY', '0'), ('PATH', '/ros2_ws/src/install/oradar_lidar/bin:/opt/ros/humble/bin:/usr/local/sbin:/usr/local/bin:/usr/sbin:/usr/bin:/sbin:/bin'), ('SESSION_MANAGER', 'local/tarzan-desktop:@/tmp/.ICE-unix/133,unix/tarzan-desktop:/tmp/.ICE-unix/133'), ('XDG_MENU_PREFIX', 'xfce-'), ('VGL_COMPRESS', '0'), ('DISPLAY', ':1.0'), ('LANG', 'en_US.UTF-8'), ('XDG_CURRENT_DESKTOP', 'XFCE'), ('LS_COLORS', 'rs=0:di=01;34:ln=01;36:mh=00:pi=40;33:so=01;35:do=01;35:bd=40;33;01:cd=40;33;01:or=40;31;01:mi=00:su=37;41:sg=30;43:ca=30;41:tw=30;42:ow=34;42:st=37;44:ex=01;32:*.tar=01;31:*.tgz=01;31:*.arc=01;31:*.arj=01;31:*.taz=01;31:*.lha=01;31:*.lz4=01;31:*.lzh=01;31:*.lzma=01;31:*.tlz=01;31:*.txz=01;31:*.tzo=01;31:*.t7z=01;31:*.zip=01;31:*.z=01;31:*.dz=01;31:*.gz=01;31:*.lrz=01;31:*.lz=01;31:*.lzo=01;31:*.xz=01;31:*.zst=01;31:*.tzst=01;31:*.bz2=01;31:*.bz=01;31:*.tbz=01;31:*.tbz2=01;31:*.tz=01;31:*.deb=01;31:*.rpm=01;31:*.jar=01;31:*.war=01;31:*.ear=01;31:*.sar=01;31:*.rar=01;31:*.alz=01;31:*.ace=01;31:*.zoo=01;31:*.cpio=01;31:*.7z=01;31:*.rz=01;31:*.cab=01;31:*.wim=01;31:*.swm=01;31:*.dwm=01;31:*.esd=01;31:*.jpg=01;35:*.jpeg=01;35:*.mjpg=01;35:*.mjpeg=01;35:*.gif=01;35:*.bmp=01;35:*.pbm=01;35:*.pgm=01;35:*.ppm=01;35:*.tga=01;35:*.xbm=01;35:*.xpm=01;35:*.tif=01;35:*.tiff=01;35:*.png=01;35:*.svg=01;35:*.svgz=01;35:*.mng=01;35:*.pcx=01;35:*.mov=01;35:*.mpg=01;35:*.mpeg=01;35:*.m2v=01;35:*.mkv=01;35:*.webm=01;35:*.webp=01;35:*.ogm=01;35:*.mp4=01;35:*.m4v=01;35:*.mp4v=01;35:*.vob=01;35:*.qt=01;35:*.nuv=01;35:*.wmv=01;35:*.asf=01;35:*.rm=01;35:*.rmvb=01;35:*.flc=01;35:*.avi=01;35:*.fli=01;35:*.flv=01;35:*.gl=01;35:*.dl=01;35:*.xcf=01;35:*.xwd=01;35:*.yuv=01;35:*.cgm=01;35:*.emf=01;35:*.ogv=01;35:*.ogx=01;35:*.aac=00;36:*.au=00;36:*.flac=00;36:*.m4a=00;36:*.mid=00;36:*.midi=00;36:*.mka=00;36:*.mp3=00;36:*.mpc=00;36:*.ogg=00;36:*.ra=00;36:*.wav=00;36:*.oga=00;36:*.opus=00;36:*.spx=00;36:*.xspf=00;36:'), ('SSH_AUTH_SOCK', '/tmp/ssh-XXXXXXHzT4dc/agent.182'), ('AMENT_PREFIX_PATH', '/ros2_ws/src/install/peripherals:/ros2_ws/src/install/oradar_lidar:/ros2_ws/src/install/msgs_srvs:/ros2_ws/src/install/driver:/opt/ros/humble'), ('DEBIAN_FRONTEND', 'noninteractive'), ('LESSCLOSE', '/usr/bin/lesspipe %s %s'), ('PWD', '/ros2_ws/src/build/oradar_lidar'), ('XDG_CONFIG_DIRS', '/etc/xdg'), ('XDG_DATA_DIRS', '/usr/local/share:/usr/share'), ('PYTHONPATH', '/ros2_ws/src/build/peripherals:/ros2_ws/src/install/peripherals/lib/python3.10/site-packages:/ros2_ws/src/install/msgs_srvs/local/lib/python3.10/dist-packages:/ros2_ws/src/build/driver:/ros2_ws/src/install/driver/lib/python3.10/site-packages:/opt/ros/humble/lib/python3.10/site-packages:/opt/ros/humble/local/lib/python3.10/dist-packages'), ('COLCON', '1'), ('VTE_VERSION', '6800'), ('CMAKE_PREFIX_PATH', '/ros2_ws/src/install/oradar_lidar:/ros2_ws/src/install/msgs_srvs:/ros2_ws/src/install/peripherals:/ros2_ws/src/install/driver:/opt/ros/humble')]), 'shell': False}
[0.501682] (-) TimerEvent: {}
[0.543561] (msgs_srvs) StdoutLine: {'line': b'-- Found ament_cmake: 1.3.11 (/opt/ros/humble/share/ament_cmake/cmake)\n'}
[0.567574] (oradar_lidar) StderrLine: {'line': b'\x1b[0m=============================================================\x1b[0m\n'}
[0.570222] (oradar_lidar) StderrLine: {'line': b'\x1b[0m-- ROS Not Found, Ros Support is turned Off!\x1b[0m\n'}
[0.570813] (oradar_lidar) StderrLine: {'line': b'\x1b[0m=============================================================\x1b[0m\n'}
[0.601812] (-) TimerEvent: {}
[0.702225] (-) TimerEvent: {}
[0.802733] (-) TimerEvent: {}
[0.841247] (msgs_srvs) StdoutLine: {'line': b'-- Override CMake install command with custom implementation using symlinks instead of copying resources\n'}
[0.861683] (msgs_srvs) StdoutLine: {'line': b'-- Found builtin_interfaces: 1.2.1 (/opt/ros/humble/share/builtin_interfaces/cmake)\n'}
[0.867920] (oradar_lidar) StdoutLine: {'line': b'-- Override CMake install command with custom implementation using symlinks instead of copying resources\n'}
[0.896595] (msgs_srvs) StdoutLine: {'line': b'-- Found rosidl_generator_c: 3.1.6 (/opt/ros/humble/share/rosidl_generator_c/cmake)\n'}
[0.900615] (msgs_srvs) StdoutLine: {'line': b'-- Found rosidl_adapter: 3.1.6 (/opt/ros/humble/share/rosidl_adapter/cmake)\n'}
[0.902819] (-) TimerEvent: {}
[0.909301] (msgs_srvs) StdoutLine: {'line': b'-- Found rosidl_generator_cpp: 3.1.6 (/opt/ros/humble/share/rosidl_generator_cpp/cmake)\n'}
[0.920581] (oradar_lidar) StdoutLine: {'line': b'-- Found rosidl_generator_c: 3.1.6 (/opt/ros/humble/share/rosidl_generator_c/cmake)\n'}
[0.923108] (msgs_srvs) StdoutLine: {'line': b'-- Using all available rosidl_typesupport_c: rosidl_typesupport_fastrtps_c;rosidl_typesupport_introspection_c\n'}
[0.924367] (oradar_lidar) StdoutLine: {'line': b'-- Found rosidl_adapter: 3.1.6 (/opt/ros/humble/share/rosidl_adapter/cmake)\n'}
[0.936143] (oradar_lidar) StdoutLine: {'line': b'-- Found rosidl_generator_cpp: 3.1.6 (/opt/ros/humble/share/rosidl_generator_cpp/cmake)\n'}
[0.948609] (msgs_srvs) StdoutLine: {'line': b'-- Using all available rosidl_typesupport_cpp: rosidl_typesupport_fastrtps_cpp;rosidl_typesupport_introspection_cpp\n'}
[0.957526] (oradar_lidar) StdoutLine: {'line': b'-- Using all available rosidl_typesupport_c: rosidl_typesupport_fastrtps_c;rosidl_typesupport_introspection_c\n'}
[0.974901] (msgs_srvs) StdoutLine: {'line': b'-- Found rosidl_default_generators: 1.2.0 (/opt/ros/humble/share/rosidl_default_generators/cmake)\n'}
[0.981586] (oradar_lidar) StdoutLine: {'line': b'-- Using all available rosidl_typesupport_cpp: rosidl_typesupport_fastrtps_cpp;rosidl_typesupport_introspection_cpp\n'}
[0.988703] (msgs_srvs) StdoutLine: {'line': b'-- Found std_msgs: 4.2.4 (/opt/ros/humble/share/std_msgs/cmake)\n'}
[1.005607] (-) TimerEvent: {}
[1.046654] (oradar_lidar) StdoutLine: {'line': b'-- Found rmw_implementation_cmake: 6.1.2 (/opt/ros/humble/share/rmw_implementation_cmake/cmake)\n'}
[1.051586] (oradar_lidar) StdoutLine: {'line': b'-- Found rmw_fastrtps_cpp: 6.2.7 (/opt/ros/humble/share/rmw_fastrtps_cpp/cmake)\n'}
[1.105755] (-) TimerEvent: {}
[1.208006] (-) TimerEvent: {}
[1.308690] (-) TimerEvent: {}
[1.318638] (oradar_lidar) StdoutLine: {'line': b"-- Using RMW implementation 'rmw_fastrtps_cpp' as default\n"}
[1.408827] (-) TimerEvent: {}
[1.421597] (oradar_lidar) StderrLine: {'line': b'\x1b[0m=============================================================\x1b[0m\n'}
[1.421924] (oradar_lidar) StderrLine: {'line': b'\x1b[0m-- ROS2 Found. ROS2 Support is turned On!\x1b[0m\n'}
[1.422037] (oradar_lidar) StderrLine: {'line': b'\x1b[0m=============================================================\x1b[0m\n'}
[1.422619] (oradar_lidar) StdoutLine: {'line': b'-- Found sensor_msgs: 4.2.4 (/opt/ros/humble/share/sensor_msgs/cmake)\n'}
[1.508948] (-) TimerEvent: {}
[1.512693] (oradar_lidar) StderrLine: {'line': b'\x1b[0mCMake Deprecation Warning at sdk/CMakeLists.txt:36 (cmake_policy):\n'}
[1.512992] (oradar_lidar) StderrLine: {'line': b'  The OLD behavior for policy CMP0053 will be removed from a future version\n'}
[1.513100] (oradar_lidar) StderrLine: {'line': b'  of CMake.\n'}
[1.513189] (oradar_lidar) StderrLine: {'line': b'\n'}
[1.513271] (oradar_lidar) StderrLine: {'line': b'  The cmake-policies(7) manual explains that the OLD behaviors of all\n'}
[1.513349] (oradar_lidar) StderrLine: {'line': b'  policies are deprecated and that a policy should be set to OLD only under\n'}
[1.513418] (oradar_lidar) StderrLine: {'line': b'  specific short-term circumstances.  Projects should be ported to the NEW\n'}
[1.513505] (oradar_lidar) StderrLine: {'line': b'  behavior and not rely on setting a policy to OLD.\n'}
[1.513594] (oradar_lidar) StderrLine: {'line': b'\n'}
[1.513664] (oradar_lidar) StderrLine: {'line': b'\x1b[0m\n'}
[1.513730] (oradar_lidar) StderrLine: {'line': b'\x1b[0mCMake Deprecation Warning at sdk/CMakeLists.txt:39 (cmake_policy):\n'}
[1.513805] (oradar_lidar) StderrLine: {'line': b'  The OLD behavior for policy CMP0037 will be removed from a future version\n'}
[1.513885] (oradar_lidar) StderrLine: {'line': b'  of CMake.\n'}
[1.513957] (oradar_lidar) StderrLine: {'line': b'\n'}
[1.514030] (oradar_lidar) StderrLine: {'line': b'  The cmake-policies(7) manual explains that the OLD behaviors of all\n'}
[1.514114] (oradar_lidar) StderrLine: {'line': b'  policies are deprecated and that a policy should be set to OLD only under\n'}
[1.514198] (oradar_lidar) StderrLine: {'line': b'  specific short-term circumstances.  Projects should be ported to the NEW\n'}
[1.514268] (oradar_lidar) StderrLine: {'line': b'  behavior and not rely on setting a policy to OLD.\n'}
[1.514337] (oradar_lidar) StderrLine: {'line': b'\n'}
[1.514606] (oradar_lidar) StderrLine: {'line': b'\x1b[0m\n'}
[1.514757] (oradar_lidar) StderrLine: {'line': b'\x1b[0mCMake Deprecation Warning at sdk/CMakeLists.txt:42 (cmake_policy):\n'}
[1.514862] (oradar_lidar) StderrLine: {'line': b'  The OLD behavior for policy CMP0043 will be removed from a future version\n'}
[1.514957] (oradar_lidar) StderrLine: {'line': b'  of CMake.\n'}
[1.515035] (oradar_lidar) StderrLine: {'line': b'\n'}
[1.515121] (oradar_lidar) StderrLine: {'line': b'  The cmake-policies(7) manual explains that the OLD behaviors of all\n'}
[1.515214] (oradar_lidar) StderrLine: {'line': b'  policies are deprecated and that a policy should be set to OLD only under\n'}
[1.515307] (oradar_lidar) StderrLine: {'line': b'  specific short-term circumstances.  Projects should be ported to the NEW\n'}
[1.515388] (oradar_lidar) StderrLine: {'line': b'  behavior and not rely on setting a policy to OLD.\n'}
[1.515464] (oradar_lidar) StderrLine: {'line': b'\n'}
[1.515570] (oradar_lidar) StderrLine: {'line': b'\x1b[0m\n'}
[1.517679] (oradar_lidar) StdoutLine: {'line': b'-- Could NOT find SWIG (missing: SWIG_EXECUTABLE SWIG_DIR) \n'}
[1.609076] (-) TimerEvent: {}
[1.617101] (oradar_lidar) StderrLine: {'line': b'\x1b[0mCMake Deprecation Warning at sdk/cmake/install_package.cmake:101 (cmake_policy):\n'}
[1.617530] (oradar_lidar) StderrLine: {'line': b'  The OLD behavior for policy CMP0026 will be removed from a future version\n'}
[1.617785] (oradar_lidar) StderrLine: {'line': b'  of CMake.\n'}
[1.617964] (oradar_lidar) StderrLine: {'line': b'\n'}
[1.618167] (oradar_lidar) StderrLine: {'line': b'  The cmake-policies(7) manual explains that the OLD behaviors of all\n'}
[1.618417] (oradar_lidar) StderrLine: {'line': b'  policies are deprecated and that a policy should be set to OLD only under\n'}
[1.618668] (oradar_lidar) StderrLine: {'line': b'  specific short-term circumstances.  Projects should be ported to the NEW\n'}
[1.618896] (oradar_lidar) StderrLine: {'line': b'  behavior and not rely on setting a policy to OLD.\n'}
[1.619179] (oradar_lidar) StderrLine: {'line': b'Call Stack (most recent call first):\n'}
[1.619313] (oradar_lidar) StderrLine: {'line': b'  sdk/CMakeLists.txt:105 (install_package)\n'}
[1.619411] (oradar_lidar) StderrLine: {'line': b'\n'}
[1.621021] (oradar_lidar) StderrLine: {'line': b'\x1b[0m\n'}
[1.709226] (-) TimerEvent: {}
[1.813619] (-) TimerEvent: {}
[1.818497] (peripherals) Command: {'cmd': ['/usr/bin/python3', '-W', 'ignore:setup.py install is deprecated', '-W', 'ignore:easy_install command is deprecated', 'setup.py', 'develop', '--editable', '--build-directory', '/ros2_ws/src/build/peripherals/build', '--no-deps', 'symlink_data'], 'cwd': '/ros2_ws/src/build/peripherals', 'env': {'VNCDESKTOP': 'TurboVNC: tarzan-desktop:1 ()', 'LESSOPEN': '| /usr/bin/lesspipe %s', 'HOSTNAME': 'tarzan-desktop', 'SSH_AGENT_PID': '183', 'SHLVL': '2', 'LD_LIBRARY_PATH': '/ros2_ws/src/install/msgs_srvs/lib:/opt/ros/humble/opt/rviz_ogre_vendor/lib:/opt/ros/humble/lib/aarch64-linux-gnu:/opt/ros/humble/lib', 'HOME': '/root', 'DESKTOP_SESSION': 'xfce', 'PANEL_GDK_CORE_DEVICE_EVENTS': '0', 'ROS_PYTHON_VERSION': '3', 'DBUS_SESSION_BUS_ADDRESS': 'unix:abstract=/tmp/dbus-4CJIhrXuxg,guid=f501d653e06661677ef966f767c66fec', 'COLORTERM': 'truecolor', 'COLCON_PREFIX_PATH': '/ros2_ws/src/install', 'ROS_DISTRO': 'humble', 'VGL_PROBEGLX': '0', 'WINDOWID': '41943043', 'FONT_ENCODINGS_DIRECTORY': '/usr/share/fonts/X11/encodings', '_': '/usr/bin/colcon', 'ROS_VERSION': '2', 'TERM': 'xterm-256color', 'ROS_LOCALHOST_ONLY': '0', 'PATH': '/ros2_ws/src/install/oradar_lidar/bin:/opt/ros/humble/bin:/usr/local/sbin:/usr/local/bin:/usr/sbin:/usr/bin:/sbin:/bin', 'SESSION_MANAGER': 'local/tarzan-desktop:@/tmp/.ICE-unix/133,unix/tarzan-desktop:/tmp/.ICE-unix/133', 'XDG_MENU_PREFIX': 'xfce-', 'VGL_COMPRESS': '0', 'DISPLAY': ':1.0', 'LANG': 'en_US.UTF-8', 'XDG_CURRENT_DESKTOP': 'XFCE', 'LS_COLORS': 'rs=0:di=01;34:ln=01;36:mh=00:pi=40;33:so=01;35:do=01;35:bd=40;33;01:cd=40;33;01:or=40;31;01:mi=00:su=37;41:sg=30;43:ca=30;41:tw=30;42:ow=34;42:st=37;44:ex=01;32:*.tar=01;31:*.tgz=01;31:*.arc=01;31:*.arj=01;31:*.taz=01;31:*.lha=01;31:*.lz4=01;31:*.lzh=01;31:*.lzma=01;31:*.tlz=01;31:*.txz=01;31:*.tzo=01;31:*.t7z=01;31:*.zip=01;31:*.z=01;31:*.dz=01;31:*.gz=01;31:*.lrz=01;31:*.lz=01;31:*.lzo=01;31:*.xz=01;31:*.zst=01;31:*.tzst=01;31:*.bz2=01;31:*.bz=01;31:*.tbz=01;31:*.tbz2=01;31:*.tz=01;31:*.deb=01;31:*.rpm=01;31:*.jar=01;31:*.war=01;31:*.ear=01;31:*.sar=01;31:*.rar=01;31:*.alz=01;31:*.ace=01;31:*.zoo=01;31:*.cpio=01;31:*.7z=01;31:*.rz=01;31:*.cab=01;31:*.wim=01;31:*.swm=01;31:*.dwm=01;31:*.esd=01;31:*.jpg=01;35:*.jpeg=01;35:*.mjpg=01;35:*.mjpeg=01;35:*.gif=01;35:*.bmp=01;35:*.pbm=01;35:*.pgm=01;35:*.ppm=01;35:*.tga=01;35:*.xbm=01;35:*.xpm=01;35:*.tif=01;35:*.tiff=01;35:*.png=01;35:*.svg=01;35:*.svgz=01;35:*.mng=01;35:*.pcx=01;35:*.mov=01;35:*.mpg=01;35:*.mpeg=01;35:*.m2v=01;35:*.mkv=01;35:*.webm=01;35:*.webp=01;35:*.ogm=01;35:*.mp4=01;35:*.m4v=01;35:*.mp4v=01;35:*.vob=01;35:*.qt=01;35:*.nuv=01;35:*.wmv=01;35:*.asf=01;35:*.rm=01;35:*.rmvb=01;35:*.flc=01;35:*.avi=01;35:*.fli=01;35:*.flv=01;35:*.gl=01;35:*.dl=01;35:*.xcf=01;35:*.xwd=01;35:*.yuv=01;35:*.cgm=01;35:*.emf=01;35:*.ogv=01;35:*.ogx=01;35:*.aac=00;36:*.au=00;36:*.flac=00;36:*.m4a=00;36:*.mid=00;36:*.midi=00;36:*.mka=00;36:*.mp3=00;36:*.mpc=00;36:*.ogg=00;36:*.ra=00;36:*.wav=00;36:*.oga=00;36:*.opus=00;36:*.spx=00;36:*.xspf=00;36:', 'SSH_AUTH_SOCK': '/tmp/ssh-XXXXXXHzT4dc/agent.182', 'AMENT_PREFIX_PATH': '/ros2_ws/src/install/peripherals:/ros2_ws/src/install/oradar_lidar:/ros2_ws/src/install/msgs_srvs:/ros2_ws/src/install/driver:/opt/ros/humble', 'DEBIAN_FRONTEND': 'noninteractive', 'LESSCLOSE': '/usr/bin/lesspipe %s %s', 'PWD': '/ros2_ws/src/build/peripherals', 'XDG_CONFIG_DIRS': '/etc/xdg', 'XDG_DATA_DIRS': '/usr/local/share:/usr/share', 'PYTHONPATH': '/ros2_ws/src/build/peripherals/prefix_override:/usr/lib/python3/dist-packages/colcon_core/task/python/colcon_distutils_commands:/ros2_ws/src/install/peripherals/lib/python3.10/site-packages:/ros2_ws/src/build/peripherals:/ros2_ws/src/install/peripherals/lib/python3.10/site-packages:/ros2_ws/src/install/msgs_srvs/local/lib/python3.10/dist-packages:/ros2_ws/src/build/driver:/ros2_ws/src/install/driver/lib/python3.10/site-packages:/opt/ros/humble/lib/python3.10/site-packages:/opt/ros/humble/local/lib/python3.10/dist-packages', 'COLCON': '1', 'VTE_VERSION': '6800', 'CMAKE_PREFIX_PATH': '/ros2_ws/src/install/oradar_lidar:/ros2_ws/src/install/msgs_srvs'}, 'shell': False}
[1.864587] (oradar_lidar) StdoutLine: {'line': b'-- Configuring done\n'}
[1.886048] (msgs_srvs) StdoutLine: {'line': b'-- Found ament_cmake_ros: 0.10.0 (/opt/ros/humble/share/ament_cmake_ros/cmake)\n'}
[1.913761] (-) TimerEvent: {}
[1.977836] (oradar_lidar) StdoutLine: {'line': b'-- Generating done\n'}
[2.014020] (-) TimerEvent: {}
[2.029169] (driver) Command: {'cmd': ['/usr/bin/python3', '-W', 'ignore:setup.py install is deprecated', '-W', 'ignore:easy_install command is deprecated', 'setup.py', 'develop', '--editable', '--build-directory', '/ros2_ws/src/build/driver/build', '--no-deps', 'symlink_data'], 'cwd': '/ros2_ws/src/build/driver', 'env': {'VNCDESKTOP': 'TurboVNC: tarzan-desktop:1 ()', 'LESSOPEN': '| /usr/bin/lesspipe %s', 'HOSTNAME': 'tarzan-desktop', 'SSH_AGENT_PID': '183', 'SHLVL': '2', 'LD_LIBRARY_PATH': '/ros2_ws/src/install/msgs_srvs/lib:/opt/ros/humble/opt/rviz_ogre_vendor/lib:/opt/ros/humble/lib/aarch64-linux-gnu:/opt/ros/humble/lib', 'HOME': '/root', 'DESKTOP_SESSION': 'xfce', 'PANEL_GDK_CORE_DEVICE_EVENTS': '0', 'ROS_PYTHON_VERSION': '3', 'DBUS_SESSION_BUS_ADDRESS': 'unix:abstract=/tmp/dbus-4CJIhrXuxg,guid=f501d653e06661677ef966f767c66fec', 'COLORTERM': 'truecolor', 'COLCON_PREFIX_PATH': '/ros2_ws/src/install', 'ROS_DISTRO': 'humble', 'VGL_PROBEGLX': '0', 'WINDOWID': '41943043', 'FONT_ENCODINGS_DIRECTORY': '/usr/share/fonts/X11/encodings', '_': '/usr/bin/colcon', 'ROS_VERSION': '2', 'TERM': 'xterm-256color', 'ROS_LOCALHOST_ONLY': '0', 'PATH': '/ros2_ws/src/install/oradar_lidar/bin:/opt/ros/humble/bin:/usr/local/sbin:/usr/local/bin:/usr/sbin:/usr/bin:/sbin:/bin', 'SESSION_MANAGER': 'local/tarzan-desktop:@/tmp/.ICE-unix/133,unix/tarzan-desktop:/tmp/.ICE-unix/133', 'XDG_MENU_PREFIX': 'xfce-', 'VGL_COMPRESS': '0', 'DISPLAY': ':1.0', 'LANG': 'en_US.UTF-8', 'XDG_CURRENT_DESKTOP': 'XFCE', 'LS_COLORS': 'rs=0:di=01;34:ln=01;36:mh=00:pi=40;33:so=01;35:do=01;35:bd=40;33;01:cd=40;33;01:or=40;31;01:mi=00:su=37;41:sg=30;43:ca=30;41:tw=30;42:ow=34;42:st=37;44:ex=01;32:*.tar=01;31:*.tgz=01;31:*.arc=01;31:*.arj=01;31:*.taz=01;31:*.lha=01;31:*.lz4=01;31:*.lzh=01;31:*.lzma=01;31:*.tlz=01;31:*.txz=01;31:*.tzo=01;31:*.t7z=01;31:*.zip=01;31:*.z=01;31:*.dz=01;31:*.gz=01;31:*.lrz=01;31:*.lz=01;31:*.lzo=01;31:*.xz=01;31:*.zst=01;31:*.tzst=01;31:*.bz2=01;31:*.bz=01;31:*.tbz=01;31:*.tbz2=01;31:*.tz=01;31:*.deb=01;31:*.rpm=01;31:*.jar=01;31:*.war=01;31:*.ear=01;31:*.sar=01;31:*.rar=01;31:*.alz=01;31:*.ace=01;31:*.zoo=01;31:*.cpio=01;31:*.7z=01;31:*.rz=01;31:*.cab=01;31:*.wim=01;31:*.swm=01;31:*.dwm=01;31:*.esd=01;31:*.jpg=01;35:*.jpeg=01;35:*.mjpg=01;35:*.mjpeg=01;35:*.gif=01;35:*.bmp=01;35:*.pbm=01;35:*.pgm=01;35:*.ppm=01;35:*.tga=01;35:*.xbm=01;35:*.xpm=01;35:*.tif=01;35:*.tiff=01;35:*.png=01;35:*.svg=01;35:*.svgz=01;35:*.mng=01;35:*.pcx=01;35:*.mov=01;35:*.mpg=01;35:*.mpeg=01;35:*.m2v=01;35:*.mkv=01;35:*.webm=01;35:*.webp=01;35:*.ogm=01;35:*.mp4=01;35:*.m4v=01;35:*.mp4v=01;35:*.vob=01;35:*.qt=01;35:*.nuv=01;35:*.wmv=01;35:*.asf=01;35:*.rm=01;35:*.rmvb=01;35:*.flc=01;35:*.avi=01;35:*.fli=01;35:*.flv=01;35:*.gl=01;35:*.dl=01;35:*.xcf=01;35:*.xwd=01;35:*.yuv=01;35:*.cgm=01;35:*.emf=01;35:*.ogv=01;35:*.ogx=01;35:*.aac=00;36:*.au=00;36:*.flac=00;36:*.m4a=00;36:*.mid=00;36:*.midi=00;36:*.mka=00;36:*.mp3=00;36:*.mpc=00;36:*.ogg=00;36:*.ra=00;36:*.wav=00;36:*.oga=00;36:*.opus=00;36:*.spx=00;36:*.xspf=00;36:', 'SSH_AUTH_SOCK': '/tmp/ssh-XXXXXXHzT4dc/agent.182', 'AMENT_PREFIX_PATH': '/ros2_ws/src/install/peripherals:/ros2_ws/src/install/oradar_lidar:/ros2_ws/src/install/msgs_srvs:/ros2_ws/src/install/driver:/opt/ros/humble', 'DEBIAN_FRONTEND': 'noninteractive', 'LESSCLOSE': '/usr/bin/lesspipe %s %s', 'PWD': '/ros2_ws/src/build/driver', 'XDG_CONFIG_DIRS': '/etc/xdg', 'XDG_DATA_DIRS': '/usr/local/share:/usr/share', 'PYTHONPATH': '/ros2_ws/src/build/driver/prefix_override:/usr/lib/python3/dist-packages/colcon_core/task/python/colcon_distutils_commands:/ros2_ws/src/install/driver/lib/python3.10/site-packages:/ros2_ws/src/build/peripherals:/ros2_ws/src/install/peripherals/lib/python3.10/site-packages:/ros2_ws/src/install/msgs_srvs/local/lib/python3.10/dist-packages:/ros2_ws/src/build/driver:/ros2_ws/src/install/driver/lib/python3.10/site-packages:/opt/ros/humble/lib/python3.10/site-packages:/opt/ros/humble/local/lib/python3.10/dist-packages', 'COLCON': '1', 'VTE_VERSION': '6800', 'CMAKE_PREFIX_PATH': '/ros2_ws/src/install/oradar_lidar:/ros2_ws/src/install/msgs_srvs'}, 'shell': False}
[2.041892] (oradar_lidar) StdoutLine: {'line': b'-- Build files have been written to: /ros2_ws/src/build/oradar_lidar\n'}
[2.114773] (-) TimerEvent: {}
[2.179688] (oradar_lidar) StdoutLine: {'line': b'\x1b[35m\x1b[1mConsolidate compiler generated dependencies of target oradar_sdk\x1b[0m\n'}
[2.214919] (-) TimerEvent: {}
[2.249212] (oradar_lidar) StdoutLine: {'line': b'[  5%] \x1b[32mBuilding CXX object sdk/CMakeFiles/oradar_sdk.dir/core/network/ActiveSocket.cpp.o\x1b[0m\n'}
[2.253051] (oradar_lidar) StdoutLine: {'line': b'[ 10%] \x1b[32mBuilding CXX object sdk/CMakeFiles/oradar_sdk.dir/core/base/timer.cpp.o\x1b[0m\n'}
[2.265787] (oradar_lidar) StdoutLine: {'line': b'[ 15%] \x1b[32mBuilding CXX object sdk/CMakeFiles/oradar_sdk.dir/core/network/SimpleSocket.cpp.o\x1b[0m\n'}
[2.270901] (oradar_lidar) StdoutLine: {'line': b'[ 20%] \x1b[32mBuilding CXX object sdk/CMakeFiles/oradar_sdk.dir/core/network/PassiveSocket.cpp.o\x1b[0m\n'}
[2.315038] (-) TimerEvent: {}
[2.418712] (-) TimerEvent: {}
[2.519165] (-) TimerEvent: {}
[2.619877] (-) TimerEvent: {}
[2.720593] (-) TimerEvent: {}
[2.825580] (-) TimerEvent: {}
[2.872816] (peripherals) StdoutLine: {'line': b'running develop\n'}
[2.925729] (-) TimerEvent: {}
[3.023685] (msgs_srvs) StdoutLine: {'line': b'-- Using all available rosidl_typesupport_c: rosidl_typesupport_fastrtps_c;rosidl_typesupport_introspection_c\n'}
[3.025852] (-) TimerEvent: {}
[3.128629] (-) TimerEvent: {}
[3.229191] (-) TimerEvent: {}
[3.301270] (oradar_lidar) StdoutLine: {'line': b'[ 25%] \x1b[32mBuilding CXX object sdk/CMakeFiles/oradar_sdk.dir/core/serial/serial.cpp.o\x1b[0m\n'}
[3.329339] (-) TimerEvent: {}
[3.425636] (driver) StdoutLine: {'line': b'running develop\n'}
[3.428708] (msgs_srvs) StdoutLine: {'line': b'-- Using all available rosidl_typesupport_cpp: rosidl_typesupport_fastrtps_cpp;rosidl_typesupport_introspection_cpp\n'}
[3.429470] (-) TimerEvent: {}
[3.532584] (-) TimerEvent: {}
[3.547997] (msgs_srvs) StdoutLine: {'line': b'-- Found python_cmake_module: 0.10.0 (/opt/ros/humble/share/python_cmake_module/cmake)\n'}
[3.612168] (msgs_srvs) StdoutLine: {'line': b'-- Using PYTHON_EXECUTABLE: /usr/bin/python3\n'}
[3.612633] (msgs_srvs) StdoutLine: {'line': b'-- Using PYTHON_INCLUDE_DIRS: /usr/include/python3.10\n'}
[3.612925] (msgs_srvs) StdoutLine: {'line': b'-- Using PYTHON_LIBRARIES: /usr/lib/aarch64-linux-gnu/libpython3.10.so\n'}
[3.632707] (-) TimerEvent: {}
[3.716646] (msgs_srvs) StdoutLine: {'line': b'-- Found ament_lint_auto: 0.12.11 (/opt/ros/humble/share/ament_lint_auto/cmake)\n'}
[3.733170] (-) TimerEvent: {}
[3.742610] (msgs_srvs) StdoutLine: {'line': b"-- Added test 'lint_cmake' to check CMake code style\n"}
[3.742924] (msgs_srvs) StdoutLine: {'line': b"-- Added test 'xmllint' to check XML markup files\n"}
[3.746057] (msgs_srvs) StdoutLine: {'line': b'-- Configuring done\n'}
[3.793222] (oradar_lidar) StdoutLine: {'line': b'[ 30%] \x1b[32mBuilding C object sdk/CMakeFiles/oradar_sdk.dir/core/serial/impl/unix/lock.c.o\x1b[0m\n'}
[3.835665] (-) TimerEvent: {}
[3.913307] (peripherals) StdoutLine: {'line': b'running egg_info\n'}
[3.913731] (peripherals) StdoutLine: {'line': b'writing peripherals.egg-info/PKG-INFO\n'}
[3.918822] (peripherals) StdoutLine: {'line': b'writing dependency_links to peripherals.egg-info/dependency_links.txt\n'}
[3.924002] (peripherals) StdoutLine: {'line': b'writing entry points to peripherals.egg-info/entry_points.txt\n'}
[3.925128] (peripherals) StdoutLine: {'line': b'writing requirements to peripherals.egg-info/requires.txt\n'}
[3.926581] (peripherals) StdoutLine: {'line': b'writing top-level names to peripherals.egg-info/top_level.txt\n'}
[3.937592] (-) TimerEvent: {}
[3.942805] (peripherals) StdoutLine: {'line': b"reading manifest file 'peripherals.egg-info/SOURCES.txt'\n"}
[3.950441] (peripherals) StdoutLine: {'line': b"writing manifest file 'peripherals.egg-info/SOURCES.txt'\n"}
[3.963001] (peripherals) StdoutLine: {'line': b'running build_ext\n'}
[3.963317] (peripherals) StdoutLine: {'line': b'Creating /ros2_ws/src/install/peripherals/lib/python3.10/site-packages/peripherals.egg-link (link to .)\n'}
[3.974599] (peripherals) StdoutLine: {'line': b'Installing teleop_keyboard script to /ros2_ws/src/install/peripherals/lib/peripherals\n'}
[3.977960] (peripherals) StdoutLine: {'line': b'\n'}
[3.978622] (peripherals) StdoutLine: {'line': b'Installed /ros2_ws/src/build/peripherals\n'}
[3.978770] (peripherals) StdoutLine: {'line': b'running symlink_data\n'}
[4.040813] (-) TimerEvent: {}
[4.096822] (oradar_lidar) StdoutLine: {'line': b'[ 35%] \x1b[32mBuilding CXX object sdk/CMakeFiles/oradar_sdk.dir/core/serial/impl/unix/list_ports_linux.cpp.o\x1b[0m\n'}
[4.100638] (msgs_srvs) StdoutLine: {'line': b'-- Generating done\n'}
[4.143598] (-) TimerEvent: {}
[4.209672] (msgs_srvs) StdoutLine: {'line': b'-- Build files have been written to: /ros2_ws/src/build/msgs_srvs\n'}
[4.243762] (-) TimerEvent: {}
[4.276764] (oradar_lidar) StdoutLine: {'line': b'[ 40%] \x1b[32mBuilding CXX object sdk/CMakeFiles/oradar_sdk.dir/core/serial/impl/unix/unix_serial.cpp.o\x1b[0m\n'}
[4.287998] (peripherals) CommandEnded: {'returncode': 0}
[4.346558] (-) TimerEvent: {}
[4.378114] (peripherals) JobEnded: {'identifier': 'peripherals', 'rc': 0}
[4.381093] (driver) StdoutLine: {'line': b'running egg_info\n'}
[4.381704] (driver) StdoutLine: {'line': b'writing driver.egg-info/PKG-INFO\n'}
[4.385060] (driver) StdoutLine: {'line': b'writing dependency_links to driver.egg-info/dependency_links.txt\n'}
[4.386038] (driver) StdoutLine: {'line': b'writing entry points to driver.egg-info/entry_points.txt\n'}
[4.388164] (driver) StdoutLine: {'line': b'writing requirements to driver.egg-info/requires.txt\n'}
[4.389415] (driver) StdoutLine: {'line': b'writing top-level names to driver.egg-info/top_level.txt\n'}
[4.398694] (driver) StdoutLine: {'line': b"reading manifest file 'driver.egg-info/SOURCES.txt'\n"}
[4.403464] (driver) StdoutLine: {'line': b"writing manifest file 'driver.egg-info/SOURCES.txt'\n"}
[4.414699] (driver) StdoutLine: {'line': b'running build_ext\n'}
[4.415857] (driver) StdoutLine: {'line': b'Creating /ros2_ws/src/install/driver/lib/python3.10/site-packages/driver.egg-link (link to .)\n'}
[4.422932] (driver) StdoutLine: {'line': b'Installing control_manager script to /ros2_ws/src/install/driver/lib/driver\n'}
[4.423255] (driver) StdoutLine: {'line': b'Installing controller script to /ros2_ws/src/install/driver/lib/driver\n'}
[4.425091] (driver) StdoutLine: {'line': b'\n'}
[4.426679] (driver) StdoutLine: {'line': b'Installed /ros2_ws/src/build/driver\n'}
[4.427018] (driver) StdoutLine: {'line': b'running symlink_data\n'}
[4.436307] (msgs_srvs) StdoutLine: {'line': b'\x1b[35m\x1b[1mConsolidate compiler generated dependencies of target msgs_srvs__rosidl_generator_c\x1b[0m\n'}
[4.450439] (-) TimerEvent: {}
[4.496424] (msgs_srvs) StdoutLine: {'line': b'[  1%] Built target msgs_srvs__cpp\n'}
[4.512870] (msgs_srvs) StdoutLine: {'line': b'[  2%] \x1b[32mBuilding C object CMakeFiles/msgs_srvs__rosidl_generator_c.dir/rosidl_generator_c/msgs_srvs/msg/detail/button_state__functions.c.o\x1b[0m\n'}
[4.515573] (msgs_srvs) StdoutLine: {'line': b'[  2%] Built target ament_cmake_python_symlink_msgs_srvs\n'}
[4.522470] (msgs_srvs) StdoutLine: {'line': b'[  3%] \x1b[32mBuilding C object CMakeFiles/msgs_srvs__rosidl_generator_c.dir/rosidl_generator_c/msgs_srvs/msg/detail/buzzer_state__functions.c.o\x1b[0m\n'}
[4.550609] (-) TimerEvent: {}
[4.597622] (msgs_srvs) StdoutLine: {'line': b'\x1b[35m\x1b[1mConsolidate compiler generated dependencies of target msgs_srvs__rosidl_typesupport_cpp\x1b[0m\n'}
[4.618920] (msgs_srvs) StdoutLine: {'line': b'\x1b[35m\x1b[1mConsolidate compiler generated dependencies of target msgs_srvs__rosidl_typesupport_fastrtps_cpp\x1b[0m\n'}
[4.650798] (-) TimerEvent: {}
[4.710088] (msgs_srvs) StdoutLine: {'line': b'[  4%] \x1b[32mBuilding CXX object CMakeFiles/msgs_srvs__rosidl_typesupport_cpp.dir/rosidl_typesupport_cpp/msgs_srvs/msg/button_state__type_support.cpp.o\x1b[0m\n'}
[4.710728] (msgs_srvs) StdoutLine: {'line': b'[  5%] \x1b[32mBuilding C object CMakeFiles/msgs_srvs__rosidl_generator_c.dir/rosidl_generator_c/msgs_srvs/msg/detail/led_state__functions.c.o\x1b[0m\n'}
[4.711143] (msgs_srvs) StdoutLine: {'line': b'[  6%] \x1b[32mBuilding CXX object CMakeFiles/msgs_srvs__rosidl_typesupport_fastrtps_cpp.dir/rosidl_typesupport_fastrtps_cpp/msgs_srvs/msg/detail/dds_fastrtps/button_state__type_support.cpp.o\x1b[0m\n'}
[4.753913] (-) TimerEvent: {}
[4.814666] (driver) CommandEnded: {'returncode': 0}
[4.849619] (msgs_srvs) StdoutLine: {'line': b'[  7%] \x1b[32mBuilding C object CMakeFiles/msgs_srvs__rosidl_generator_c.dir/rosidl_generator_c/msgs_srvs/msg/detail/motors_state__functions.c.o\x1b[0m\n'}
[4.873950] (-) TimerEvent: {}
[4.879026] (driver) JobEnded: {'identifier': 'driver', 'rc': 0}
[4.975597] (-) TimerEvent: {}
[5.019424] (msgs_srvs) StdoutLine: {'line': b'\x1b[35m\x1b[1mConsolidate compiler generated dependencies of target msgs_srvs__rosidl_typesupport_introspection_cpp\x1b[0m\n'}
[5.035929] (msgs_srvs) StdoutLine: {'line': b'[  8%] \x1b[32mBuilding C object CMakeFiles/msgs_srvs__rosidl_generator_c.dir/rosidl_generator_c/msgs_srvs/msg/detail/motor_state__functions.c.o\x1b[0m\n'}
[5.078844] (-) TimerEvent: {}
[5.107706] (msgs_srvs) StdoutLine: {'line': b'[  9%] \x1b[32mBuilding CXX object CMakeFiles/msgs_srvs__rosidl_typesupport_introspection_cpp.dir/rosidl_typesupport_introspection_cpp/msgs_srvs/msg/detail/button_state__type_support.cpp.o\x1b[0m\n'}
[5.178928] (-) TimerEvent: {}
[5.273328] (msgs_srvs) StdoutLine: {'line': b'[ 10%] \x1b[32mBuilding C object CMakeFiles/msgs_srvs__rosidl_generator_c.dir/rosidl_generator_c/msgs_srvs/msg/detail/pwm_servo_state__functions.c.o\x1b[0m\n'}
[5.281615] (-) TimerEvent: {}
[5.382598] (-) TimerEvent: {}
[5.486662] (-) TimerEvent: {}
[5.571240] (msgs_srvs) StdoutLine: {'line': b'[ 11%] \x1b[32mBuilding C object CMakeFiles/msgs_srvs__rosidl_generator_c.dir/rosidl_generator_c/msgs_srvs/msg/detail/pwm_servo_state_duration__functions.c.o\x1b[0m\n'}
[5.586782] (-) TimerEvent: {}
[5.687532] (-) TimerEvent: {}
[5.796217] (msgs_srvs) StdoutLine: {'line': b'[ 12%] \x1b[32mBuilding C object CMakeFiles/msgs_srvs__rosidl_generator_c.dir/rosidl_generator_c/msgs_srvs/msg/detail/sbus__functions.c.o\x1b[0m\n'}
[5.796597] (-) TimerEvent: {}
[5.897598] (-) TimerEvent: {}
[6.002628] (-) TimerEvent: {}
[6.020361] (msgs_srvs) StdoutLine: {'line': b'[ 13%] \x1b[32mBuilding CXX object CMakeFiles/msgs_srvs__rosidl_typesupport_cpp.dir/rosidl_typesupport_cpp/msgs_srvs/msg/buzzer_state__type_support.cpp.o\x1b[0m\n'}
[6.102750] (-) TimerEvent: {}
[6.115944] (msgs_srvs) StdoutLine: {'line': b'[ 14%] \x1b[32mBuilding CXX object CMakeFiles/msgs_srvs__rosidl_typesupport_introspection_cpp.dir/rosidl_typesupport_introspection_cpp/msgs_srvs/msg/detail/buzzer_state__type_support.cpp.o\x1b[0m\n'}
[6.163378] (msgs_srvs) StdoutLine: {'line': b'[ 15%] \x1b[32mBuilding C object CMakeFiles/msgs_srvs__rosidl_generator_c.dir/rosidl_generator_c/msgs_srvs/srv/detail/pwm_servo_state__functions.c.o\x1b[0m\n'}
[6.202931] (-) TimerEvent: {}
[6.310599] (-) TimerEvent: {}
[6.411082] (-) TimerEvent: {}
[6.510402] (msgs_srvs) StdoutLine: {'line': b'[ 16%] \x1b[32mBuilding CXX object CMakeFiles/msgs_srvs__rosidl_typesupport_fastrtps_cpp.dir/rosidl_typesupport_fastrtps_cpp/msgs_srvs/msg/detail/dds_fastrtps/buzzer_state__type_support.cpp.o\x1b[0m\n'}
[6.512587] (-) TimerEvent: {}
[6.565844] (msgs_srvs) StdoutLine: {'line': b'[ 17%] \x1b[32m\x1b[1mLinking C shared library libmsgs_srvs__rosidl_generator_c.so\x1b[0m\n'}
[6.612766] (-) TimerEvent: {}
[6.713627] (-) TimerEvent: {}
[6.774659] (msgs_srvs) StdoutLine: {'line': b'[ 18%] Built target msgs_srvs__rosidl_generator_c\n'}
[6.813788] (-) TimerEvent: {}
[6.814287] (msgs_srvs) StdoutLine: {'line': b'[ 20%] \x1b[32mBuilding CXX object CMakeFiles/msgs_srvs__rosidl_typesupport_cpp.dir/rosidl_typesupport_cpp/msgs_srvs/msg/led_state__type_support.cpp.o\x1b[0m\n'}
[6.913931] (-) TimerEvent: {}
[7.018608] (-) TimerEvent: {}
[7.119285] (-) TimerEvent: {}
[7.182827] (msgs_srvs) StdoutLine: {'line': b'[ 21%] \x1b[32mBuilding CXX object CMakeFiles/msgs_srvs__rosidl_typesupport_introspection_cpp.dir/rosidl_typesupport_introspection_cpp/msgs_srvs/msg/detail/led_state__type_support.cpp.o\x1b[0m\n'}
[7.188742] (msgs_srvs) StdoutLine: {'line': b'[ 22%] \x1b[32mBuilding CXX object CMakeFiles/msgs_srvs__rosidl_typesupport_fastrtps_cpp.dir/rosidl_typesupport_fastrtps_cpp/msgs_srvs/msg/detail/dds_fastrtps/led_state__type_support.cpp.o\x1b[0m\n'}
[7.222324] (-) TimerEvent: {}
[7.324614] (-) TimerEvent: {}
[7.425145] (-) TimerEvent: {}
[7.528606] (-) TimerEvent: {}
[7.629222] (-) TimerEvent: {}
[7.729837] (-) TimerEvent: {}
[7.756850] (msgs_srvs) StdoutLine: {'line': b'[ 23%] \x1b[32mBuilding CXX object CMakeFiles/msgs_srvs__rosidl_typesupport_cpp.dir/rosidl_typesupport_cpp/msgs_srvs/msg/motors_state__type_support.cpp.o\x1b[0m\n'}
[7.830217] (-) TimerEvent: {}
[7.936605] (-) TimerEvent: {}
[8.037260] (-) TimerEvent: {}
[8.124746] (msgs_srvs) StdoutLine: {'line': b'[ 24%] \x1b[32mBuilding CXX object CMakeFiles/msgs_srvs__rosidl_typesupport_introspection_cpp.dir/rosidl_typesupport_introspection_cpp/msgs_srvs/msg/detail/motors_state__type_support.cpp.o\x1b[0m\n'}
[8.142622] (-) TimerEvent: {}
[8.243164] (-) TimerEvent: {}
[8.265993] (oradar_lidar) StdoutLine: {'line': b'[ 45%] \x1b[32m\x1b[1mLinking CXX static library ../liboradar_sdk.a\x1b[0m\n'}
[8.343328] (-) TimerEvent: {}
[8.423337] (msgs_srvs) StdoutLine: {'line': b'[ 25%] \x1b[32mBuilding CXX object CMakeFiles/msgs_srvs__rosidl_typesupport_introspection_cpp.dir/rosidl_typesupport_introspection_cpp/msgs_srvs/msg/detail/motor_state__type_support.cpp.o\x1b[0m\n'}
[8.437993] (oradar_lidar) StdoutLine: {'line': b'[ 60%] Built target oradar_sdk\n'}
[8.443726] (-) TimerEvent: {}
[8.449645] (msgs_srvs) StdoutLine: {'line': b'[ 26%] \x1b[32mBuilding CXX object CMakeFiles/msgs_srvs__rosidl_typesupport_fastrtps_cpp.dir/rosidl_typesupport_fastrtps_cpp/msgs_srvs/msg/detail/dds_fastrtps/motors_state__type_support.cpp.o\x1b[0m\n'}
[8.484779] (oradar_lidar) StdoutLine: {'line': b'\x1b[35m\x1b[1mConsolidate compiler generated dependencies of target blocking_test\x1b[0m\n'}
[8.489579] (oradar_lidar) StdoutLine: {'line': b'\x1b[35m\x1b[1mConsolidate compiler generated dependencies of target blocking_c_api_test\x1b[0m\n'}
[8.490686] (oradar_lidar) StdoutLine: {'line': b'\x1b[35m\x1b[1mConsolidate compiler generated dependencies of target oradar_scan\x1b[0m\n'}
[8.493134] (oradar_lidar) StdoutLine: {'line': b'\x1b[35m\x1b[1mConsolidate compiler generated dependencies of target non-blocking_test\x1b[0m\n'}
[8.545710] (-) TimerEvent: {}
[8.547713] (oradar_lidar) StdoutLine: {'line': b'[ 65%] \x1b[32mBuilding C object sdk/samples/CMakeFiles/blocking_c_api_test.dir/blocking_c_api_test.c.o\x1b[0m\n'}
[8.555702] (oradar_lidar) StdoutLine: {'line': b'[ 70%] \x1b[32mBuilding CXX object sdk/samples/CMakeFiles/blocking_test.dir/blocking_test.cpp.o\x1b[0m\n'}
[8.565628] (oradar_lidar) StdoutLine: {'line': b'[ 75%] \x1b[32m\x1b[1mLinking CXX executable ../../non-blocking_test\x1b[0m\n'}
[8.574925] (oradar_lidar) StdoutLine: {'line': b'[ 80%] \x1b[32m\x1b[1mLinking CXX executable oradar_scan\x1b[0m\n'}
[8.648600] (-) TimerEvent: {}
[8.749189] (-) TimerEvent: {}
[8.843678] (msgs_srvs) StdoutLine: {'line': b'[ 27%] \x1b[32mBuilding CXX object CMakeFiles/msgs_srvs__rosidl_typesupport_cpp.dir/rosidl_typesupport_cpp/msgs_srvs/msg/motor_state__type_support.cpp.o\x1b[0m\n'}
[8.850114] (-) TimerEvent: {}
[8.953860] (-) TimerEvent: {}
[9.058662] (-) TimerEvent: {}
[9.061268] (oradar_lidar) StdoutLine: {'line': b'[ 85%] \x1b[32m\x1b[1mLinking CXX executable ../../blocking_c_api_test\x1b[0m\n'}
[9.074934] (oradar_lidar) StdoutLine: {'line': b'[ 90%] Built target non-blocking_test\n'}
[9.160687] (-) TimerEvent: {}
[9.264650] (-) TimerEvent: {}
[9.367612] (-) TimerEvent: {}
[9.450711] (oradar_lidar) StdoutLine: {'line': b'[ 95%] Built target oradar_scan\n'}
[9.467755] (-) TimerEvent: {}
[9.511615] (oradar_lidar) StdoutLine: {'line': b'[ 95%] Built target blocking_c_api_test\n'}
[9.567901] (-) TimerEvent: {}
[9.641904] (oradar_lidar) StdoutLine: {'line': b'[100%] \x1b[32m\x1b[1mLinking CXX executable ../../blocking_test\x1b[0m\n'}
[9.668041] (-) TimerEvent: {}
[9.770583] (-) TimerEvent: {}
[9.871132] (-) TimerEvent: {}
[9.951040] (oradar_lidar) StdoutLine: {'line': b'[100%] Built target blocking_test\n'}
[9.973607] (-) TimerEvent: {}
[10.013742] (msgs_srvs) StdoutLine: {'line': b'[ 28%] \x1b[32mBuilding CXX object CMakeFiles/msgs_srvs__rosidl_typesupport_introspection_cpp.dir/rosidl_typesupport_introspection_cpp/msgs_srvs/msg/detail/pwm_servo_state__type_support.cpp.o\x1b[0m\n'}
[10.029583] (oradar_lidar) CommandEnded: {'returncode': 0}
[10.030440] (oradar_lidar) JobProgress: {'identifier': 'oradar_lidar', 'progress': 'install'}
[10.074075] (oradar_lidar) Command: {'cmd': ['/usr/bin/cmake', '--install', '/ros2_ws/src/build/oradar_lidar'], 'cwd': '/ros2_ws/src/build/oradar_lidar', 'env': OrderedDict([('VNCDESKTOP', 'TurboVNC: tarzan-desktop:1 ()'), ('LESSOPEN', '| /usr/bin/lesspipe %s'), ('HOSTNAME', 'tarzan-desktop'), ('SSH_AGENT_PID', '183'), ('SHLVL', '2'), ('LD_LIBRARY_PATH', '/ros2_ws/src/install/msgs_srvs/lib:/opt/ros/humble/opt/rviz_ogre_vendor/lib:/opt/ros/humble/lib/aarch64-linux-gnu:/opt/ros/humble/lib'), ('HOME', '/root'), ('DESKTOP_SESSION', 'xfce'), ('PANEL_GDK_CORE_DEVICE_EVENTS', '0'), ('ROS_PYTHON_VERSION', '3'), ('DBUS_SESSION_BUS_ADDRESS', 'unix:abstract=/tmp/dbus-4CJIhrXuxg,guid=f501d653e06661677ef966f767c66fec'), ('COLORTERM', 'truecolor'), ('COLCON_PREFIX_PATH', '/ros2_ws/src/install'), ('ROS_DISTRO', 'humble'), ('VGL_PROBEGLX', '0'), ('WINDOWID', '41943043'), ('FONT_ENCODINGS_DIRECTORY', '/usr/share/fonts/X11/encodings'), ('_', '/usr/bin/colcon'), ('ROS_VERSION', '2'), ('TERM', 'xterm-256color'), ('ROS_LOCALHOST_ONLY', '0'), ('PATH', '/ros2_ws/src/install/oradar_lidar/bin:/opt/ros/humble/bin:/usr/local/sbin:/usr/local/bin:/usr/sbin:/usr/bin:/sbin:/bin'), ('SESSION_MANAGER', 'local/tarzan-desktop:@/tmp/.ICE-unix/133,unix/tarzan-desktop:/tmp/.ICE-unix/133'), ('XDG_MENU_PREFIX', 'xfce-'), ('VGL_COMPRESS', '0'), ('DISPLAY', ':1.0'), ('LANG', 'en_US.UTF-8'), ('XDG_CURRENT_DESKTOP', 'XFCE'), ('LS_COLORS', 'rs=0:di=01;34:ln=01;36:mh=00:pi=40;33:so=01;35:do=01;35:bd=40;33;01:cd=40;33;01:or=40;31;01:mi=00:su=37;41:sg=30;43:ca=30;41:tw=30;42:ow=34;42:st=37;44:ex=01;32:*.tar=01;31:*.tgz=01;31:*.arc=01;31:*.arj=01;31:*.taz=01;31:*.lha=01;31:*.lz4=01;31:*.lzh=01;31:*.lzma=01;31:*.tlz=01;31:*.txz=01;31:*.tzo=01;31:*.t7z=01;31:*.zip=01;31:*.z=01;31:*.dz=01;31:*.gz=01;31:*.lrz=01;31:*.lz=01;31:*.lzo=01;31:*.xz=01;31:*.zst=01;31:*.tzst=01;31:*.bz2=01;31:*.bz=01;31:*.tbz=01;31:*.tbz2=01;31:*.tz=01;31:*.deb=01;31:*.rpm=01;31:*.jar=01;31:*.war=01;31:*.ear=01;31:*.sar=01;31:*.rar=01;31:*.alz=01;31:*.ace=01;31:*.zoo=01;31:*.cpio=01;31:*.7z=01;31:*.rz=01;31:*.cab=01;31:*.wim=01;31:*.swm=01;31:*.dwm=01;31:*.esd=01;31:*.jpg=01;35:*.jpeg=01;35:*.mjpg=01;35:*.mjpeg=01;35:*.gif=01;35:*.bmp=01;35:*.pbm=01;35:*.pgm=01;35:*.ppm=01;35:*.tga=01;35:*.xbm=01;35:*.xpm=01;35:*.tif=01;35:*.tiff=01;35:*.png=01;35:*.svg=01;35:*.svgz=01;35:*.mng=01;35:*.pcx=01;35:*.mov=01;35:*.mpg=01;35:*.mpeg=01;35:*.m2v=01;35:*.mkv=01;35:*.webm=01;35:*.webp=01;35:*.ogm=01;35:*.mp4=01;35:*.m4v=01;35:*.mp4v=01;35:*.vob=01;35:*.qt=01;35:*.nuv=01;35:*.wmv=01;35:*.asf=01;35:*.rm=01;35:*.rmvb=01;35:*.flc=01;35:*.avi=01;35:*.fli=01;35:*.flv=01;35:*.gl=01;35:*.dl=01;35:*.xcf=01;35:*.xwd=01;35:*.yuv=01;35:*.cgm=01;35:*.emf=01;35:*.ogv=01;35:*.ogx=01;35:*.aac=00;36:*.au=00;36:*.flac=00;36:*.m4a=00;36:*.mid=00;36:*.midi=00;36:*.mka=00;36:*.mp3=00;36:*.mpc=00;36:*.ogg=00;36:*.ra=00;36:*.wav=00;36:*.oga=00;36:*.opus=00;36:*.spx=00;36:*.xspf=00;36:'), ('SSH_AUTH_SOCK', '/tmp/ssh-XXXXXXHzT4dc/agent.182'), ('AMENT_PREFIX_PATH', '/ros2_ws/src/install/peripherals:/ros2_ws/src/install/oradar_lidar:/ros2_ws/src/install/msgs_srvs:/ros2_ws/src/install/driver:/opt/ros/humble'), ('DEBIAN_FRONTEND', 'noninteractive'), ('LESSCLOSE', '/usr/bin/lesspipe %s %s'), ('PWD', '/ros2_ws/src/build/oradar_lidar'), ('XDG_CONFIG_DIRS', '/etc/xdg'), ('XDG_DATA_DIRS', '/usr/local/share:/usr/share'), ('PYTHONPATH', '/ros2_ws/src/build/peripherals:/ros2_ws/src/install/peripherals/lib/python3.10/site-packages:/ros2_ws/src/install/msgs_srvs/local/lib/python3.10/dist-packages:/ros2_ws/src/build/driver:/ros2_ws/src/install/driver/lib/python3.10/site-packages:/opt/ros/humble/lib/python3.10/site-packages:/opt/ros/humble/local/lib/python3.10/dist-packages'), ('COLCON', '1'), ('VTE_VERSION', '6800'), ('CMAKE_PREFIX_PATH', '/ros2_ws/src/install/oradar_lidar:/ros2_ws/src/install/msgs_srvs:/ros2_ws/src/install/peripherals:/ros2_ws/src/install/driver:/opt/ros/humble')]), 'shell': False}
[10.074754] (-) TimerEvent: {}
[10.092706] (oradar_lidar) StdoutLine: {'line': b'-- Install configuration: "RELEASE"\n'}
[10.092994] (oradar_lidar) StdoutLine: {'line': b'-- Execute custom install script\n'}
[10.093165] (oradar_lidar) StdoutLine: {'line': b'-- Up-to-date symlink: /ros2_ws/src/install/oradar_lidar/bin/blocking_test\n'}
[10.093265] (oradar_lidar) StdoutLine: {'line': b'-- Up-to-date symlink: /ros2_ws/src/install/oradar_lidar/bin/non-blocking_test\n'}
[10.093512] (oradar_lidar) StdoutLine: {'line': b'-- Up-to-date symlink: /ros2_ws/src/install/oradar_lidar/bin/blocking_c_api_test\n'}
[10.093778] (oradar_lidar) StdoutLine: {'line': b'-- Up-to-date symlink: /ros2_ws/src/install/oradar_lidar/include/core/base/datatype.h\n'}
[10.094143] (oradar_lidar) StdoutLine: {'line': b'-- Up-to-date symlink: /ros2_ws/src/install/oradar_lidar/include/core/base/locker.h\n'}
[10.094529] (oradar_lidar) StdoutLine: {'line': b'-- Up-to-date symlink: /ros2_ws/src/install/oradar_lidar/include/core/base/thread.h\n'}
[10.097620] (oradar_lidar) StdoutLine: {'line': b'-- Up-to-date symlink: /ros2_ws/src/install/oradar_lidar/include/core/base/timer.h\n'}
[10.098975] (oradar_lidar) StdoutLine: {'line': b'-- Up-to-date symlink: /ros2_ws/src/install/oradar_lidar/include/core/base/typedef.h\n'}
[10.099208] (oradar_lidar) StdoutLine: {'line': b'-- Up-to-date symlink: /ros2_ws/src/install/oradar_lidar/include/core/base/utils.h\n'}
[10.099491] (oradar_lidar) StdoutLine: {'line': b'-- Up-to-date symlink: /ros2_ws/src/install/oradar_lidar/include/core/base/v8stdint.h\n'}
[10.099637] (oradar_lidar) StdoutLine: {'line': b'-- Up-to-date symlink: /ros2_ws/src/install/oradar_lidar/include/core/common/ChannelDevice.h\n'}
[10.099737] (oradar_lidar) StdoutLine: {'line': b'-- Up-to-date symlink: /ros2_ws/src/install/oradar_lidar/include/core/math/angles.h\n'}
[10.099817] (oradar_lidar) StdoutLine: {'line': b'-- Up-to-date symlink: /ros2_ws/src/install/oradar_lidar/include/core/network/ActiveSocket.h\n'}
[10.099903] (oradar_lidar) StdoutLine: {'line': b'-- Up-to-date symlink: /ros2_ws/src/install/oradar_lidar/include/core/network/PassiveSocket.h\n'}
[10.099972] (oradar_lidar) StdoutLine: {'line': b'-- Up-to-date symlink: /ros2_ws/src/install/oradar_lidar/include/core/network/SimpleSocket.h\n'}
[10.100047] (oradar_lidar) StdoutLine: {'line': b'-- Up-to-date symlink: /ros2_ws/src/install/oradar_lidar/include/core/network/StatTimer.h\n'}
[10.100117] (oradar_lidar) StdoutLine: {'line': b'-- Up-to-date symlink: /ros2_ws/src/install/oradar_lidar/include/core/serial/common.h\n'}
[10.100181] (oradar_lidar) StdoutLine: {'line': b'-- Up-to-date symlink: /ros2_ws/src/install/oradar_lidar/include/core/serial/serial.h\n'}
[10.100246] (oradar_lidar) StdoutLine: {'line': b'-- Up-to-date symlink: /ros2_ws/src/install/oradar_lidar/include/core/serial/impl/unix/lock.h\n'}
[10.100307] (oradar_lidar) StdoutLine: {'line': b'-- Up-to-date symlink: /ros2_ws/src/install/oradar_lidar/include/core/serial/impl/unix/unix.h\n'}
[10.100371] (oradar_lidar) StdoutLine: {'line': b'-- Up-to-date symlink: /ros2_ws/src/install/oradar_lidar/include/core/serial/impl/unix/unix_serial.h\n'}
[10.100437] (oradar_lidar) StdoutLine: {'line': b'-- Up-to-date symlink: /ros2_ws/src/install/oradar_lidar/include/src/ord_lidar_c_api_driver.h\n'}
[10.100543] (oradar_lidar) StdoutLine: {'line': b'-- Up-to-date symlink: /ros2_ws/src/install/oradar_lidar/include/src/ord_lidar_driver.h\n'}
[10.100730] (oradar_lidar) StdoutLine: {'line': b'-- Up-to-date symlink: /ros2_ws/src/install/oradar_lidar/include/src/ordlidar_protocol.h\n'}
[10.100836] (oradar_lidar) StdoutLine: {'line': b'-- Up-to-date symlink: /ros2_ws/src/install/oradar_lidar/include/src/filters/FullScanFilter.h\n'}
[10.100928] (oradar_lidar) StdoutLine: {'line': b'-- Up-to-date symlink: /ros2_ws/src/install/oradar_lidar/lib/liboradar_sdk.a\n'}
[10.101149] (oradar_lidar) StdoutLine: {'line': b'-- Up-to-date symlink: /ros2_ws/src/install/oradar_lidar/lib/oradar_lidar/oradar_scan\n'}
[10.101242] (oradar_lidar) StdoutLine: {'line': b'-- Up-to-date symlink: /ros2_ws/src/install/oradar_lidar/share/oradar_lidar//launch/ms200_scan.launch\n'}
[10.101306] (oradar_lidar) StdoutLine: {'line': b'-- Up-to-date symlink: /ros2_ws/src/install/oradar_lidar/share/oradar_lidar//launch/ms200_scan.launch.py\n'}
[10.101368] (oradar_lidar) StdoutLine: {'line': b'-- Up-to-date symlink: /ros2_ws/src/install/oradar_lidar/share/oradar_lidar//launch/ms200_scan_view.launch\n'}
[10.104171] (oradar_lidar) StdoutLine: {'line': b'-- Up-to-date symlink: /ros2_ws/src/install/oradar_lidar/share/oradar_lidar//launch/ms200_scan_view.launch.py\n'}
[10.104951] (oradar_lidar) StdoutLine: {'line': b'-- Up-to-date symlink: /ros2_ws/src/install/oradar_lidar/share/oradar_lidar//rviz2/oradar_scan.rviz\n'}
[10.105613] (oradar_lidar) StdoutLine: {'line': b'-- Up-to-date symlink: /ros2_ws/src/install/oradar_lidar/share/ament_index/resource_index/package_run_dependencies/oradar_lidar\n'}
[10.107970] (oradar_lidar) StdoutLine: {'line': b'-- Up-to-date symlink: /ros2_ws/src/install/oradar_lidar/share/ament_index/resource_index/parent_prefix_path/oradar_lidar\n'}
[10.108440] (oradar_lidar) StdoutLine: {'line': b'-- Up-to-date symlink: /ros2_ws/src/install/oradar_lidar/share/oradar_lidar/environment/ament_prefix_path.sh\n'}
[10.108680] (oradar_lidar) StdoutLine: {'line': b'-- Up-to-date symlink: /ros2_ws/src/install/oradar_lidar/share/oradar_lidar/environment/ament_prefix_path.dsv\n'}
[10.109043] (oradar_lidar) StdoutLine: {'line': b'-- Up-to-date symlink: /ros2_ws/src/install/oradar_lidar/share/oradar_lidar/environment/path.sh\n'}
[10.109216] (oradar_lidar) StdoutLine: {'line': b'-- Up-to-date symlink: /ros2_ws/src/install/oradar_lidar/share/oradar_lidar/environment/path.dsv\n'}
[10.109327] (oradar_lidar) StdoutLine: {'line': b'-- Up-to-date symlink: /ros2_ws/src/install/oradar_lidar/share/oradar_lidar/local_setup.bash\n'}
[10.109423] (oradar_lidar) StdoutLine: {'line': b'-- Up-to-date symlink: /ros2_ws/src/install/oradar_lidar/share/oradar_lidar/local_setup.sh\n'}
[10.109553] (oradar_lidar) StdoutLine: {'line': b'-- Up-to-date symlink: /ros2_ws/src/install/oradar_lidar/share/oradar_lidar/local_setup.zsh\n'}
[10.109660] (oradar_lidar) StdoutLine: {'line': b'-- Up-to-date symlink: /ros2_ws/src/install/oradar_lidar/share/oradar_lidar/local_setup.dsv\n'}
[10.109742] (oradar_lidar) StdoutLine: {'line': b'-- Symlinking: /ros2_ws/src/install/oradar_lidar/share/oradar_lidar/package.dsv\n'}
[10.141596] (oradar_lidar) StdoutLine: {'line': b'-- Up-to-date symlink: /ros2_ws/src/install/oradar_lidar/share/ament_index/resource_index/packages/oradar_lidar\n'}
[10.142027] (oradar_lidar) StdoutLine: {'line': b'-- Up-to-date symlink: /ros2_ws/src/install/oradar_lidar/share/oradar_lidar/cmake/oradar_lidarConfig.cmake\n'}
[10.142196] (oradar_lidar) StdoutLine: {'line': b'-- Up-to-date symlink: /ros2_ws/src/install/oradar_lidar/share/oradar_lidar/cmake/oradar_lidarConfig-version.cmake\n'}
[10.142288] (oradar_lidar) StdoutLine: {'line': b'-- Up-to-date symlink: /ros2_ws/src/install/oradar_lidar/share/oradar_lidar/package.xml\n'}
[10.157724] (oradar_lidar) CommandEnded: {'returncode': 0}
[10.171650] (msgs_srvs) StdoutLine: {'line': b'[ 29%] \x1b[32mBuilding CXX object CMakeFiles/msgs_srvs__rosidl_typesupport_cpp.dir/rosidl_typesupport_cpp/msgs_srvs/msg/pwm_servo_state__type_support.cpp.o\x1b[0m\n'}
[10.174877] (-) TimerEvent: {}
[10.178945] (msgs_srvs) StdoutLine: {'line': b'[ 30%] \x1b[32mBuilding CXX object CMakeFiles/msgs_srvs__rosidl_typesupport_fastrtps_cpp.dir/rosidl_typesupport_fastrtps_cpp/msgs_srvs/msg/detail/dds_fastrtps/motor_state__type_support.cpp.o\x1b[0m\n'}
[10.275123] (-) TimerEvent: {}
[10.278995] (oradar_lidar) JobEnded: {'identifier': 'oradar_lidar', 'rc': 0}
[10.375237] (-) TimerEvent: {}
[10.475758] (-) TimerEvent: {}
[10.579602] (-) TimerEvent: {}
[10.680083] (-) TimerEvent: {}
[10.780570] (-) TimerEvent: {}
[10.788735] (msgs_srvs) StdoutLine: {'line': b'running egg_info\n'}
[10.791208] (msgs_srvs) StdoutLine: {'line': b'writing msgs_srvs.egg-info/PKG-INFO\n'}
[10.793105] (msgs_srvs) StdoutLine: {'line': b'writing dependency_links to msgs_srvs.egg-info/dependency_links.txt\n'}
[10.802256] (msgs_srvs) StdoutLine: {'line': b'writing top-level names to msgs_srvs.egg-info/top_level.txt\n'}
[10.810037] (msgs_srvs) StdoutLine: {'line': b"reading manifest file 'msgs_srvs.egg-info/SOURCES.txt'\n"}
[10.814648] (msgs_srvs) StdoutLine: {'line': b"writing manifest file 'msgs_srvs.egg-info/SOURCES.txt'\n"}
[10.849014] (msgs_srvs) StdoutLine: {'line': b'[ 31%] \x1b[32mBuilding CXX object CMakeFiles/msgs_srvs__rosidl_typesupport_cpp.dir/rosidl_typesupport_cpp/msgs_srvs/msg/pwm_servo_state_duration__type_support.cpp.o\x1b[0m\n'}
[10.880715] (-) TimerEvent: {}
[10.941413] (msgs_srvs) StdoutLine: {'line': b'[ 31%] Built target ament_cmake_python_build_msgs_srvs_egg\n'}
[10.961201] (msgs_srvs) StdoutLine: {'line': b'[ 32%] \x1b[32mBuilding CXX object CMakeFiles/msgs_srvs__rosidl_typesupport_fastrtps_cpp.dir/rosidl_typesupport_fastrtps_cpp/msgs_srvs/msg/detail/dds_fastrtps/pwm_servo_state__type_support.cpp.o\x1b[0m\n'}
[10.980905] (-) TimerEvent: {}
[11.082850] (-) TimerEvent: {}
[11.106924] (msgs_srvs) StdoutLine: {'line': b'[ 33%] \x1b[32mBuilding CXX object CMakeFiles/msgs_srvs__rosidl_typesupport_introspection_cpp.dir/rosidl_typesupport_introspection_cpp/msgs_srvs/msg/detail/pwm_servo_state_duration__type_support.cpp.o\x1b[0m\n'}
[11.182982] (-) TimerEvent: {}
[11.193787] (msgs_srvs) StdoutLine: {'line': b'[ 34%] \x1b[32mBuilding CXX object CMakeFiles/msgs_srvs__rosidl_typesupport_introspection_cpp.dir/rosidl_typesupport_introspection_cpp/msgs_srvs/msg/detail/sbus__type_support.cpp.o\x1b[0m\n'}
[11.283137] (-) TimerEvent: {}
[11.383676] (-) TimerEvent: {}
[11.483599] (msgs_srvs) StdoutLine: {'line': b'[ 35%] \x1b[32mBuilding CXX object CMakeFiles/msgs_srvs__rosidl_typesupport_cpp.dir/rosidl_typesupport_cpp/msgs_srvs/msg/sbus__type_support.cpp.o\x1b[0m\n'}
[11.483964] (-) TimerEvent: {}
[11.584602] (-) TimerEvent: {}
[11.687896] (-) TimerEvent: {}
[11.788466] (-) TimerEvent: {}
[11.890613] (-) TimerEvent: {}
[11.922603] (msgs_srvs) StdoutLine: {'line': b'[ 36%] \x1b[32mBuilding CXX object CMakeFiles/msgs_srvs__rosidl_typesupport_fastrtps_cpp.dir/rosidl_typesupport_fastrtps_cpp/msgs_srvs/msg/detail/dds_fastrtps/pwm_servo_state_duration__type_support.cpp.o\x1b[0m\n'}
[11.991633] (-) TimerEvent: {}
[12.088720] (msgs_srvs) StdoutLine: {'line': b'[ 37%] \x1b[32mBuilding CXX object CMakeFiles/msgs_srvs__rosidl_typesupport_introspection_cpp.dir/rosidl_typesupport_introspection_cpp/msgs_srvs/srv/detail/pwm_servo_state__type_support.cpp.o\x1b[0m\n'}
[12.091766] (-) TimerEvent: {}
[12.167051] (msgs_srvs) StdoutLine: {'line': b'[ 38%] \x1b[32mBuilding CXX object CMakeFiles/msgs_srvs__rosidl_typesupport_cpp.dir/rosidl_typesupport_cpp/msgs_srvs/srv/pwm_servo_state__type_support.cpp.o\x1b[0m\n'}
[12.191985] (-) TimerEvent: {}
[12.225172] (msgs_srvs) StdoutLine: {'line': b'\x1b[35m\x1b[1mConsolidate compiler generated dependencies of target msgs_srvs__rosidl_typesupport_fastrtps_c\x1b[0m\n'}
[12.274610] (msgs_srvs) StdoutLine: {'line': b'[ 40%] \x1b[32mBuilding CXX object CMakeFiles/msgs_srvs__rosidl_typesupport_fastrtps_c.dir/rosidl_typesupport_fastrtps_c/msgs_srvs/msg/detail/button_state__type_support_c.cpp.o\x1b[0m\n'}
[12.292149] (-) TimerEvent: {}
[12.392782] (-) TimerEvent: {}
[12.494818] (-) TimerEvent: {}
[12.595327] (-) TimerEvent: {}
[12.695863] (-) TimerEvent: {}
[12.798834] (-) TimerEvent: {}
[12.837393] (msgs_srvs) StdoutLine: {'line': b'[ 41%] \x1b[32m\x1b[1mLinking CXX shared library libmsgs_srvs__rosidl_typesupport_cpp.so\x1b[0m\n'}
[12.898997] (-) TimerEvent: {}
[12.965110] (msgs_srvs) StdoutLine: {'line': b'[ 42%] Built target msgs_srvs__rosidl_typesupport_cpp\n'}
[12.985620] (msgs_srvs) StdoutLine: {'line': b'[ 43%] \x1b[32mBuilding CXX object CMakeFiles/msgs_srvs__rosidl_typesupport_fastrtps_cpp.dir/rosidl_typesupport_fastrtps_cpp/msgs_srvs/msg/detail/dds_fastrtps/sbus__type_support.cpp.o\x1b[0m\n'}
[12.992976] (msgs_srvs) StdoutLine: {'line': b'[ 44%] \x1b[32mBuilding CXX object CMakeFiles/msgs_srvs__rosidl_typesupport_fastrtps_c.dir/rosidl_typesupport_fastrtps_c/msgs_srvs/msg/detail/buzzer_state__type_support_c.cpp.o\x1b[0m\n'}
[12.999172] (-) TimerEvent: {}
[13.099881] (-) TimerEvent: {}
[13.104253] (msgs_srvs) StdoutLine: {'line': b'[ 45%] \x1b[32mBuilding CXX object CMakeFiles/msgs_srvs__rosidl_typesupport_fastrtps_cpp.dir/rosidl_typesupport_fastrtps_cpp/msgs_srvs/srv/detail/dds_fastrtps/pwm_servo_state__type_support.cpp.o\x1b[0m\n'}
[13.125062] (msgs_srvs) StdoutLine: {'line': b'[ 46%] \x1b[32m\x1b[1mLinking CXX shared library libmsgs_srvs__rosidl_typesupport_introspection_cpp.so\x1b[0m\n'}
[13.200234] (-) TimerEvent: {}
[13.303927] (-) TimerEvent: {}
[13.369994] (msgs_srvs) StdoutLine: {'line': b'[ 47%] Built target msgs_srvs__rosidl_typesupport_introspection_cpp\n'}
[13.396460] (msgs_srvs) StdoutLine: {'line': b'\x1b[35m\x1b[1mConsolidate compiler generated dependencies of target msgs_srvs__rosidl_typesupport_introspection_c\x1b[0m\n'}
[13.404085] (-) TimerEvent: {}
[13.427578] (msgs_srvs) StdoutLine: {'line': b'[ 48%] \x1b[32mBuilding C object CMakeFiles/msgs_srvs__rosidl_typesupport_introspection_c.dir/rosidl_typesupport_introspection_c/msgs_srvs/msg/detail/button_state__type_support.c.o\x1b[0m\n'}
[13.504223] (-) TimerEvent: {}
[13.535791] (msgs_srvs) StdoutLine: {'line': b'[ 49%] \x1b[32mBuilding C object CMakeFiles/msgs_srvs__rosidl_typesupport_introspection_c.dir/rosidl_typesupport_introspection_c/msgs_srvs/msg/detail/buzzer_state__type_support.c.o\x1b[0m\n'}
[13.604390] (-) TimerEvent: {}
[13.654056] (msgs_srvs) StdoutLine: {'line': b'[ 50%] \x1b[32mBuilding C object CMakeFiles/msgs_srvs__rosidl_typesupport_introspection_c.dir/rosidl_typesupport_introspection_c/msgs_srvs/msg/detail/led_state__type_support.c.o\x1b[0m\n'}
[13.704610] (-) TimerEvent: {}
[13.741928] (msgs_srvs) StdoutLine: {'line': b'[ 51%] \x1b[32mBuilding C object CMakeFiles/msgs_srvs__rosidl_typesupport_introspection_c.dir/rosidl_typesupport_introspection_c/msgs_srvs/msg/detail/motors_state__type_support.c.o\x1b[0m\n'}
[13.804741] (-) TimerEvent: {}
[13.805181] (msgs_srvs) StdoutLine: {'line': b'[ 52%] \x1b[32mBuilding CXX object CMakeFiles/msgs_srvs__rosidl_typesupport_fastrtps_c.dir/rosidl_typesupport_fastrtps_c/msgs_srvs/msg/detail/led_state__type_support_c.cpp.o\x1b[0m\n'}
[13.851614] (msgs_srvs) StdoutLine: {'line': b'[ 53%] \x1b[32mBuilding C object CMakeFiles/msgs_srvs__rosidl_typesupport_introspection_c.dir/rosidl_typesupport_introspection_c/msgs_srvs/msg/detail/motor_state__type_support.c.o\x1b[0m\n'}
[13.904875] (-) TimerEvent: {}
[13.953660] (msgs_srvs) StdoutLine: {'line': b'[ 54%] \x1b[32mBuilding C object CMakeFiles/msgs_srvs__rosidl_typesupport_introspection_c.dir/rosidl_typesupport_introspection_c/msgs_srvs/msg/detail/pwm_servo_state__type_support.c.o\x1b[0m\n'}
[14.005025] (-) TimerEvent: {}
[14.071815] (msgs_srvs) StdoutLine: {'line': b'[ 55%] \x1b[32mBuilding C object CMakeFiles/msgs_srvs__rosidl_typesupport_introspection_c.dir/rosidl_typesupport_introspection_c/msgs_srvs/msg/detail/pwm_servo_state_duration__type_support.c.o\x1b[0m\n'}
[14.107608] (-) TimerEvent: {}
[14.128847] (msgs_srvs) StdoutLine: {'line': b'\x1b[35m\x1b[1mConsolidate compiler generated dependencies of target msgs_srvs__rosidl_typesupport_c\x1b[0m\n'}
[14.170677] (msgs_srvs) StdoutLine: {'line': b'[ 56%] \x1b[32mBuilding CXX object CMakeFiles/msgs_srvs__rosidl_typesupport_c.dir/rosidl_typesupport_c/msgs_srvs/msg/button_state__type_support.cpp.o\x1b[0m\n'}
[14.177502] (msgs_srvs) StdoutLine: {'line': b'[ 57%] \x1b[32mBuilding C object CMakeFiles/msgs_srvs__rosidl_typesupport_introspection_c.dir/rosidl_typesupport_introspection_c/msgs_srvs/msg/detail/sbus__type_support.c.o\x1b[0m\n'}
[14.207745] (-) TimerEvent: {}
[14.239727] (msgs_srvs) StdoutLine: {'line': b'[ 58%] \x1b[32m\x1b[1mLinking CXX shared library libmsgs_srvs__rosidl_typesupport_fastrtps_cpp.so\x1b[0m\n'}
[14.243376] (msgs_srvs) StdoutLine: {'line': b'[ 60%] \x1b[32mBuilding CXX object CMakeFiles/msgs_srvs__rosidl_typesupport_c.dir/rosidl_typesupport_c/msgs_srvs/msg/buzzer_state__type_support.cpp.o\x1b[0m\n'}
[14.287651] (msgs_srvs) StdoutLine: {'line': b'[ 61%] \x1b[32mBuilding C object CMakeFiles/msgs_srvs__rosidl_typesupport_introspection_c.dir/rosidl_typesupport_introspection_c/msgs_srvs/srv/detail/pwm_servo_state__type_support.c.o\x1b[0m\n'}
[14.307968] (-) TimerEvent: {}
[14.339066] (msgs_srvs) StdoutLine: {'line': b'[ 62%] \x1b[32mBuilding CXX object CMakeFiles/msgs_srvs__rosidl_typesupport_c.dir/rosidl_typesupport_c/msgs_srvs/msg/led_state__type_support.cpp.o\x1b[0m\n'}
[14.408116] (-) TimerEvent: {}
[14.422627] (msgs_srvs) StdoutLine: {'line': b'[ 64%] \x1b[32mBuilding CXX object CMakeFiles/msgs_srvs__rosidl_typesupport_c.dir/rosidl_typesupport_c/msgs_srvs/msg/motors_state__type_support.cpp.o\x1b[0m\n'}
[14.425239] (msgs_srvs) StdoutLine: {'line': b'[ 64%] \x1b[32m\x1b[1mLinking C shared library libmsgs_srvs__rosidl_typesupport_introspection_c.so\x1b[0m\n'}
[14.474057] (msgs_srvs) StdoutLine: {'line': b'[ 65%] Built target msgs_srvs__rosidl_typesupport_fastrtps_cpp\n'}
[14.501705] (msgs_srvs) StdoutLine: {'line': b'[ 66%] \x1b[32mBuilding CXX object CMakeFiles/msgs_srvs__rosidl_typesupport_c.dir/rosidl_typesupport_c/msgs_srvs/msg/motor_state__type_support.cpp.o\x1b[0m\n'}
[14.508611] (-) TimerEvent: {}
[14.510633] (msgs_srvs) StdoutLine: {'line': b'[ 68%] \x1b[32mBuilding CXX object CMakeFiles/msgs_srvs__rosidl_typesupport_c.dir/rosidl_typesupport_c/msgs_srvs/msg/pwm_servo_state__type_support.cpp.o\x1b[0m\n'}
[14.528670] (msgs_srvs) StdoutLine: {'line': b'[ 68%] Built target msgs_srvs__rosidl_typesupport_introspection_c\n'}
[14.551025] (msgs_srvs) StdoutLine: {'line': b'[ 69%] \x1b[32mBuilding CXX object CMakeFiles/msgs_srvs__rosidl_typesupport_c.dir/rosidl_typesupport_c/msgs_srvs/msg/pwm_servo_state_duration__type_support.cpp.o\x1b[0m\n'}
[14.588357] (msgs_srvs) StdoutLine: {'line': b'[ 70%] \x1b[32mBuilding CXX object CMakeFiles/msgs_srvs__rosidl_typesupport_c.dir/rosidl_typesupport_c/msgs_srvs/msg/sbus__type_support.cpp.o\x1b[0m\n'}
[14.590231] (msgs_srvs) StdoutLine: {'line': b'[ 71%] \x1b[32mBuilding CXX object CMakeFiles/msgs_srvs__rosidl_typesupport_c.dir/rosidl_typesupport_c/msgs_srvs/srv/pwm_servo_state__type_support.cpp.o\x1b[0m\n'}
[14.608768] (-) TimerEvent: {}
[14.631201] (msgs_srvs) StdoutLine: {'line': b'[ 72%] \x1b[32mBuilding CXX object CMakeFiles/msgs_srvs__rosidl_typesupport_fastrtps_c.dir/rosidl_typesupport_fastrtps_c/msgs_srvs/msg/detail/motors_state__type_support_c.cpp.o\x1b[0m\n'}
[14.674503] (msgs_srvs) StdoutLine: {'line': b'[ 73%] \x1b[32mBuilding CXX object CMakeFiles/msgs_srvs__rosidl_typesupport_fastrtps_c.dir/rosidl_typesupport_fastrtps_c/msgs_srvs/msg/detail/motor_state__type_support_c.cpp.o\x1b[0m\n'}
[14.680721] (msgs_srvs) StdoutLine: {'line': b'[ 74%] \x1b[32m\x1b[1mLinking CXX shared library libmsgs_srvs__rosidl_typesupport_c.so\x1b[0m\n'}
[14.708907] (-) TimerEvent: {}
[14.713630] (msgs_srvs) StdoutLine: {'line': b'[ 75%] \x1b[32mBuilding CXX object CMakeFiles/msgs_srvs__rosidl_typesupport_fastrtps_c.dir/rosidl_typesupport_fastrtps_c/msgs_srvs/msg/detail/pwm_servo_state__type_support_c.cpp.o\x1b[0m\n'}
[14.801302] (msgs_srvs) StdoutLine: {'line': b'[ 76%] Built target msgs_srvs__rosidl_typesupport_c\n'}
[14.809034] (-) TimerEvent: {}
[14.821957] (msgs_srvs) StdoutLine: {'line': b'[ 77%] \x1b[32mBuilding CXX object CMakeFiles/msgs_srvs__rosidl_typesupport_fastrtps_c.dir/rosidl_typesupport_fastrtps_c/msgs_srvs/msg/detail/pwm_servo_state_duration__type_support_c.cpp.o\x1b[0m\n'}
[14.909180] (-) TimerEvent: {}
[15.011620] (-) TimerEvent: {}
[15.112470] (-) TimerEvent: {}
[15.213316] (-) TimerEvent: {}
[15.317345] (-) TimerEvent: {}
[15.417912] (-) TimerEvent: {}
[15.434363] (msgs_srvs) StdoutLine: {'line': b'[ 78%] \x1b[32mBuilding CXX object CMakeFiles/msgs_srvs__rosidl_typesupport_fastrtps_c.dir/rosidl_typesupport_fastrtps_c/msgs_srvs/msg/detail/sbus__type_support_c.cpp.o\x1b[0m\n'}
[15.485298] (msgs_srvs) StdoutLine: {'line': b'[ 80%] \x1b[32mBuilding CXX object CMakeFiles/msgs_srvs__rosidl_typesupport_fastrtps_c.dir/rosidl_typesupport_fastrtps_c/msgs_srvs/srv/detail/pwm_servo_state__type_support_c.cpp.o\x1b[0m\n'}
[15.518036] (-) TimerEvent: {}
[15.620794] (-) TimerEvent: {}
[15.721463] (-) TimerEvent: {}
[15.821934] (-) TimerEvent: {}
[15.922368] (-) TimerEvent: {}
[16.022825] (-) TimerEvent: {}
[16.080555] (msgs_srvs) StdoutLine: {'line': b'[ 81%] \x1b[32m\x1b[1mLinking CXX shared library libmsgs_srvs__rosidl_typesupport_fastrtps_c.so\x1b[0m\n'}
[16.122955] (-) TimerEvent: {}
[16.223399] (-) TimerEvent: {}
[16.259947] (msgs_srvs) StdoutLine: {'line': b'[ 82%] Built target msgs_srvs__rosidl_typesupport_fastrtps_c\n'}
[16.297743] (msgs_srvs) StdoutLine: {'line': b'[ 82%] Built target msgs_srvs\n'}
[16.323537] (-) TimerEvent: {}
[16.333906] (msgs_srvs) StdoutLine: {'line': b'[ 83%] Built target msgs_srvs__py\n'}
[16.358839] (msgs_srvs) StdoutLine: {'line': b'\x1b[35m\x1b[1mConsolidate compiler generated dependencies of target msgs_srvs__rosidl_generator_py\x1b[0m\n'}
[16.390359] (msgs_srvs) StdoutLine: {'line': b'[ 85%] \x1b[32mBuilding C object CMakeFiles/msgs_srvs__rosidl_generator_py.dir/rosidl_generator_py/msgs_srvs/msg/_button_state_s.c.o\x1b[0m\n'}
[16.392670] (msgs_srvs) StdoutLine: {'line': b'[ 86%] \x1b[32mBuilding C object CMakeFiles/msgs_srvs__rosidl_generator_py.dir/rosidl_generator_py/msgs_srvs/msg/_led_state_s.c.o\x1b[0m\n'}
[16.393027] (msgs_srvs) StdoutLine: {'line': b'[ 85%] \x1b[32mBuilding C object CMakeFiles/msgs_srvs__rosidl_generator_py.dir/rosidl_generator_py/msgs_srvs/msg/_buzzer_state_s.c.o\x1b[0m\n'}
[16.394168] (msgs_srvs) StdoutLine: {'line': b'[ 87%] \x1b[32mBuilding C object CMakeFiles/msgs_srvs__rosidl_generator_py.dir/rosidl_generator_py/msgs_srvs/msg/_motors_state_s.c.o\x1b[0m\n'}
[16.425445] (-) TimerEvent: {}
[16.525908] (-) TimerEvent: {}
[16.614002] (msgs_srvs) StdoutLine: {'line': b'[ 88%] \x1b[32mBuilding C object CMakeFiles/msgs_srvs__rosidl_generator_py.dir/rosidl_generator_py/msgs_srvs/msg/_motor_state_s.c.o\x1b[0m\n'}
[16.619836] (msgs_srvs) StdoutLine: {'line': b'[ 89%] \x1b[32mBuilding C object CMakeFiles/msgs_srvs__rosidl_generator_py.dir/rosidl_generator_py/msgs_srvs/msg/_pwm_servo_state_s.c.o\x1b[0m\n'}
[16.620765] (msgs_srvs) StdoutLine: {'line': b'[ 90%] \x1b[32mBuilding C object CMakeFiles/msgs_srvs__rosidl_generator_py.dir/rosidl_generator_py/msgs_srvs/msg/_pwm_servo_state_duration_s.c.o\x1b[0m\n'}
[16.626095] (-) TimerEvent: {}
[16.671703] (msgs_srvs) StdoutLine: {'line': b'[ 91%] \x1b[32mBuilding C object CMakeFiles/msgs_srvs__rosidl_generator_py.dir/rosidl_generator_py/msgs_srvs/msg/_sbus_s.c.o\x1b[0m\n'}
[16.727062] (-) TimerEvent: {}
[16.828225] (-) TimerEvent: {}
[16.839206] (msgs_srvs) StdoutLine: {'line': b'[ 92%] \x1b[32mBuilding C object CMakeFiles/msgs_srvs__rosidl_generator_py.dir/rosidl_generator_py/msgs_srvs/srv/_pwm_servo_state_s.c.o\x1b[0m\n'}
[16.928336] (-) TimerEvent: {}
[17.028748] (-) TimerEvent: {}
[17.043311] (msgs_srvs) StdoutLine: {'line': b'[ 93%] \x1b[32m\x1b[1mLinking C shared library rosidl_generator_py/msgs_srvs/libmsgs_srvs__rosidl_generator_py.so\x1b[0m\n'}
[17.128873] (-) TimerEvent: {}
[17.136738] (msgs_srvs) StdoutLine: {'line': b'[ 93%] Built target msgs_srvs__rosidl_generator_py\n'}
[17.161284] (msgs_srvs) StdoutLine: {'line': b'\x1b[35m\x1b[1mConsolidate compiler generated dependencies of target msgs_srvs__rosidl_typesupport_introspection_c__pyext\x1b[0m\n'}
[17.161860] (msgs_srvs) StdoutLine: {'line': b'\x1b[35m\x1b[1mConsolidate compiler generated dependencies of target msgs_srvs__rosidl_typesupport_c__pyext\x1b[0m\n'}
[17.162033] (msgs_srvs) StdoutLine: {'line': b'\x1b[35m\x1b[1mConsolidate compiler generated dependencies of target msgs_srvs__rosidl_typesupport_fastrtps_c__pyext\x1b[0m\n'}
[17.189649] (msgs_srvs) StdoutLine: {'line': b'[ 95%] \x1b[32mBuilding C object CMakeFiles/msgs_srvs__rosidl_typesupport_introspection_c__pyext.dir/rosidl_generator_py/msgs_srvs/_msgs_srvs_s.ep.rosidl_typesupport_introspection_c.c.o\x1b[0m\n'}
[17.190074] (msgs_srvs) StdoutLine: {'line': b'[ 95%] \x1b[32mBuilding C object CMakeFiles/msgs_srvs__rosidl_typesupport_c__pyext.dir/rosidl_generator_py/msgs_srvs/_msgs_srvs_s.ep.rosidl_typesupport_c.c.o\x1b[0m\n'}
[17.193785] (msgs_srvs) StdoutLine: {'line': b'[ 96%] \x1b[32mBuilding C object CMakeFiles/msgs_srvs__rosidl_typesupport_fastrtps_c__pyext.dir/rosidl_generator_py/msgs_srvs/_msgs_srvs_s.ep.rosidl_typesupport_fastrtps_c.c.o\x1b[0m\n'}
[17.229575] (-) TimerEvent: {}
[17.330138] (-) TimerEvent: {}
[17.430988] (-) TimerEvent: {}
[17.431573] (msgs_srvs) StdoutLine: {'line': b'[ 97%] \x1b[32m\x1b[1mLinking C shared library rosidl_generator_py/msgs_srvs/msgs_srvs_s__rosidl_typesupport_c.cpython-310-aarch64-linux-gnu.so\x1b[0m\n'}
[17.441088] (msgs_srvs) StdoutLine: {'line': b'[ 98%] \x1b[32m\x1b[1mLinking C shared library rosidl_generator_py/msgs_srvs/msgs_srvs_s__rosidl_typesupport_fastrtps_c.cpython-310-aarch64-linux-gnu.so\x1b[0m\n'}
[17.443703] (msgs_srvs) StdoutLine: {'line': b'[100%] \x1b[32m\x1b[1mLinking C shared library rosidl_generator_py/msgs_srvs/msgs_srvs_s__rosidl_typesupport_introspection_c.cpython-310-aarch64-linux-gnu.so\x1b[0m\n'}
[17.531145] (-) TimerEvent: {}
[17.546435] (msgs_srvs) StdoutLine: {'line': b'[100%] Built target msgs_srvs__rosidl_typesupport_introspection_c__pyext\n'}
[17.546719] (msgs_srvs) StdoutLine: {'line': b'[100%] Built target msgs_srvs__rosidl_typesupport_fastrtps_c__pyext\n'}
[17.549675] (msgs_srvs) StdoutLine: {'line': b'[100%] Built target msgs_srvs__rosidl_typesupport_c__pyext\n'}
[17.579270] (msgs_srvs) CommandEnded: {'returncode': 0}
[17.580152] (msgs_srvs) JobProgress: {'identifier': 'msgs_srvs', 'progress': 'install'}
[17.580491] (msgs_srvs) Command: {'cmd': ['/usr/bin/cmake', '--install', '/ros2_ws/src/build/msgs_srvs'], 'cwd': '/ros2_ws/src/build/msgs_srvs', 'env': OrderedDict([('VNCDESKTOP', 'TurboVNC: tarzan-desktop:1 ()'), ('LESSOPEN', '| /usr/bin/lesspipe %s'), ('HOSTNAME', 'tarzan-desktop'), ('SSH_AGENT_PID', '183'), ('SHLVL', '2'), ('LD_LIBRARY_PATH', '/ros2_ws/src/install/msgs_srvs/lib:/opt/ros/humble/opt/rviz_ogre_vendor/lib:/opt/ros/humble/lib/aarch64-linux-gnu:/opt/ros/humble/lib'), ('HOME', '/root'), ('DESKTOP_SESSION', 'xfce'), ('PANEL_GDK_CORE_DEVICE_EVENTS', '0'), ('ROS_PYTHON_VERSION', '3'), ('DBUS_SESSION_BUS_ADDRESS', 'unix:abstract=/tmp/dbus-4CJIhrXuxg,guid=f501d653e06661677ef966f767c66fec'), ('COLORTERM', 'truecolor'), ('COLCON_PREFIX_PATH', '/ros2_ws/src/install'), ('ROS_DISTRO', 'humble'), ('VGL_PROBEGLX', '0'), ('WINDOWID', '41943043'), ('FONT_ENCODINGS_DIRECTORY', '/usr/share/fonts/X11/encodings'), ('_', '/usr/bin/colcon'), ('ROS_VERSION', '2'), ('TERM', 'xterm-256color'), ('ROS_LOCALHOST_ONLY', '0'), ('PATH', '/ros2_ws/src/install/oradar_lidar/bin:/opt/ros/humble/bin:/usr/local/sbin:/usr/local/bin:/usr/sbin:/usr/bin:/sbin:/bin'), ('SESSION_MANAGER', 'local/tarzan-desktop:@/tmp/.ICE-unix/133,unix/tarzan-desktop:/tmp/.ICE-unix/133'), ('XDG_MENU_PREFIX', 'xfce-'), ('VGL_COMPRESS', '0'), ('DISPLAY', ':1.0'), ('LANG', 'en_US.UTF-8'), ('XDG_CURRENT_DESKTOP', 'XFCE'), ('LS_COLORS', 'rs=0:di=01;34:ln=01;36:mh=00:pi=40;33:so=01;35:do=01;35:bd=40;33;01:cd=40;33;01:or=40;31;01:mi=00:su=37;41:sg=30;43:ca=30;41:tw=30;42:ow=34;42:st=37;44:ex=01;32:*.tar=01;31:*.tgz=01;31:*.arc=01;31:*.arj=01;31:*.taz=01;31:*.lha=01;31:*.lz4=01;31:*.lzh=01;31:*.lzma=01;31:*.tlz=01;31:*.txz=01;31:*.tzo=01;31:*.t7z=01;31:*.zip=01;31:*.z=01;31:*.dz=01;31:*.gz=01;31:*.lrz=01;31:*.lz=01;31:*.lzo=01;31:*.xz=01;31:*.zst=01;31:*.tzst=01;31:*.bz2=01;31:*.bz=01;31:*.tbz=01;31:*.tbz2=01;31:*.tz=01;31:*.deb=01;31:*.rpm=01;31:*.jar=01;31:*.war=01;31:*.ear=01;31:*.sar=01;31:*.rar=01;31:*.alz=01;31:*.ace=01;31:*.zoo=01;31:*.cpio=01;31:*.7z=01;31:*.rz=01;31:*.cab=01;31:*.wim=01;31:*.swm=01;31:*.dwm=01;31:*.esd=01;31:*.jpg=01;35:*.jpeg=01;35:*.mjpg=01;35:*.mjpeg=01;35:*.gif=01;35:*.bmp=01;35:*.pbm=01;35:*.pgm=01;35:*.ppm=01;35:*.tga=01;35:*.xbm=01;35:*.xpm=01;35:*.tif=01;35:*.tiff=01;35:*.png=01;35:*.svg=01;35:*.svgz=01;35:*.mng=01;35:*.pcx=01;35:*.mov=01;35:*.mpg=01;35:*.mpeg=01;35:*.m2v=01;35:*.mkv=01;35:*.webm=01;35:*.webp=01;35:*.ogm=01;35:*.mp4=01;35:*.m4v=01;35:*.mp4v=01;35:*.vob=01;35:*.qt=01;35:*.nuv=01;35:*.wmv=01;35:*.asf=01;35:*.rm=01;35:*.rmvb=01;35:*.flc=01;35:*.avi=01;35:*.fli=01;35:*.flv=01;35:*.gl=01;35:*.dl=01;35:*.xcf=01;35:*.xwd=01;35:*.yuv=01;35:*.cgm=01;35:*.emf=01;35:*.ogv=01;35:*.ogx=01;35:*.aac=00;36:*.au=00;36:*.flac=00;36:*.m4a=00;36:*.mid=00;36:*.midi=00;36:*.mka=00;36:*.mp3=00;36:*.mpc=00;36:*.ogg=00;36:*.ra=00;36:*.wav=00;36:*.oga=00;36:*.opus=00;36:*.spx=00;36:*.xspf=00;36:'), ('SSH_AUTH_SOCK', '/tmp/ssh-XXXXXXHzT4dc/agent.182'), ('AMENT_PREFIX_PATH', '/ros2_ws/src/install/peripherals:/ros2_ws/src/install/oradar_lidar:/ros2_ws/src/install/msgs_srvs:/ros2_ws/src/install/driver:/opt/ros/humble'), ('DEBIAN_FRONTEND', 'noninteractive'), ('LESSCLOSE', '/usr/bin/lesspipe %s %s'), ('PWD', '/ros2_ws/src/build/msgs_srvs'), ('XDG_CONFIG_DIRS', '/etc/xdg'), ('XDG_DATA_DIRS', '/usr/local/share:/usr/share'), ('PYTHONPATH', '/ros2_ws/src/build/peripherals:/ros2_ws/src/install/peripherals/lib/python3.10/site-packages:/ros2_ws/src/install/msgs_srvs/local/lib/python3.10/dist-packages:/ros2_ws/src/build/driver:/ros2_ws/src/install/driver/lib/python3.10/site-packages:/opt/ros/humble/lib/python3.10/site-packages:/opt/ros/humble/local/lib/python3.10/dist-packages'), ('COLCON', '1'), ('VTE_VERSION', '6800'), ('CMAKE_PREFIX_PATH', '/ros2_ws/src/install/oradar_lidar:/ros2_ws/src/install/msgs_srvs:/ros2_ws/src/install/peripherals:/ros2_ws/src/install/driver:/opt/ros/humble')]), 'shell': False}
[17.595125] (msgs_srvs) StdoutLine: {'line': b'-- Install configuration: ""\n'}
[17.596065] (msgs_srvs) StdoutLine: {'line': b'-- Execute custom install script\n'}
[17.596418] (msgs_srvs) StdoutLine: {'line': b'-- Up-to-date symlink: /ros2_ws/src/install/msgs_srvs/share/ament_index/resource_index/rosidl_interfaces/msgs_srvs\n'}
[17.597447] (msgs_srvs) StdoutLine: {'line': b'-- Up-to-date symlink: /ros2_ws/src/install/msgs_srvs/include/msgs_srvs/msgs_srvs/msg/button_state.h\n'}
[17.597597] (msgs_srvs) StdoutLine: {'line': b'-- Up-to-date symlink: /ros2_ws/src/install/msgs_srvs/include/msgs_srvs/msgs_srvs/msg/buzzer_state.h\n'}
[17.597754] (msgs_srvs) StdoutLine: {'line': b'-- Up-to-date symlink: /ros2_ws/src/install/msgs_srvs/include/msgs_srvs/msgs_srvs/msg/detail/button_state__functions.h\n'}
[17.597901] (msgs_srvs) StdoutLine: {'line': b'-- Up-to-date symlink: /ros2_ws/src/install/msgs_srvs/include/msgs_srvs/msgs_srvs/msg/detail/button_state__struct.h\n'}
[17.598042] (msgs_srvs) StdoutLine: {'line': b'-- Up-to-date symlink: /ros2_ws/src/install/msgs_srvs/include/msgs_srvs/msgs_srvs/msg/detail/button_state__type_support.h\n'}
[17.598182] (msgs_srvs) StdoutLine: {'line': b'-- Up-to-date symlink: /ros2_ws/src/install/msgs_srvs/include/msgs_srvs/msgs_srvs/msg/detail/buzzer_state__functions.h\n'}
[17.598350] (msgs_srvs) StdoutLine: {'line': b'-- Up-to-date symlink: /ros2_ws/src/install/msgs_srvs/include/msgs_srvs/msgs_srvs/msg/detail/buzzer_state__struct.h\n'}
[17.598465] (msgs_srvs) StdoutLine: {'line': b'-- Up-to-date symlink: /ros2_ws/src/install/msgs_srvs/include/msgs_srvs/msgs_srvs/msg/detail/buzzer_state__type_support.h\n'}
[17.598642] (msgs_srvs) StdoutLine: {'line': b'-- Up-to-date symlink: /ros2_ws/src/install/msgs_srvs/include/msgs_srvs/msgs_srvs/msg/detail/led_state__functions.h\n'}
[17.598786] (msgs_srvs) StdoutLine: {'line': b'-- Up-to-date symlink: /ros2_ws/src/install/msgs_srvs/include/msgs_srvs/msgs_srvs/msg/detail/led_state__struct.h\n'}
[17.598990] (msgs_srvs) StdoutLine: {'line': b'-- Up-to-date symlink: /ros2_ws/src/install/msgs_srvs/include/msgs_srvs/msgs_srvs/msg/detail/led_state__type_support.h\n'}
[17.599130] (msgs_srvs) StdoutLine: {'line': b'-- Up-to-date symlink: /ros2_ws/src/install/msgs_srvs/include/msgs_srvs/msgs_srvs/msg/detail/motor_state__functions.h\n'}
[17.599268] (msgs_srvs) StdoutLine: {'line': b'-- Up-to-date symlink: /ros2_ws/src/install/msgs_srvs/include/msgs_srvs/msgs_srvs/msg/detail/motor_state__struct.h\n'}
[17.599407] (msgs_srvs) StdoutLine: {'line': b'-- Up-to-date symlink: /ros2_ws/src/install/msgs_srvs/include/msgs_srvs/msgs_srvs/msg/detail/motor_state__type_support.h\n'}
[17.599552] (msgs_srvs) StdoutLine: {'line': b'-- Up-to-date symlink: /ros2_ws/src/install/msgs_srvs/include/msgs_srvs/msgs_srvs/msg/detail/motors_state__functions.h\n'}
[17.599697] (msgs_srvs) StdoutLine: {'line': b'-- Up-to-date symlink: /ros2_ws/src/install/msgs_srvs/include/msgs_srvs/msgs_srvs/msg/detail/motors_state__struct.h\n'}
[17.599836] (msgs_srvs) StdoutLine: {'line': b'-- Up-to-date symlink: /ros2_ws/src/install/msgs_srvs/include/msgs_srvs/msgs_srvs/msg/detail/motors_state__type_support.h\n'}
[17.599974] (msgs_srvs) StdoutLine: {'line': b'-- Up-to-date symlink: /ros2_ws/src/install/msgs_srvs/include/msgs_srvs/msgs_srvs/msg/detail/pwm_servo_state__functions.h\n'}
[17.600112] (msgs_srvs) StdoutLine: {'line': b'-- Up-to-date symlink: /ros2_ws/src/install/msgs_srvs/include/msgs_srvs/msgs_srvs/msg/detail/pwm_servo_state__struct.h\n'}
[17.600252] (msgs_srvs) StdoutLine: {'line': b'-- Up-to-date symlink: /ros2_ws/src/install/msgs_srvs/include/msgs_srvs/msgs_srvs/msg/detail/pwm_servo_state__type_support.h\n'}
[17.600392] (msgs_srvs) StdoutLine: {'line': b'-- Up-to-date symlink: /ros2_ws/src/install/msgs_srvs/include/msgs_srvs/msgs_srvs/msg/detail/pwm_servo_state_duration__functions.h\n'}
[17.600528] (msgs_srvs) StdoutLine: {'line': b'-- Up-to-date symlink: /ros2_ws/src/install/msgs_srvs/include/msgs_srvs/msgs_srvs/msg/detail/pwm_servo_state_duration__struct.h\n'}
[17.600655] (msgs_srvs) StdoutLine: {'line': b'-- Up-to-date symlink: /ros2_ws/src/install/msgs_srvs/include/msgs_srvs/msgs_srvs/msg/detail/pwm_servo_state_duration__type_support.h\n'}
[17.600783] (msgs_srvs) StdoutLine: {'line': b'-- Up-to-date symlink: /ros2_ws/src/install/msgs_srvs/include/msgs_srvs/msgs_srvs/msg/detail/sbus__functions.h\n'}
[17.600904] (msgs_srvs) StdoutLine: {'line': b'-- Up-to-date symlink: /ros2_ws/src/install/msgs_srvs/include/msgs_srvs/msgs_srvs/msg/detail/sbus__struct.h\n'}
[17.601027] (msgs_srvs) StdoutLine: {'line': b'-- Up-to-date symlink: /ros2_ws/src/install/msgs_srvs/include/msgs_srvs/msgs_srvs/msg/detail/sbus__type_support.h\n'}
[17.601144] (msgs_srvs) StdoutLine: {'line': b'-- Up-to-date symlink: /ros2_ws/src/install/msgs_srvs/include/msgs_srvs/msgs_srvs/msg/led_state.h\n'}
[17.601260] (msgs_srvs) StdoutLine: {'line': b'-- Up-to-date symlink: /ros2_ws/src/install/msgs_srvs/include/msgs_srvs/msgs_srvs/msg/motor_state.h\n'}
[17.601375] (msgs_srvs) StdoutLine: {'line': b'-- Up-to-date symlink: /ros2_ws/src/install/msgs_srvs/include/msgs_srvs/msgs_srvs/msg/motors_state.h\n'}
[17.601498] (msgs_srvs) StdoutLine: {'line': b'-- Up-to-date symlink: /ros2_ws/src/install/msgs_srvs/include/msgs_srvs/msgs_srvs/msg/pwm_servo_state.h\n'}
[17.601644] (msgs_srvs) StdoutLine: {'line': b'-- Up-to-date symlink: /ros2_ws/src/install/msgs_srvs/include/msgs_srvs/msgs_srvs/msg/pwm_servo_state_duration.h\n'}
[17.601766] (msgs_srvs) StdoutLine: {'line': b'-- Up-to-date symlink: /ros2_ws/src/install/msgs_srvs/include/msgs_srvs/msgs_srvs/msg/rosidl_generator_c__visibility_control.h\n'}
[17.601885] (msgs_srvs) StdoutLine: {'line': b'-- Up-to-date symlink: /ros2_ws/src/install/msgs_srvs/include/msgs_srvs/msgs_srvs/msg/sbus.h\n'}
[17.602070] (msgs_srvs) StdoutLine: {'line': b'-- Up-to-date symlink: /ros2_ws/src/install/msgs_srvs/include/msgs_srvs/msgs_srvs/srv/detail/pwm_servo_state__functions.h\n'}
[17.602211] (msgs_srvs) StdoutLine: {'line': b'-- Up-to-date symlink: /ros2_ws/src/install/msgs_srvs/include/msgs_srvs/msgs_srvs/srv/detail/pwm_servo_state__struct.h\n'}
[17.602348] (msgs_srvs) StdoutLine: {'line': b'-- Up-to-date symlink: /ros2_ws/src/install/msgs_srvs/include/msgs_srvs/msgs_srvs/srv/detail/pwm_servo_state__type_support.h\n'}
[17.602492] (msgs_srvs) StdoutLine: {'line': b'-- Up-to-date symlink: /ros2_ws/src/install/msgs_srvs/include/msgs_srvs/msgs_srvs/srv/pwm_servo_state.h\n'}
[17.602724] (msgs_srvs) StdoutLine: {'line': b'-- Up-to-date symlink: /ros2_ws/src/install/msgs_srvs/share/msgs_srvs/environment/library_path.sh\n'}
[17.602889] (msgs_srvs) StdoutLine: {'line': b'-- Up-to-date symlink: /ros2_ws/src/install/msgs_srvs/share/msgs_srvs/environment/library_path.dsv\n'}
[17.603842] (msgs_srvs) StdoutLine: {'line': b'-- Up-to-date symlink: /ros2_ws/src/install/msgs_srvs/include/msgs_srvs/msgs_srvs/msg/detail/button_state__rosidl_typesupport_fastrtps_c.h\n'}
[17.603969] (msgs_srvs) StdoutLine: {'line': b'-- Up-to-date symlink: /ros2_ws/src/install/msgs_srvs/include/msgs_srvs/msgs_srvs/msg/detail/buzzer_state__rosidl_typesupport_fastrtps_c.h\n'}
[17.604109] (msgs_srvs) StdoutLine: {'line': b'-- Up-to-date symlink: /ros2_ws/src/install/msgs_srvs/include/msgs_srvs/msgs_srvs/msg/detail/led_state__rosidl_typesupport_fastrtps_c.h\n'}
[17.604229] (msgs_srvs) StdoutLine: {'line': b'-- Up-to-date symlink: /ros2_ws/src/install/msgs_srvs/include/msgs_srvs/msgs_srvs/msg/detail/motor_state__rosidl_typesupport_fastrtps_c.h\n'}
[17.604352] (msgs_srvs) StdoutLine: {'line': b'-- Up-to-date symlink: /ros2_ws/src/install/msgs_srvs/include/msgs_srvs/msgs_srvs/msg/detail/motors_state__rosidl_typesupport_fastrtps_c.h\n'}
[17.604475] (msgs_srvs) StdoutLine: {'line': b'-- Up-to-date symlink: /ros2_ws/src/install/msgs_srvs/include/msgs_srvs/msgs_srvs/msg/detail/pwm_servo_state__rosidl_typesupport_fastrtps_c.h\n'}
[17.604620] (msgs_srvs) StdoutLine: {'line': b'-- Up-to-date symlink: /ros2_ws/src/install/msgs_srvs/include/msgs_srvs/msgs_srvs/msg/detail/pwm_servo_state_duration__rosidl_typesupport_fastrtps_c.h\n'}
[17.604745] (msgs_srvs) StdoutLine: {'line': b'-- Up-to-date symlink: /ros2_ws/src/install/msgs_srvs/include/msgs_srvs/msgs_srvs/msg/detail/sbus__rosidl_typesupport_fastrtps_c.h\n'}
[17.604864] (msgs_srvs) StdoutLine: {'line': b'-- Up-to-date symlink: /ros2_ws/src/install/msgs_srvs/include/msgs_srvs/msgs_srvs/msg/rosidl_typesupport_fastrtps_c__visibility_control.h\n'}
[17.604990] (msgs_srvs) StdoutLine: {'line': b'-- Up-to-date symlink: /ros2_ws/src/install/msgs_srvs/include/msgs_srvs/msgs_srvs/srv/detail/pwm_servo_state__rosidl_typesupport_fastrtps_c.h\n'}
[17.605839] (msgs_srvs) StdoutLine: {'line': b'-- Up-to-date symlink: /ros2_ws/src/install/msgs_srvs/include/msgs_srvs/msgs_srvs/msg/button_state.hpp\n'}
[17.605957] (msgs_srvs) StdoutLine: {'line': b'-- Up-to-date symlink: /ros2_ws/src/install/msgs_srvs/include/msgs_srvs/msgs_srvs/msg/buzzer_state.hpp\n'}
[17.606081] (msgs_srvs) StdoutLine: {'line': b'-- Up-to-date symlink: /ros2_ws/src/install/msgs_srvs/include/msgs_srvs/msgs_srvs/msg/detail/button_state__builder.hpp\n'}
[17.606203] (msgs_srvs) StdoutLine: {'line': b'-- Up-to-date symlink: /ros2_ws/src/install/msgs_srvs/include/msgs_srvs/msgs_srvs/msg/detail/button_state__struct.hpp\n'}
[17.606325] (msgs_srvs) StdoutLine: {'line': b'-- Up-to-date symlink: /ros2_ws/src/install/msgs_srvs/include/msgs_srvs/msgs_srvs/msg/detail/button_state__traits.hpp\n'}
[17.606446] (msgs_srvs) StdoutLine: {'line': b'-- Up-to-date symlink: /ros2_ws/src/install/msgs_srvs/include/msgs_srvs/msgs_srvs/msg/detail/button_state__type_support.hpp\n'}
[17.606577] (msgs_srvs) StdoutLine: {'line': b'-- Up-to-date symlink: /ros2_ws/src/install/msgs_srvs/include/msgs_srvs/msgs_srvs/msg/detail/buzzer_state__builder.hpp\n'}
[17.606705] (msgs_srvs) StdoutLine: {'line': b'-- Up-to-date symlink: /ros2_ws/src/install/msgs_srvs/include/msgs_srvs/msgs_srvs/msg/detail/buzzer_state__struct.hpp\n'}
[17.606824] (msgs_srvs) StdoutLine: {'line': b'-- Up-to-date symlink: /ros2_ws/src/install/msgs_srvs/include/msgs_srvs/msgs_srvs/msg/detail/buzzer_state__traits.hpp\n'}
[17.606945] (msgs_srvs) StdoutLine: {'line': b'-- Up-to-date symlink: /ros2_ws/src/install/msgs_srvs/include/msgs_srvs/msgs_srvs/msg/detail/buzzer_state__type_support.hpp\n'}
[17.607068] (msgs_srvs) StdoutLine: {'line': b'-- Up-to-date symlink: /ros2_ws/src/install/msgs_srvs/include/msgs_srvs/msgs_srvs/msg/detail/led_state__builder.hpp\n'}
[17.607189] (msgs_srvs) StdoutLine: {'line': b'-- Up-to-date symlink: /ros2_ws/src/install/msgs_srvs/include/msgs_srvs/msgs_srvs/msg/detail/led_state__struct.hpp\n'}
[17.607309] (msgs_srvs) StdoutLine: {'line': b'-- Up-to-date symlink: /ros2_ws/src/install/msgs_srvs/include/msgs_srvs/msgs_srvs/msg/detail/led_state__traits.hpp\n'}
[17.607429] (msgs_srvs) StdoutLine: {'line': b'-- Up-to-date symlink: /ros2_ws/src/install/msgs_srvs/include/msgs_srvs/msgs_srvs/msg/detail/led_state__type_support.hpp\n'}
[17.607557] (msgs_srvs) StdoutLine: {'line': b'-- Up-to-date symlink: /ros2_ws/src/install/msgs_srvs/include/msgs_srvs/msgs_srvs/msg/detail/motor_state__builder.hpp\n'}
[17.607683] (msgs_srvs) StdoutLine: {'line': b'-- Up-to-date symlink: /ros2_ws/src/install/msgs_srvs/include/msgs_srvs/msgs_srvs/msg/detail/motor_state__struct.hpp\n'}
[17.607802] (msgs_srvs) StdoutLine: {'line': b'-- Up-to-date symlink: /ros2_ws/src/install/msgs_srvs/include/msgs_srvs/msgs_srvs/msg/detail/motor_state__traits.hpp\n'}
[17.607925] (msgs_srvs) StdoutLine: {'line': b'-- Up-to-date symlink: /ros2_ws/src/install/msgs_srvs/include/msgs_srvs/msgs_srvs/msg/detail/motor_state__type_support.hpp\n'}
[17.608045] (msgs_srvs) StdoutLine: {'line': b'-- Up-to-date symlink: /ros2_ws/src/install/msgs_srvs/include/msgs_srvs/msgs_srvs/msg/detail/motors_state__builder.hpp\n'}
[17.608165] (msgs_srvs) StdoutLine: {'line': b'-- Up-to-date symlink: /ros2_ws/src/install/msgs_srvs/include/msgs_srvs/msgs_srvs/msg/detail/motors_state__struct.hpp\n'}
[17.608284] (msgs_srvs) StdoutLine: {'line': b'-- Up-to-date symlink: /ros2_ws/src/install/msgs_srvs/include/msgs_srvs/msgs_srvs/msg/detail/motors_state__traits.hpp\n'}
[17.608405] (msgs_srvs) StdoutLine: {'line': b'-- Up-to-date symlink: /ros2_ws/src/install/msgs_srvs/include/msgs_srvs/msgs_srvs/msg/detail/motors_state__type_support.hpp\n'}
[17.608544] (msgs_srvs) StdoutLine: {'line': b'-- Up-to-date symlink: /ros2_ws/src/install/msgs_srvs/include/msgs_srvs/msgs_srvs/msg/detail/pwm_servo_state__builder.hpp\n'}
[17.608672] (msgs_srvs) StdoutLine: {'line': b'-- Up-to-date symlink: /ros2_ws/src/install/msgs_srvs/include/msgs_srvs/msgs_srvs/msg/detail/pwm_servo_state__struct.hpp\n'}
[17.608793] (msgs_srvs) StdoutLine: {'line': b'-- Up-to-date symlink: /ros2_ws/src/install/msgs_srvs/include/msgs_srvs/msgs_srvs/msg/detail/pwm_servo_state__traits.hpp\n'}
[17.608913] (msgs_srvs) StdoutLine: {'line': b'-- Up-to-date symlink: /ros2_ws/src/install/msgs_srvs/include/msgs_srvs/msgs_srvs/msg/detail/pwm_servo_state__type_support.hpp\n'}
[17.609035] (msgs_srvs) StdoutLine: {'line': b'-- Up-to-date symlink: /ros2_ws/src/install/msgs_srvs/include/msgs_srvs/msgs_srvs/msg/detail/pwm_servo_state_duration__builder.hpp\n'}
[17.609156] (msgs_srvs) StdoutLine: {'line': b'-- Up-to-date symlink: /ros2_ws/src/install/msgs_srvs/include/msgs_srvs/msgs_srvs/msg/detail/pwm_servo_state_duration__struct.hpp\n'}
[17.609277] (msgs_srvs) StdoutLine: {'line': b'-- Up-to-date symlink: /ros2_ws/src/install/msgs_srvs/include/msgs_srvs/msgs_srvs/msg/detail/pwm_servo_state_duration__traits.hpp\n'}
[17.609397] (msgs_srvs) StdoutLine: {'line': b'-- Up-to-date symlink: /ros2_ws/src/install/msgs_srvs/include/msgs_srvs/msgs_srvs/msg/detail/pwm_servo_state_duration__type_support.hpp\n'}
[17.609524] (msgs_srvs) StdoutLine: {'line': b'-- Up-to-date symlink: /ros2_ws/src/install/msgs_srvs/include/msgs_srvs/msgs_srvs/msg/detail/sbus__builder.hpp\n'}
[17.609649] (msgs_srvs) StdoutLine: {'line': b'-- Up-to-date symlink: /ros2_ws/src/install/msgs_srvs/include/msgs_srvs/msgs_srvs/msg/detail/sbus__struct.hpp\n'}
[17.609768] (msgs_srvs) StdoutLine: {'line': b'-- Up-to-date symlink: /ros2_ws/src/install/msgs_srvs/include/msgs_srvs/msgs_srvs/msg/detail/sbus__traits.hpp\n'}
[17.609888] (msgs_srvs) StdoutLine: {'line': b'-- Up-to-date symlink: /ros2_ws/src/install/msgs_srvs/include/msgs_srvs/msgs_srvs/msg/detail/sbus__type_support.hpp\n'}
[17.610004] (msgs_srvs) StdoutLine: {'line': b'-- Up-to-date symlink: /ros2_ws/src/install/msgs_srvs/include/msgs_srvs/msgs_srvs/msg/led_state.hpp\n'}
[17.610126] (msgs_srvs) StdoutLine: {'line': b'-- Up-to-date symlink: /ros2_ws/src/install/msgs_srvs/include/msgs_srvs/msgs_srvs/msg/motor_state.hpp\n'}
[17.610242] (msgs_srvs) StdoutLine: {'line': b'-- Up-to-date symlink: /ros2_ws/src/install/msgs_srvs/include/msgs_srvs/msgs_srvs/msg/motors_state.hpp\n'}
[17.610356] (msgs_srvs) StdoutLine: {'line': b'-- Up-to-date symlink: /ros2_ws/src/install/msgs_srvs/include/msgs_srvs/msgs_srvs/msg/pwm_servo_state.hpp\n'}
[17.610472] (msgs_srvs) StdoutLine: {'line': b'-- Up-to-date symlink: /ros2_ws/src/install/msgs_srvs/include/msgs_srvs/msgs_srvs/msg/pwm_servo_state_duration.hpp\n'}
[17.610598] (msgs_srvs) StdoutLine: {'line': b'-- Up-to-date symlink: /ros2_ws/src/install/msgs_srvs/include/msgs_srvs/msgs_srvs/msg/rosidl_generator_cpp__visibility_control.hpp\n'}
[17.610714] (msgs_srvs) StdoutLine: {'line': b'-- Up-to-date symlink: /ros2_ws/src/install/msgs_srvs/include/msgs_srvs/msgs_srvs/msg/sbus.hpp\n'}
[17.610838] (msgs_srvs) StdoutLine: {'line': b'-- Up-to-date symlink: /ros2_ws/src/install/msgs_srvs/include/msgs_srvs/msgs_srvs/srv/detail/pwm_servo_state__builder.hpp\n'}
[17.610959] (msgs_srvs) StdoutLine: {'line': b'-- Up-to-date symlink: /ros2_ws/src/install/msgs_srvs/include/msgs_srvs/msgs_srvs/srv/detail/pwm_servo_state__struct.hpp\n'}
[17.611078] (msgs_srvs) StdoutLine: {'line': b'-- Up-to-date symlink: /ros2_ws/src/install/msgs_srvs/include/msgs_srvs/msgs_srvs/srv/detail/pwm_servo_state__traits.hpp\n'}
[17.611198] (msgs_srvs) StdoutLine: {'line': b'-- Up-to-date symlink: /ros2_ws/src/install/msgs_srvs/include/msgs_srvs/msgs_srvs/srv/detail/pwm_servo_state__type_support.hpp\n'}
[17.611315] (msgs_srvs) StdoutLine: {'line': b'-- Up-to-date symlink: /ros2_ws/src/install/msgs_srvs/include/msgs_srvs/msgs_srvs/srv/pwm_servo_state.hpp\n'}
[17.612240] (msgs_srvs) StdoutLine: {'line': b'-- Up-to-date symlink: /ros2_ws/src/install/msgs_srvs/include/msgs_srvs/msgs_srvs/msg/detail/button_state__rosidl_typesupport_fastrtps_cpp.hpp\n'}
[17.612373] (msgs_srvs) StdoutLine: {'line': b'-- Up-to-date symlink: /ros2_ws/src/install/msgs_srvs/include/msgs_srvs/msgs_srvs/msg/detail/buzzer_state__rosidl_typesupport_fastrtps_cpp.hpp\n'}
[17.612523] (msgs_srvs) StdoutLine: {'line': b'-- Up-to-date symlink: /ros2_ws/src/install/msgs_srvs/include/msgs_srvs/msgs_srvs/msg/detail/led_state__rosidl_typesupport_fastrtps_cpp.hpp\n'}
[17.612661] (msgs_srvs) StdoutLine: {'line': b'-- Up-to-date symlink: /ros2_ws/src/install/msgs_srvs/include/msgs_srvs/msgs_srvs/msg/detail/motor_state__rosidl_typesupport_fastrtps_cpp.hpp\n'}
[17.612770] (msgs_srvs) StdoutLine: {'line': b'-- Up-to-date symlink: /ros2_ws/src/install/msgs_srvs/include/msgs_srvs/msgs_srvs/msg/detail/motors_state__rosidl_typesupport_fastrtps_cpp.hpp\n'}
[17.612888] (msgs_srvs) StdoutLine: {'line': b'-- Up-to-date symlink: /ros2_ws/src/install/msgs_srvs/include/msgs_srvs/msgs_srvs/msg/detail/pwm_servo_state__rosidl_typesupport_fastrtps_cpp.hpp\n'}
[17.613011] (msgs_srvs) StdoutLine: {'line': b'-- Up-to-date symlink: /ros2_ws/src/install/msgs_srvs/include/msgs_srvs/msgs_srvs/msg/detail/pwm_servo_state_duration__rosidl_typesupport_fastrtps_cpp.hpp\n'}
[17.613132] (msgs_srvs) StdoutLine: {'line': b'-- Up-to-date symlink: /ros2_ws/src/install/msgs_srvs/include/msgs_srvs/msgs_srvs/msg/detail/sbus__rosidl_typesupport_fastrtps_cpp.hpp\n'}
[17.613249] (msgs_srvs) StdoutLine: {'line': b'-- Up-to-date symlink: /ros2_ws/src/install/msgs_srvs/include/msgs_srvs/msgs_srvs/msg/rosidl_typesupport_fastrtps_cpp__visibility_control.h\n'}
[17.613370] (msgs_srvs) StdoutLine: {'line': b'-- Up-to-date symlink: /ros2_ws/src/install/msgs_srvs/include/msgs_srvs/msgs_srvs/srv/detail/pwm_servo_state__rosidl_typesupport_fastrtps_cpp.hpp\n'}
[17.613910] (msgs_srvs) StdoutLine: {'line': b'-- Up-to-date symlink: /ros2_ws/src/install/msgs_srvs/include/msgs_srvs/msgs_srvs/msg/detail/button_state__rosidl_typesupport_introspection_c.h\n'}
[17.614036] (msgs_srvs) StdoutLine: {'line': b'-- Up-to-date symlink: /ros2_ws/src/install/msgs_srvs/include/msgs_srvs/msgs_srvs/msg/detail/buzzer_state__rosidl_typesupport_introspection_c.h\n'}
[17.614159] (msgs_srvs) StdoutLine: {'line': b'-- Up-to-date symlink: /ros2_ws/src/install/msgs_srvs/include/msgs_srvs/msgs_srvs/msg/detail/led_state__rosidl_typesupport_introspection_c.h\n'}
[17.614281] (msgs_srvs) StdoutLine: {'line': b'-- Up-to-date symlink: /ros2_ws/src/install/msgs_srvs/include/msgs_srvs/msgs_srvs/msg/detail/motor_state__rosidl_typesupport_introspection_c.h\n'}
[17.614402] (msgs_srvs) StdoutLine: {'line': b'-- Up-to-date symlink: /ros2_ws/src/install/msgs_srvs/include/msgs_srvs/msgs_srvs/msg/detail/motors_state__rosidl_typesupport_introspection_c.h\n'}
[17.614532] (msgs_srvs) StdoutLine: {'line': b'-- Up-to-date symlink: /ros2_ws/src/install/msgs_srvs/include/msgs_srvs/msgs_srvs/msg/detail/pwm_servo_state__rosidl_typesupport_introspection_c.h\n'}
[17.614660] (msgs_srvs) StdoutLine: {'line': b'-- Up-to-date symlink: /ros2_ws/src/install/msgs_srvs/include/msgs_srvs/msgs_srvs/msg/detail/pwm_servo_state_duration__rosidl_typesupport_introspection_c.h\n'}
[17.614782] (msgs_srvs) StdoutLine: {'line': b'-- Up-to-date symlink: /ros2_ws/src/install/msgs_srvs/include/msgs_srvs/msgs_srvs/msg/detail/sbus__rosidl_typesupport_introspection_c.h\n'}
[17.614900] (msgs_srvs) StdoutLine: {'line': b'-- Up-to-date symlink: /ros2_ws/src/install/msgs_srvs/include/msgs_srvs/msgs_srvs/msg/rosidl_typesupport_introspection_c__visibility_control.h\n'}
[17.615021] (msgs_srvs) StdoutLine: {'line': b'-- Up-to-date symlink: /ros2_ws/src/install/msgs_srvs/include/msgs_srvs/msgs_srvs/srv/detail/pwm_servo_state__rosidl_typesupport_introspection_c.h\n'}
[17.615512] (msgs_srvs) StdoutLine: {'line': b'-- Up-to-date symlink: /ros2_ws/src/install/msgs_srvs/include/msgs_srvs/msgs_srvs/msg/detail/button_state__rosidl_typesupport_introspection_cpp.hpp\n'}
[17.615642] (msgs_srvs) StdoutLine: {'line': b'-- Up-to-date symlink: /ros2_ws/src/install/msgs_srvs/include/msgs_srvs/msgs_srvs/msg/detail/buzzer_state__rosidl_typesupport_introspection_cpp.hpp\n'}
[17.615765] (msgs_srvs) StdoutLine: {'line': b'-- Up-to-date symlink: /ros2_ws/src/install/msgs_srvs/include/msgs_srvs/msgs_srvs/msg/detail/led_state__rosidl_typesupport_introspection_cpp.hpp\n'}
[17.615886] (msgs_srvs) StdoutLine: {'line': b'-- Up-to-date symlink: /ros2_ws/src/install/msgs_srvs/include/msgs_srvs/msgs_srvs/msg/detail/motor_state__rosidl_typesupport_introspection_cpp.hpp\n'}
[17.616007] (msgs_srvs) StdoutLine: {'line': b'-- Up-to-date symlink: /ros2_ws/src/install/msgs_srvs/include/msgs_srvs/msgs_srvs/msg/detail/motors_state__rosidl_typesupport_introspection_cpp.hpp\n'}
[17.616139] (msgs_srvs) StdoutLine: {'line': b'-- Up-to-date symlink: /ros2_ws/src/install/msgs_srvs/include/msgs_srvs/msgs_srvs/msg/detail/pwm_servo_state__rosidl_typesupport_introspection_cpp.hpp\n'}
[17.616263] (msgs_srvs) StdoutLine: {'line': b'-- Up-to-date symlink: /ros2_ws/src/install/msgs_srvs/include/msgs_srvs/msgs_srvs/msg/detail/pwm_servo_state_duration__rosidl_typesupport_introspection_cpp.hpp\n'}
[17.616402] (msgs_srvs) StdoutLine: {'line': b'-- Up-to-date symlink: /ros2_ws/src/install/msgs_srvs/include/msgs_srvs/msgs_srvs/msg/detail/sbus__rosidl_typesupport_introspection_cpp.hpp\n'}
[17.616526] (msgs_srvs) StdoutLine: {'line': b'-- Up-to-date symlink: /ros2_ws/src/install/msgs_srvs/include/msgs_srvs/msgs_srvs/srv/detail/pwm_servo_state__rosidl_typesupport_introspection_cpp.hpp\n'}
[17.616722] (msgs_srvs) StdoutLine: {'line': b'-- Up-to-date symlink: /ros2_ws/src/install/msgs_srvs/share/msgs_srvs/environment/pythonpath.sh\n'}
[17.616890] (msgs_srvs) StdoutLine: {'line': b'-- Up-to-date symlink: /ros2_ws/src/install/msgs_srvs/share/msgs_srvs/environment/pythonpath.dsv\n'}
[17.617215] (msgs_srvs) StdoutLine: {'line': b'-- Up-to-date symlink: /ros2_ws/src/install/msgs_srvs/local/lib/python3.10/dist-packages/msgs_srvs-0.0.0-py3.10.egg-info/PKG-INFO\n'}
[17.617337] (msgs_srvs) StdoutLine: {'line': b'-- Up-to-date symlink: /ros2_ws/src/install/msgs_srvs/local/lib/python3.10/dist-packages/msgs_srvs-0.0.0-py3.10.egg-info/SOURCES.txt\n'}
[17.617459] (msgs_srvs) StdoutLine: {'line': b'-- Up-to-date symlink: /ros2_ws/src/install/msgs_srvs/local/lib/python3.10/dist-packages/msgs_srvs-0.0.0-py3.10.egg-info/dependency_links.txt\n'}
[17.617597] (msgs_srvs) StdoutLine: {'line': b'-- Up-to-date symlink: /ros2_ws/src/install/msgs_srvs/local/lib/python3.10/dist-packages/msgs_srvs-0.0.0-py3.10.egg-info/top_level.txt\n'}
[17.618549] (msgs_srvs) StdoutLine: {'line': b'-- Up-to-date symlink: /ros2_ws/src/install/msgs_srvs/local/lib/python3.10/dist-packages/msgs_srvs/__init__.py\n'}
[17.618678] (msgs_srvs) StdoutLine: {'line': b'-- Up-to-date symlink: /ros2_ws/src/install/msgs_srvs/local/lib/python3.10/dist-packages/msgs_srvs/_msgs_srvs_s.ep.rosidl_typesupport_c.c\n'}
[17.618797] (msgs_srvs) StdoutLine: {'line': b'-- Up-to-date symlink: /ros2_ws/src/install/msgs_srvs/local/lib/python3.10/dist-packages/msgs_srvs/_msgs_srvs_s.ep.rosidl_typesupport_fastrtps_c.c\n'}
[17.618914] (msgs_srvs) StdoutLine: {'line': b'-- Up-to-date symlink: /ros2_ws/src/install/msgs_srvs/local/lib/python3.10/dist-packages/msgs_srvs/_msgs_srvs_s.ep.rosidl_typesupport_introspection_c.c\n'}
[17.619030] (msgs_srvs) StdoutLine: {'line': b'-- Up-to-date symlink: /ros2_ws/src/install/msgs_srvs/local/lib/python3.10/dist-packages/msgs_srvs/libmsgs_srvs__rosidl_generator_py.so\n'}
[17.619150] (msgs_srvs) StdoutLine: {'line': b'-- Up-to-date symlink: /ros2_ws/src/install/msgs_srvs/local/lib/python3.10/dist-packages/msgs_srvs/msg/__init__.py\n'}
[17.619270] (msgs_srvs) StdoutLine: {'line': b'-- Up-to-date symlink: /ros2_ws/src/install/msgs_srvs/local/lib/python3.10/dist-packages/msgs_srvs/msg/_button_state.py\n'}
[17.619389] (msgs_srvs) StdoutLine: {'line': b'-- Up-to-date symlink: /ros2_ws/src/install/msgs_srvs/local/lib/python3.10/dist-packages/msgs_srvs/msg/_button_state_s.c\n'}
[17.619514] (msgs_srvs) StdoutLine: {'line': b'-- Up-to-date symlink: /ros2_ws/src/install/msgs_srvs/local/lib/python3.10/dist-packages/msgs_srvs/msg/_buzzer_state.py\n'}
[17.619640] (msgs_srvs) StdoutLine: {'line': b'-- Up-to-date symlink: /ros2_ws/src/install/msgs_srvs/local/lib/python3.10/dist-packages/msgs_srvs/msg/_buzzer_state_s.c\n'}
[17.619759] (msgs_srvs) StdoutLine: {'line': b'-- Up-to-date symlink: /ros2_ws/src/install/msgs_srvs/local/lib/python3.10/dist-packages/msgs_srvs/msg/_led_state.py\n'}
[17.619877] (msgs_srvs) StdoutLine: {'line': b'-- Up-to-date symlink: /ros2_ws/src/install/msgs_srvs/local/lib/python3.10/dist-packages/msgs_srvs/msg/_led_state_s.c\n'}
[17.619995] (msgs_srvs) StdoutLine: {'line': b'-- Up-to-date symlink: /ros2_ws/src/install/msgs_srvs/local/lib/python3.10/dist-packages/msgs_srvs/msg/_motor_state.py\n'}
[17.620113] (msgs_srvs) StdoutLine: {'line': b'-- Up-to-date symlink: /ros2_ws/src/install/msgs_srvs/local/lib/python3.10/dist-packages/msgs_srvs/msg/_motor_state_s.c\n'}
[17.620234] (msgs_srvs) StdoutLine: {'line': b'-- Up-to-date symlink: /ros2_ws/src/install/msgs_srvs/local/lib/python3.10/dist-packages/msgs_srvs/msg/_motors_state.py\n'}
[17.620352] (msgs_srvs) StdoutLine: {'line': b'-- Up-to-date symlink: /ros2_ws/src/install/msgs_srvs/local/lib/python3.10/dist-packages/msgs_srvs/msg/_motors_state_s.c\n'}
[17.620469] (msgs_srvs) StdoutLine: {'line': b'-- Up-to-date symlink: /ros2_ws/src/install/msgs_srvs/local/lib/python3.10/dist-packages/msgs_srvs/msg/_pwm_servo_state.py\n'}
[17.620600] (msgs_srvs) StdoutLine: {'line': b'-- Up-to-date symlink: /ros2_ws/src/install/msgs_srvs/local/lib/python3.10/dist-packages/msgs_srvs/msg/_pwm_servo_state_duration.py\n'}
[17.620720] (msgs_srvs) StdoutLine: {'line': b'-- Up-to-date symlink: /ros2_ws/src/install/msgs_srvs/local/lib/python3.10/dist-packages/msgs_srvs/msg/_pwm_servo_state_duration_s.c\n'}
[17.620838] (msgs_srvs) StdoutLine: {'line': b'-- Up-to-date symlink: /ros2_ws/src/install/msgs_srvs/local/lib/python3.10/dist-packages/msgs_srvs/msg/_pwm_servo_state_s.c\n'}
[17.620957] (msgs_srvs) StdoutLine: {'line': b'-- Up-to-date symlink: /ros2_ws/src/install/msgs_srvs/local/lib/python3.10/dist-packages/msgs_srvs/msg/_sbus.py\n'}
[17.621075] (msgs_srvs) StdoutLine: {'line': b'-- Up-to-date symlink: /ros2_ws/src/install/msgs_srvs/local/lib/python3.10/dist-packages/msgs_srvs/msg/_sbus_s.c\n'}
[17.621195] (msgs_srvs) StdoutLine: {'line': b'-- Up-to-date symlink: /ros2_ws/src/install/msgs_srvs/local/lib/python3.10/dist-packages/msgs_srvs/msgs_srvs_s__rosidl_typesupport_c.cpython-310-aarch64-linux-gnu.so\n'}
[17.621497] (msgs_srvs) StdoutLine: {'line': b'-- Up-to-date symlink: /ros2_ws/src/install/msgs_srvs/local/lib/python3.10/dist-packages/msgs_srvs/msgs_srvs_s__rosidl_typesupport_fastrtps_c.cpython-310-aarch64-linux-gnu.so\n'}
[17.622437] (msgs_srvs) StdoutLine: {'line': b'-- Up-to-date symlink: /ros2_ws/src/install/msgs_srvs/local/lib/python3.10/dist-packages/msgs_srvs/msgs_srvs_s__rosidl_typesupport_introspection_c.cpython-310-aarch64-linux-gnu.so\n'}
[17.622644] (msgs_srvs) StdoutLine: {'line': b'-- Up-to-date symlink: /ros2_ws/src/install/msgs_srvs/local/lib/python3.10/dist-packages/msgs_srvs/srv/__init__.py\n'}
[17.622749] (msgs_srvs) StdoutLine: {'line': b'-- Up-to-date symlink: /ros2_ws/src/install/msgs_srvs/local/lib/python3.10/dist-packages/msgs_srvs/srv/_pwm_servo_state.py\n'}
[17.622825] (msgs_srvs) StdoutLine: {'line': b'-- Up-to-date symlink: /ros2_ws/src/install/msgs_srvs/local/lib/python3.10/dist-packages/msgs_srvs/srv/_pwm_servo_state_s.c\n'}
[17.622976] (msgs_srvs) StdoutLine: {'line': b'-- Up-to-date symlink: /ros2_ws/src/install/msgs_srvs/local/lib/python3.10/dist-packages/msgs_srvs/msgs_srvs_s__rosidl_typesupport_fastrtps_c.cpython-310-aarch64-linux-gnu.so\n'}
[17.623242] (msgs_srvs) StdoutLine: {'line': b'-- Up-to-date symlink: /ros2_ws/src/install/msgs_srvs/local/lib/python3.10/dist-packages/msgs_srvs/msgs_srvs_s__rosidl_typesupport_introspection_c.cpython-310-aarch64-linux-gnu.so\n'}
[17.623708] (msgs_srvs) StdoutLine: {'line': b'-- Up-to-date symlink: /ros2_ws/src/install/msgs_srvs/local/lib/python3.10/dist-packages/msgs_srvs/msgs_srvs_s__rosidl_typesupport_c.cpython-310-aarch64-linux-gnu.so\n'}
[17.624053] (msgs_srvs) StdoutLine: {'line': b'-- Up-to-date symlink: /ros2_ws/src/install/msgs_srvs/share/msgs_srvs/msg/ButtonState.idl\n'}
[17.624349] (msgs_srvs) StdoutLine: {'line': b'-- Up-to-date symlink: /ros2_ws/src/install/msgs_srvs/share/msgs_srvs/msg/BuzzerState.idl\n'}
[17.624551] (msgs_srvs) StdoutLine: {'line': b'-- Up-to-date symlink: /ros2_ws/src/install/msgs_srvs/share/msgs_srvs/msg/LedState.idl\n'}
[17.624754] (msgs_srvs) StdoutLine: {'line': b'-- Up-to-date symlink: /ros2_ws/src/install/msgs_srvs/share/msgs_srvs/msg/MotorsState.idl\n'}
[17.624941] (msgs_srvs) StdoutLine: {'line': b'-- Up-to-date symlink: /ros2_ws/src/install/msgs_srvs/share/msgs_srvs/msg/MotorState.idl\n'}
[17.625132] (msgs_srvs) StdoutLine: {'line': b'-- Up-to-date symlink: /ros2_ws/src/install/msgs_srvs/share/msgs_srvs/msg/PWMServoState.idl\n'}
[17.625317] (msgs_srvs) StdoutLine: {'line': b'-- Up-to-date symlink: /ros2_ws/src/install/msgs_srvs/share/msgs_srvs/msg/PWMServoStateDuration.idl\n'}
[17.625502] (msgs_srvs) StdoutLine: {'line': b'-- Up-to-date symlink: /ros2_ws/src/install/msgs_srvs/share/msgs_srvs/msg/Sbus.idl\n'}
[17.625680] (msgs_srvs) StdoutLine: {'line': b'-- Up-to-date symlink: /ros2_ws/src/install/msgs_srvs/share/msgs_srvs/srv/PWMServoState.idl\n'}
[17.625833] (msgs_srvs) StdoutLine: {'line': b'-- Up-to-date symlink: /ros2_ws/src/install/msgs_srvs/share/msgs_srvs/msg/ButtonState.msg\n'}
[17.625981] (msgs_srvs) StdoutLine: {'line': b'-- Up-to-date symlink: /ros2_ws/src/install/msgs_srvs/share/msgs_srvs/msg/BuzzerState.msg\n'}
[17.626127] (msgs_srvs) StdoutLine: {'line': b'-- Up-to-date symlink: /ros2_ws/src/install/msgs_srvs/share/msgs_srvs/msg/LedState.msg\n'}
[17.626274] (msgs_srvs) StdoutLine: {'line': b'-- Up-to-date symlink: /ros2_ws/src/install/msgs_srvs/share/msgs_srvs/msg/MotorsState.msg\n'}
[17.626420] (msgs_srvs) StdoutLine: {'line': b'-- Up-to-date symlink: /ros2_ws/src/install/msgs_srvs/share/msgs_srvs/msg/MotorState.msg\n'}
[17.626579] (msgs_srvs) StdoutLine: {'line': b'-- Up-to-date symlink: /ros2_ws/src/install/msgs_srvs/share/msgs_srvs/msg/PWMServoState.msg\n'}
[17.626732] (msgs_srvs) StdoutLine: {'line': b'-- Up-to-date symlink: /ros2_ws/src/install/msgs_srvs/share/msgs_srvs/msg/PWMServoStateDuration.msg\n'}
[17.626879] (msgs_srvs) StdoutLine: {'line': b'-- Up-to-date symlink: /ros2_ws/src/install/msgs_srvs/share/msgs_srvs/msg/Sbus.msg\n'}
[17.627026] (msgs_srvs) StdoutLine: {'line': b'-- Up-to-date symlink: /ros2_ws/src/install/msgs_srvs/share/msgs_srvs/srv/PWMServoState.srv\n'}
[17.627184] (msgs_srvs) StdoutLine: {'line': b'-- Up-to-date symlink: /ros2_ws/src/install/msgs_srvs/share/msgs_srvs/srv/PWMServoState_Request.msg\n'}
[17.627341] (msgs_srvs) StdoutLine: {'line': b'-- Up-to-date symlink: /ros2_ws/src/install/msgs_srvs/share/msgs_srvs/srv/PWMServoState_Response.msg\n'}
[17.627531] (msgs_srvs) StdoutLine: {'line': b'-- Up-to-date symlink: /ros2_ws/src/install/msgs_srvs/share/ament_index/resource_index/package_run_dependencies/msgs_srvs\n'}
[17.627714] (msgs_srvs) StdoutLine: {'line': b'-- Up-to-date symlink: /ros2_ws/src/install/msgs_srvs/share/ament_index/resource_index/parent_prefix_path/msgs_srvs\n'}
[17.627899] (msgs_srvs) StdoutLine: {'line': b'-- Up-to-date symlink: /ros2_ws/src/install/msgs_srvs/share/msgs_srvs/environment/ament_prefix_path.sh\n'}
[17.628059] (msgs_srvs) StdoutLine: {'line': b'-- Up-to-date symlink: /ros2_ws/src/install/msgs_srvs/share/msgs_srvs/environment/ament_prefix_path.dsv\n'}
[17.628230] (msgs_srvs) StdoutLine: {'line': b'-- Up-to-date symlink: /ros2_ws/src/install/msgs_srvs/share/msgs_srvs/environment/path.sh\n'}
[17.628385] (msgs_srvs) StdoutLine: {'line': b'-- Up-to-date symlink: /ros2_ws/src/install/msgs_srvs/share/msgs_srvs/environment/path.dsv\n'}
[17.628548] (msgs_srvs) StdoutLine: {'line': b'-- Up-to-date symlink: /ros2_ws/src/install/msgs_srvs/share/msgs_srvs/local_setup.bash\n'}
[17.628708] (msgs_srvs) StdoutLine: {'line': b'-- Up-to-date symlink: /ros2_ws/src/install/msgs_srvs/share/msgs_srvs/local_setup.sh\n'}
[17.628877] (msgs_srvs) StdoutLine: {'line': b'-- Up-to-date symlink: /ros2_ws/src/install/msgs_srvs/share/msgs_srvs/local_setup.zsh\n'}
[17.629025] (msgs_srvs) StdoutLine: {'line': b'-- Up-to-date symlink: /ros2_ws/src/install/msgs_srvs/share/msgs_srvs/local_setup.dsv\n'}
[17.629128] (msgs_srvs) StdoutLine: {'line': b'-- Symlinking: /ros2_ws/src/install/msgs_srvs/share/msgs_srvs/package.dsv\n'}
[17.631203] (-) TimerEvent: {}
[17.644361] (msgs_srvs) StdoutLine: {'line': b'-- Up-to-date symlink: /ros2_ws/src/install/msgs_srvs/share/ament_index/resource_index/packages/msgs_srvs\n'}
[17.644652] (msgs_srvs) StdoutLine: {'line': b'-- Up-to-date symlink: /ros2_ws/src/install/msgs_srvs/share/msgs_srvs/cmake/rosidl_cmake-extras.cmake\n'}
[17.644760] (msgs_srvs) StdoutLine: {'line': b'-- Up-to-date symlink: /ros2_ws/src/install/msgs_srvs/share/msgs_srvs/cmake/ament_cmake_export_dependencies-extras.cmake\n'}
[17.644884] (msgs_srvs) StdoutLine: {'line': b'-- Up-to-date symlink: /ros2_ws/src/install/msgs_srvs/share/msgs_srvs/cmake/ament_cmake_export_include_directories-extras.cmake\n'}
[17.645014] (msgs_srvs) StdoutLine: {'line': b'-- Up-to-date symlink: /ros2_ws/src/install/msgs_srvs/share/msgs_srvs/cmake/ament_cmake_export_libraries-extras.cmake\n'}
[17.645179] (msgs_srvs) StdoutLine: {'line': b'-- Up-to-date symlink: /ros2_ws/src/install/msgs_srvs/share/msgs_srvs/cmake/ament_cmake_export_targets-extras.cmake\n'}
[17.645349] (msgs_srvs) StdoutLine: {'line': b'-- Up-to-date symlink: /ros2_ws/src/install/msgs_srvs/share/msgs_srvs/cmake/rosidl_cmake_export_typesupport_targets-extras.cmake\n'}
[17.645525] (msgs_srvs) StdoutLine: {'line': b'-- Up-to-date symlink: /ros2_ws/src/install/msgs_srvs/share/msgs_srvs/cmake/rosidl_cmake_export_typesupport_libraries-extras.cmake\n'}
[17.645705] (msgs_srvs) StdoutLine: {'line': b'-- Up-to-date symlink: /ros2_ws/src/install/msgs_srvs/share/msgs_srvs/cmake/msgs_srvsConfig.cmake\n'}
[17.645823] (msgs_srvs) StdoutLine: {'line': b'-- Up-to-date symlink: /ros2_ws/src/install/msgs_srvs/share/msgs_srvs/cmake/msgs_srvsConfig-version.cmake\n'}
[17.645981] (msgs_srvs) StdoutLine: {'line': b'-- Up-to-date symlink: /ros2_ws/src/install/msgs_srvs/share/msgs_srvs/package.xml\n'}
[17.646324] (msgs_srvs) StdoutLine: {'line': b'-- Installing: /ros2_ws/src/install/msgs_srvs/lib/libmsgs_srvs__rosidl_generator_c.so\n'}
[17.646956] (msgs_srvs) StdoutLine: {'line': b'-- Set runtime path of "/ros2_ws/src/install/msgs_srvs/lib/libmsgs_srvs__rosidl_generator_c.so" to ""\n'}
[17.647185] (msgs_srvs) StdoutLine: {'line': b'-- Installing: /ros2_ws/src/install/msgs_srvs/lib/libmsgs_srvs__rosidl_typesupport_fastrtps_c.so\n'}
[17.647768] (msgs_srvs) StdoutLine: {'line': b'-- Set runtime path of "/ros2_ws/src/install/msgs_srvs/lib/libmsgs_srvs__rosidl_typesupport_fastrtps_c.so" to ""\n'}
[17.647996] (msgs_srvs) StdoutLine: {'line': b'-- Installing: /ros2_ws/src/install/msgs_srvs/lib/libmsgs_srvs__rosidl_typesupport_fastrtps_cpp.so\n'}
[17.648770] (msgs_srvs) StdoutLine: {'line': b'-- Set runtime path of "/ros2_ws/src/install/msgs_srvs/lib/libmsgs_srvs__rosidl_typesupport_fastrtps_cpp.so" to ""\n'}
[17.649006] (msgs_srvs) StdoutLine: {'line': b'-- Installing: /ros2_ws/src/install/msgs_srvs/lib/libmsgs_srvs__rosidl_typesupport_introspection_c.so\n'}
[17.649517] (msgs_srvs) StdoutLine: {'line': b'-- Set runtime path of "/ros2_ws/src/install/msgs_srvs/lib/libmsgs_srvs__rosidl_typesupport_introspection_c.so" to ""\n'}
[17.649722] (msgs_srvs) StdoutLine: {'line': b'-- Installing: /ros2_ws/src/install/msgs_srvs/lib/libmsgs_srvs__rosidl_typesupport_c.so\n'}
[17.650170] (msgs_srvs) StdoutLine: {'line': b'-- Set runtime path of "/ros2_ws/src/install/msgs_srvs/lib/libmsgs_srvs__rosidl_typesupport_c.so" to ""\n'}
[17.650393] (msgs_srvs) StdoutLine: {'line': b'-- Installing: /ros2_ws/src/install/msgs_srvs/lib/libmsgs_srvs__rosidl_typesupport_introspection_cpp.so\n'}
[17.651139] (msgs_srvs) StdoutLine: {'line': b'-- Set runtime path of "/ros2_ws/src/install/msgs_srvs/lib/libmsgs_srvs__rosidl_typesupport_introspection_cpp.so" to ""\n'}
[17.651337] (msgs_srvs) StdoutLine: {'line': b'-- Installing: /ros2_ws/src/install/msgs_srvs/lib/libmsgs_srvs__rosidl_typesupport_cpp.so\n'}
[17.651915] (msgs_srvs) StdoutLine: {'line': b'-- Set runtime path of "/ros2_ws/src/install/msgs_srvs/lib/libmsgs_srvs__rosidl_typesupport_cpp.so" to ""\n'}
[17.711762] (msgs_srvs) StdoutLine: {'line': b"Listing '/ros2_ws/src/install/msgs_srvs/local/lib/python3.10/dist-packages/msgs_srvs'...\n"}
[17.712088] (msgs_srvs) StdoutLine: {'line': b"Compiling '/ros2_ws/src/install/msgs_srvs/local/lib/python3.10/dist-packages/msgs_srvs/__init__.py'...\n"}
[17.712215] (msgs_srvs) StdoutLine: {'line': b"Listing '/ros2_ws/src/install/msgs_srvs/local/lib/python3.10/dist-packages/msgs_srvs/msg'...\n"}
[17.712296] (msgs_srvs) StdoutLine: {'line': b"Listing '/ros2_ws/src/install/msgs_srvs/local/lib/python3.10/dist-packages/msgs_srvs/srv'...\n"}
[17.722564] (msgs_srvs) StdoutLine: {'line': b'-- Installing: /ros2_ws/src/install/msgs_srvs/lib/libmsgs_srvs__rosidl_generator_py.so\n'}
[17.723150] (msgs_srvs) StdoutLine: {'line': b'-- Set runtime path of "/ros2_ws/src/install/msgs_srvs/lib/libmsgs_srvs__rosidl_generator_py.so" to ""\n'}
[17.723285] (msgs_srvs) StdoutLine: {'line': b'-- Up-to-date: /ros2_ws/src/install/msgs_srvs/share/msgs_srvs/cmake/export_msgs_srvs__rosidl_generator_cExport.cmake\n'}
[17.723383] (msgs_srvs) StdoutLine: {'line': b'-- Up-to-date: /ros2_ws/src/install/msgs_srvs/share/msgs_srvs/cmake/export_msgs_srvs__rosidl_generator_cExport-noconfig.cmake\n'}
[17.723475] (msgs_srvs) StdoutLine: {'line': b'-- Up-to-date: /ros2_ws/src/install/msgs_srvs/share/msgs_srvs/cmake/export_msgs_srvs__rosidl_typesupport_fastrtps_cExport.cmake\n'}
[17.723583] (msgs_srvs) StdoutLine: {'line': b'-- Up-to-date: /ros2_ws/src/install/msgs_srvs/share/msgs_srvs/cmake/export_msgs_srvs__rosidl_typesupport_fastrtps_cExport-noconfig.cmake\n'}
[17.723680] (msgs_srvs) StdoutLine: {'line': b'-- Up-to-date: /ros2_ws/src/install/msgs_srvs/share/msgs_srvs/cmake/export_msgs_srvs__rosidl_generator_cppExport.cmake\n'}
[17.723767] (msgs_srvs) StdoutLine: {'line': b'-- Up-to-date: /ros2_ws/src/install/msgs_srvs/share/msgs_srvs/cmake/export_msgs_srvs__rosidl_typesupport_fastrtps_cppExport.cmake\n'}
[17.723860] (msgs_srvs) StdoutLine: {'line': b'-- Up-to-date: /ros2_ws/src/install/msgs_srvs/share/msgs_srvs/cmake/export_msgs_srvs__rosidl_typesupport_fastrtps_cppExport-noconfig.cmake\n'}
[17.723963] (msgs_srvs) StdoutLine: {'line': b'-- Up-to-date: /ros2_ws/src/install/msgs_srvs/share/msgs_srvs/cmake/msgs_srvs__rosidl_typesupport_introspection_cExport.cmake\n'}
[17.724026] (msgs_srvs) StdoutLine: {'line': b'-- Up-to-date: /ros2_ws/src/install/msgs_srvs/share/msgs_srvs/cmake/msgs_srvs__rosidl_typesupport_introspection_cExport-noconfig.cmake\n'}
[17.724122] (msgs_srvs) StdoutLine: {'line': b'-- Up-to-date: /ros2_ws/src/install/msgs_srvs/share/msgs_srvs/cmake/msgs_srvs__rosidl_typesupport_cExport.cmake\n'}
[17.724184] (msgs_srvs) StdoutLine: {'line': b'-- Up-to-date: /ros2_ws/src/install/msgs_srvs/share/msgs_srvs/cmake/msgs_srvs__rosidl_typesupport_cExport-noconfig.cmake\n'}
[17.724281] (msgs_srvs) StdoutLine: {'line': b'-- Up-to-date: /ros2_ws/src/install/msgs_srvs/share/msgs_srvs/cmake/msgs_srvs__rosidl_typesupport_introspection_cppExport.cmake\n'}
[17.724343] (msgs_srvs) StdoutLine: {'line': b'-- Up-to-date: /ros2_ws/src/install/msgs_srvs/share/msgs_srvs/cmake/msgs_srvs__rosidl_typesupport_introspection_cppExport-noconfig.cmake\n'}
[17.724441] (msgs_srvs) StdoutLine: {'line': b'-- Up-to-date: /ros2_ws/src/install/msgs_srvs/share/msgs_srvs/cmake/msgs_srvs__rosidl_typesupport_cppExport.cmake\n'}
[17.724532] (msgs_srvs) StdoutLine: {'line': b'-- Up-to-date: /ros2_ws/src/install/msgs_srvs/share/msgs_srvs/cmake/msgs_srvs__rosidl_typesupport_cppExport-noconfig.cmake\n'}
[17.724616] (msgs_srvs) StdoutLine: {'line': b'-- Up-to-date: /ros2_ws/src/install/msgs_srvs/share/msgs_srvs/cmake/export_msgs_srvs__rosidl_generator_pyExport.cmake\n'}
[17.724673] (msgs_srvs) StdoutLine: {'line': b'-- Up-to-date: /ros2_ws/src/install/msgs_srvs/share/msgs_srvs/cmake/export_msgs_srvs__rosidl_generator_pyExport-noconfig.cmake\n'}
[17.727668] (msgs_srvs) CommandEnded: {'returncode': 0}
[17.731353] (-) TimerEvent: {}
[17.779446] (msgs_srvs) JobEnded: {'identifier': 'msgs_srvs', 'rc': 0}
[17.780468] (-) EventReactorShutdown: {}
