[0.000000] (-) TimerEvent: {}
[0.000392] (driver) JobQueued: {'identifier': 'driver', 'dependencies': OrderedDict()}
[0.000722] (msgs_srvs) JobQueued: {'identifier': 'msgs_srvs', 'dependencies': OrderedDict()}
[0.000747] (oradar_lidar) JobQueued: {'identifier': 'oradar_lidar', 'dependencies': OrderedDict()}
[0.000768] (driver) JobStarted: {'identifier': 'driver'}
[0.016737] (msgs_srvs) JobStarted: {'identifier': 'msgs_srvs'}
[0.022765] (oradar_lidar) JobStarted: {'identifier': 'oradar_lidar'}
[0.099647] (-) TimerEvent: {}
[0.200031] (-) TimerEvent: {}
[0.300515] (-) TimerEvent: {}
[0.400847] (-) TimerEvent: {}
[0.501278] (-) TimerEvent: {}
[0.516331] (msgs_srvs) JobProgress: {'identifier': 'msgs_srvs', 'progress': 'cmake'}
[0.517437] (msgs_srvs) JobProgress: {'identifier': 'msgs_srvs', 'progress': 'build'}
[0.518405] (msgs_srvs) Command: {'cmd': ['/usr/bin/cmake', '--build', '/ros2_ws/build/msgs_srvs', '--', '-j4', '-l4'], 'cwd': '/ros2_ws/build/msgs_srvs', 'env': OrderedDict([('VNCDESKTOP', 'TurboVNC: tarzan-desktop:1 ()'), ('LESSOPEN', '| /usr/bin/lesspipe %s'), ('HOSTNAME', 'tarzan-desktop'), ('SSH_AGENT_PID', '183'), ('SHLVL', '2'), ('LD_LIBRARY_PATH', '/ros2_ws/install/msgs_srvs/lib:/opt/ros/humble/opt/rviz_ogre_vendor/lib:/opt/ros/humble/lib/aarch64-linux-gnu:/opt/ros/humble/lib'), ('HOME', '/root'), ('DESKTOP_SESSION', 'xfce'), ('PANEL_GDK_CORE_DEVICE_EVENTS', '0'), ('ROS_PYTHON_VERSION', '3'), ('DBUS_SESSION_BUS_ADDRESS', 'unix:abstract=/tmp/dbus-wO67F6SAYB,guid=fd8027fa05f1ceab7ac91ac467ba2ea2'), ('COLORTERM', 'truecolor'), ('COLCON_PREFIX_PATH', '/ros2_ws/install'), ('ROS_DISTRO', 'humble'), ('VGL_PROBEGLX', '0'), ('WINDOWID', '41976293'), ('FONT_ENCODINGS_DIRECTORY', '/usr/share/fonts/X11/encodings'), ('_', '/usr/bin/colcon'), ('ROS_VERSION', '2'), ('TERM', 'xterm-256color'), ('ROS_LOCALHOST_ONLY', '0'), ('PATH', '/ros2_ws/install/oradar_lidar/bin:/opt/ros/humble/bin:/usr/local/sbin:/usr/local/bin:/usr/sbin:/usr/bin:/sbin:/bin'), ('SESSION_MANAGER', 'local/tarzan-desktop:@/tmp/.ICE-unix/133,unix/tarzan-desktop:/tmp/.ICE-unix/133'), ('XDG_MENU_PREFIX', 'xfce-'), ('VGL_COMPRESS', '0'), ('DISPLAY', ':1.0'), ('LANG', 'en_US.UTF-8'), ('XDG_CURRENT_DESKTOP', 'XFCE'), ('LS_COLORS', 'rs=0:di=01;34:ln=01;36:mh=00:pi=40;33:so=01;35:do=01;35:bd=40;33;01:cd=40;33;01:or=40;31;01:mi=00:su=37;41:sg=30;43:ca=30;41:tw=30;42:ow=34;42:st=37;44:ex=01;32:*.tar=01;31:*.tgz=01;31:*.arc=01;31:*.arj=01;31:*.taz=01;31:*.lha=01;31:*.lz4=01;31:*.lzh=01;31:*.lzma=01;31:*.tlz=01;31:*.txz=01;31:*.tzo=01;31:*.t7z=01;31:*.zip=01;31:*.z=01;31:*.dz=01;31:*.gz=01;31:*.lrz=01;31:*.lz=01;31:*.lzo=01;31:*.xz=01;31:*.zst=01;31:*.tzst=01;31:*.bz2=01;31:*.bz=01;31:*.tbz=01;31:*.tbz2=01;31:*.tz=01;31:*.deb=01;31:*.rpm=01;31:*.jar=01;31:*.war=01;31:*.ear=01;31:*.sar=01;31:*.rar=01;31:*.alz=01;31:*.ace=01;31:*.zoo=01;31:*.cpio=01;31:*.7z=01;31:*.rz=01;31:*.cab=01;31:*.wim=01;31:*.swm=01;31:*.dwm=01;31:*.esd=01;31:*.jpg=01;35:*.jpeg=01;35:*.mjpg=01;35:*.mjpeg=01;35:*.gif=01;35:*.bmp=01;35:*.pbm=01;35:*.pgm=01;35:*.ppm=01;35:*.tga=01;35:*.xbm=01;35:*.xpm=01;35:*.tif=01;35:*.tiff=01;35:*.png=01;35:*.svg=01;35:*.svgz=01;35:*.mng=01;35:*.pcx=01;35:*.mov=01;35:*.mpg=01;35:*.mpeg=01;35:*.m2v=01;35:*.mkv=01;35:*.webm=01;35:*.webp=01;35:*.ogm=01;35:*.mp4=01;35:*.m4v=01;35:*.mp4v=01;35:*.vob=01;35:*.qt=01;35:*.nuv=01;35:*.wmv=01;35:*.asf=01;35:*.rm=01;35:*.rmvb=01;35:*.flc=01;35:*.avi=01;35:*.fli=01;35:*.flv=01;35:*.gl=01;35:*.dl=01;35:*.xcf=01;35:*.xwd=01;35:*.yuv=01;35:*.cgm=01;35:*.emf=01;35:*.ogv=01;35:*.ogx=01;35:*.aac=00;36:*.au=00;36:*.flac=00;36:*.m4a=00;36:*.mid=00;36:*.midi=00;36:*.mka=00;36:*.mp3=00;36:*.mpc=00;36:*.ogg=00;36:*.ra=00;36:*.wav=00;36:*.oga=00;36:*.opus=00;36:*.spx=00;36:*.xspf=00;36:'), ('SSH_AUTH_SOCK', '/ssh-agent'), ('AMENT_PREFIX_PATH', '/ros2_ws/install/oradar_lidar:/ros2_ws/install/msgs_srvs:/ros2_ws/install/driver:/opt/ros/humble'), ('DEBIAN_FRONTEND', 'noninteractive'), ('LESSCLOSE', '/usr/bin/lesspipe %s %s'), ('PWD', '/ros2_ws/build/msgs_srvs'), ('XDG_CONFIG_DIRS', '/etc/xdg'), ('XDG_DATA_DIRS', '/usr/local/share:/usr/share'), ('PYTHONPATH', '/ros2_ws/install/msgs_srvs/local/lib/python3.10/dist-packages:/ros2_ws/build/driver:/ros2_ws/install/driver/lib/python3.10/site-packages:/opt/ros/humble/lib/python3.10/site-packages:/opt/ros/humble/local/lib/python3.10/dist-packages'), ('COLCON', '1'), ('VTE_VERSION', '6800'), ('CMAKE_PREFIX_PATH', '/ros2_ws/install/oradar_lidar:/ros2_ws/install/msgs_srvs:/ros2_ws/install/driver:/opt/ros/humble')]), 'shell': False}
[0.523588] (oradar_lidar) JobProgress: {'identifier': 'oradar_lidar', 'progress': 'cmake'}
[0.524793] (oradar_lidar) JobProgress: {'identifier': 'oradar_lidar', 'progress': 'build'}
[0.525229] (oradar_lidar) Command: {'cmd': ['/usr/bin/cmake', '--build', '/ros2_ws/build/oradar_lidar', '--', '-j4', '-l4'], 'cwd': '/ros2_ws/build/oradar_lidar', 'env': OrderedDict([('VNCDESKTOP', 'TurboVNC: tarzan-desktop:1 ()'), ('LESSOPEN', '| /usr/bin/lesspipe %s'), ('HOSTNAME', 'tarzan-desktop'), ('SSH_AGENT_PID', '183'), ('SHLVL', '2'), ('LD_LIBRARY_PATH', '/ros2_ws/install/msgs_srvs/lib:/opt/ros/humble/opt/rviz_ogre_vendor/lib:/opt/ros/humble/lib/aarch64-linux-gnu:/opt/ros/humble/lib'), ('HOME', '/root'), ('DESKTOP_SESSION', 'xfce'), ('PANEL_GDK_CORE_DEVICE_EVENTS', '0'), ('ROS_PYTHON_VERSION', '3'), ('DBUS_SESSION_BUS_ADDRESS', 'unix:abstract=/tmp/dbus-wO67F6SAYB,guid=fd8027fa05f1ceab7ac91ac467ba2ea2'), ('COLORTERM', 'truecolor'), ('COLCON_PREFIX_PATH', '/ros2_ws/install'), ('ROS_DISTRO', 'humble'), ('VGL_PROBEGLX', '0'), ('WINDOWID', '41976293'), ('FONT_ENCODINGS_DIRECTORY', '/usr/share/fonts/X11/encodings'), ('_', '/usr/bin/colcon'), ('ROS_VERSION', '2'), ('TERM', 'xterm-256color'), ('ROS_LOCALHOST_ONLY', '0'), ('PATH', '/ros2_ws/install/oradar_lidar/bin:/opt/ros/humble/bin:/usr/local/sbin:/usr/local/bin:/usr/sbin:/usr/bin:/sbin:/bin'), ('SESSION_MANAGER', 'local/tarzan-desktop:@/tmp/.ICE-unix/133,unix/tarzan-desktop:/tmp/.ICE-unix/133'), ('XDG_MENU_PREFIX', 'xfce-'), ('VGL_COMPRESS', '0'), ('DISPLAY', ':1.0'), ('LANG', 'en_US.UTF-8'), ('XDG_CURRENT_DESKTOP', 'XFCE'), ('LS_COLORS', 'rs=0:di=01;34:ln=01;36:mh=00:pi=40;33:so=01;35:do=01;35:bd=40;33;01:cd=40;33;01:or=40;31;01:mi=00:su=37;41:sg=30;43:ca=30;41:tw=30;42:ow=34;42:st=37;44:ex=01;32:*.tar=01;31:*.tgz=01;31:*.arc=01;31:*.arj=01;31:*.taz=01;31:*.lha=01;31:*.lz4=01;31:*.lzh=01;31:*.lzma=01;31:*.tlz=01;31:*.txz=01;31:*.tzo=01;31:*.t7z=01;31:*.zip=01;31:*.z=01;31:*.dz=01;31:*.gz=01;31:*.lrz=01;31:*.lz=01;31:*.lzo=01;31:*.xz=01;31:*.zst=01;31:*.tzst=01;31:*.bz2=01;31:*.bz=01;31:*.tbz=01;31:*.tbz2=01;31:*.tz=01;31:*.deb=01;31:*.rpm=01;31:*.jar=01;31:*.war=01;31:*.ear=01;31:*.sar=01;31:*.rar=01;31:*.alz=01;31:*.ace=01;31:*.zoo=01;31:*.cpio=01;31:*.7z=01;31:*.rz=01;31:*.cab=01;31:*.wim=01;31:*.swm=01;31:*.dwm=01;31:*.esd=01;31:*.jpg=01;35:*.jpeg=01;35:*.mjpg=01;35:*.mjpeg=01;35:*.gif=01;35:*.bmp=01;35:*.pbm=01;35:*.pgm=01;35:*.ppm=01;35:*.tga=01;35:*.xbm=01;35:*.xpm=01;35:*.tif=01;35:*.tiff=01;35:*.png=01;35:*.svg=01;35:*.svgz=01;35:*.mng=01;35:*.pcx=01;35:*.mov=01;35:*.mpg=01;35:*.mpeg=01;35:*.m2v=01;35:*.mkv=01;35:*.webm=01;35:*.webp=01;35:*.ogm=01;35:*.mp4=01;35:*.m4v=01;35:*.mp4v=01;35:*.vob=01;35:*.qt=01;35:*.nuv=01;35:*.wmv=01;35:*.asf=01;35:*.rm=01;35:*.rmvb=01;35:*.flc=01;35:*.avi=01;35:*.fli=01;35:*.flv=01;35:*.gl=01;35:*.dl=01;35:*.xcf=01;35:*.xwd=01;35:*.yuv=01;35:*.cgm=01;35:*.emf=01;35:*.ogv=01;35:*.ogx=01;35:*.aac=00;36:*.au=00;36:*.flac=00;36:*.m4a=00;36:*.mid=00;36:*.midi=00;36:*.mka=00;36:*.mp3=00;36:*.mpc=00;36:*.ogg=00;36:*.ra=00;36:*.wav=00;36:*.oga=00;36:*.opus=00;36:*.spx=00;36:*.xspf=00;36:'), ('SSH_AUTH_SOCK', '/ssh-agent'), ('AMENT_PREFIX_PATH', '/ros2_ws/install/oradar_lidar:/ros2_ws/install/msgs_srvs:/ros2_ws/install/driver:/opt/ros/humble'), ('DEBIAN_FRONTEND', 'noninteractive'), ('LESSCLOSE', '/usr/bin/lesspipe %s %s'), ('PWD', '/ros2_ws/build/oradar_lidar'), ('XDG_CONFIG_DIRS', '/etc/xdg'), ('XDG_DATA_DIRS', '/usr/local/share:/usr/share'), ('PYTHONPATH', '/ros2_ws/install/msgs_srvs/local/lib/python3.10/dist-packages:/ros2_ws/build/driver:/ros2_ws/install/driver/lib/python3.10/site-packages:/opt/ros/humble/lib/python3.10/site-packages:/opt/ros/humble/local/lib/python3.10/dist-packages'), ('COLCON', '1'), ('VTE_VERSION', '6800'), ('CMAKE_PREFIX_PATH', '/ros2_ws/install/oradar_lidar:/ros2_ws/install/msgs_srvs:/ros2_ws/install/driver:/opt/ros/humble')]), 'shell': False}
[0.600433] (msgs_srvs) StdoutLine: {'line': b'-- Found ament_cmake: 1.3.11 (/opt/ros/humble/share/ament_cmake/cmake)\n'}
[0.601339] (-) TimerEvent: {}
[0.689292] (oradar_lidar) StdoutLine: {'line': b'[ 60%] Built target oradar_sdk\n'}
[0.703881] (-) TimerEvent: {}
[0.792517] (oradar_lidar) StdoutLine: {'line': b'[ 70%] Built target blocking_c_api_test\n'}
[0.806503] (-) TimerEvent: {}
[0.808374] (oradar_lidar) StdoutLine: {'line': b'[ 80%] Built target blocking_test\n'}
[0.819407] (oradar_lidar) StdoutLine: {'line': b'[ 90%] Built target non-blocking_test\n'}
[0.830895] (oradar_lidar) StdoutLine: {'line': b'[100%] Built target oradar_scan\n'}
[0.878895] (oradar_lidar) CommandEnded: {'returncode': 0}
[0.882642] (oradar_lidar) JobProgress: {'identifier': 'oradar_lidar', 'progress': 'install'}
[0.904789] (oradar_lidar) Command: {'cmd': ['/usr/bin/cmake', '--install', '/ros2_ws/build/oradar_lidar'], 'cwd': '/ros2_ws/build/oradar_lidar', 'env': OrderedDict([('VNCDESKTOP', 'TurboVNC: tarzan-desktop:1 ()'), ('LESSOPEN', '| /usr/bin/lesspipe %s'), ('HOSTNAME', 'tarzan-desktop'), ('SSH_AGENT_PID', '183'), ('SHLVL', '2'), ('LD_LIBRARY_PATH', '/ros2_ws/install/msgs_srvs/lib:/opt/ros/humble/opt/rviz_ogre_vendor/lib:/opt/ros/humble/lib/aarch64-linux-gnu:/opt/ros/humble/lib'), ('HOME', '/root'), ('DESKTOP_SESSION', 'xfce'), ('PANEL_GDK_CORE_DEVICE_EVENTS', '0'), ('ROS_PYTHON_VERSION', '3'), ('DBUS_SESSION_BUS_ADDRESS', 'unix:abstract=/tmp/dbus-wO67F6SAYB,guid=fd8027fa05f1ceab7ac91ac467ba2ea2'), ('COLORTERM', 'truecolor'), ('COLCON_PREFIX_PATH', '/ros2_ws/install'), ('ROS_DISTRO', 'humble'), ('VGL_PROBEGLX', '0'), ('WINDOWID', '41976293'), ('FONT_ENCODINGS_DIRECTORY', '/usr/share/fonts/X11/encodings'), ('_', '/usr/bin/colcon'), ('ROS_VERSION', '2'), ('TERM', 'xterm-256color'), ('ROS_LOCALHOST_ONLY', '0'), ('PATH', '/ros2_ws/install/oradar_lidar/bin:/opt/ros/humble/bin:/usr/local/sbin:/usr/local/bin:/usr/sbin:/usr/bin:/sbin:/bin'), ('SESSION_MANAGER', 'local/tarzan-desktop:@/tmp/.ICE-unix/133,unix/tarzan-desktop:/tmp/.ICE-unix/133'), ('XDG_MENU_PREFIX', 'xfce-'), ('VGL_COMPRESS', '0'), ('DISPLAY', ':1.0'), ('LANG', 'en_US.UTF-8'), ('XDG_CURRENT_DESKTOP', 'XFCE'), ('LS_COLORS', 'rs=0:di=01;34:ln=01;36:mh=00:pi=40;33:so=01;35:do=01;35:bd=40;33;01:cd=40;33;01:or=40;31;01:mi=00:su=37;41:sg=30;43:ca=30;41:tw=30;42:ow=34;42:st=37;44:ex=01;32:*.tar=01;31:*.tgz=01;31:*.arc=01;31:*.arj=01;31:*.taz=01;31:*.lha=01;31:*.lz4=01;31:*.lzh=01;31:*.lzma=01;31:*.tlz=01;31:*.txz=01;31:*.tzo=01;31:*.t7z=01;31:*.zip=01;31:*.z=01;31:*.dz=01;31:*.gz=01;31:*.lrz=01;31:*.lz=01;31:*.lzo=01;31:*.xz=01;31:*.zst=01;31:*.tzst=01;31:*.bz2=01;31:*.bz=01;31:*.tbz=01;31:*.tbz2=01;31:*.tz=01;31:*.deb=01;31:*.rpm=01;31:*.jar=01;31:*.war=01;31:*.ear=01;31:*.sar=01;31:*.rar=01;31:*.alz=01;31:*.ace=01;31:*.zoo=01;31:*.cpio=01;31:*.7z=01;31:*.rz=01;31:*.cab=01;31:*.wim=01;31:*.swm=01;31:*.dwm=01;31:*.esd=01;31:*.jpg=01;35:*.jpeg=01;35:*.mjpg=01;35:*.mjpeg=01;35:*.gif=01;35:*.bmp=01;35:*.pbm=01;35:*.pgm=01;35:*.ppm=01;35:*.tga=01;35:*.xbm=01;35:*.xpm=01;35:*.tif=01;35:*.tiff=01;35:*.png=01;35:*.svg=01;35:*.svgz=01;35:*.mng=01;35:*.pcx=01;35:*.mov=01;35:*.mpg=01;35:*.mpeg=01;35:*.m2v=01;35:*.mkv=01;35:*.webm=01;35:*.webp=01;35:*.ogm=01;35:*.mp4=01;35:*.m4v=01;35:*.mp4v=01;35:*.vob=01;35:*.qt=01;35:*.nuv=01;35:*.wmv=01;35:*.asf=01;35:*.rm=01;35:*.rmvb=01;35:*.flc=01;35:*.avi=01;35:*.fli=01;35:*.flv=01;35:*.gl=01;35:*.dl=01;35:*.xcf=01;35:*.xwd=01;35:*.yuv=01;35:*.cgm=01;35:*.emf=01;35:*.ogv=01;35:*.ogx=01;35:*.aac=00;36:*.au=00;36:*.flac=00;36:*.m4a=00;36:*.mid=00;36:*.midi=00;36:*.mka=00;36:*.mp3=00;36:*.mpc=00;36:*.ogg=00;36:*.ra=00;36:*.wav=00;36:*.oga=00;36:*.opus=00;36:*.spx=00;36:*.xspf=00;36:'), ('SSH_AUTH_SOCK', '/ssh-agent'), ('AMENT_PREFIX_PATH', '/ros2_ws/install/oradar_lidar:/ros2_ws/install/msgs_srvs:/ros2_ws/install/driver:/opt/ros/humble'), ('DEBIAN_FRONTEND', 'noninteractive'), ('LESSCLOSE', '/usr/bin/lesspipe %s %s'), ('PWD', '/ros2_ws/build/oradar_lidar'), ('XDG_CONFIG_DIRS', '/etc/xdg'), ('XDG_DATA_DIRS', '/usr/local/share:/usr/share'), ('PYTHONPATH', '/ros2_ws/install/msgs_srvs/local/lib/python3.10/dist-packages:/ros2_ws/build/driver:/ros2_ws/install/driver/lib/python3.10/site-packages:/opt/ros/humble/lib/python3.10/site-packages:/opt/ros/humble/local/lib/python3.10/dist-packages'), ('COLCON', '1'), ('VTE_VERSION', '6800'), ('CMAKE_PREFIX_PATH', '/ros2_ws/install/oradar_lidar:/ros2_ws/install/msgs_srvs:/ros2_ws/install/driver:/opt/ros/humble')]), 'shell': False}
[0.909211] (-) TimerEvent: {}
[0.917758] (oradar_lidar) StdoutLine: {'line': b'-- Install configuration: "RELEASE"\n'}
[0.919374] (oradar_lidar) StdoutLine: {'line': b'-- Execute custom install script\n'}
[0.921133] (oradar_lidar) StdoutLine: {'line': b'-- Up-to-date symlink: /ros2_ws/install/oradar_lidar/bin/blocking_test\n'}
[0.921390] (oradar_lidar) StdoutLine: {'line': b'-- Up-to-date symlink: /ros2_ws/install/oradar_lidar/bin/non-blocking_test\n'}
[0.921475] (oradar_lidar) StdoutLine: {'line': b'-- Up-to-date symlink: /ros2_ws/install/oradar_lidar/bin/blocking_c_api_test\n'}
[0.921542] (oradar_lidar) StdoutLine: {'line': b'-- Up-to-date symlink: /ros2_ws/install/oradar_lidar/include/core/base/datatype.h\n'}
[0.921607] (oradar_lidar) StdoutLine: {'line': b'-- Up-to-date symlink: /ros2_ws/install/oradar_lidar/include/core/base/locker.h\n'}
[0.922354] (oradar_lidar) StdoutLine: {'line': b'-- Up-to-date symlink: /ros2_ws/install/oradar_lidar/include/core/base/thread.h\n'}
[0.922523] (oradar_lidar) StdoutLine: {'line': b'-- Up-to-date symlink: /ros2_ws/install/oradar_lidar/include/core/base/timer.h\n'}
[0.922594] (oradar_lidar) StdoutLine: {'line': b'-- Up-to-date symlink: /ros2_ws/install/oradar_lidar/include/core/base/typedef.h\n'}
[0.923050] (oradar_lidar) StdoutLine: {'line': b'-- Up-to-date symlink: /ros2_ws/install/oradar_lidar/include/core/base/utils.h\n'}
[0.923361] (oradar_lidar) StdoutLine: {'line': b'-- Up-to-date symlink: /ros2_ws/install/oradar_lidar/include/core/base/v8stdint.h\n'}
[0.924047] (oradar_lidar) StdoutLine: {'line': b'-- Up-to-date symlink: /ros2_ws/install/oradar_lidar/include/core/common/ChannelDevice.h\n'}
[0.924201] (oradar_lidar) StdoutLine: {'line': b'-- Up-to-date symlink: /ros2_ws/install/oradar_lidar/include/core/math/angles.h\n'}
[0.924351] (oradar_lidar) StdoutLine: {'line': b'-- Up-to-date symlink: /ros2_ws/install/oradar_lidar/include/core/network/ActiveSocket.h\n'}
[0.924445] (oradar_lidar) StdoutLine: {'line': b'-- Up-to-date symlink: /ros2_ws/install/oradar_lidar/include/core/network/PassiveSocket.h\n'}
[0.926281] (oradar_lidar) StdoutLine: {'line': b'-- Up-to-date symlink: /ros2_ws/install/oradar_lidar/include/core/network/SimpleSocket.h\n'}
[0.926565] (oradar_lidar) StdoutLine: {'line': b'-- Up-to-date symlink: /ros2_ws/install/oradar_lidar/include/core/network/StatTimer.h\n'}
[0.926760] (oradar_lidar) StdoutLine: {'line': b'-- Up-to-date symlink: /ros2_ws/install/oradar_lidar/include/core/serial/common.h\n'}
[0.926881] (oradar_lidar) StdoutLine: {'line': b'-- Up-to-date symlink: /ros2_ws/install/oradar_lidar/include/core/serial/serial.h\n'}
[0.926956] (oradar_lidar) StdoutLine: {'line': b'-- Up-to-date symlink: /ros2_ws/install/oradar_lidar/include/core/serial/impl/unix/lock.h\n'}
[0.927021] (oradar_lidar) StdoutLine: {'line': b'-- Up-to-date symlink: /ros2_ws/install/oradar_lidar/include/core/serial/impl/unix/unix.h\n'}
[0.927087] (oradar_lidar) StdoutLine: {'line': b'-- Up-to-date symlink: /ros2_ws/install/oradar_lidar/include/core/serial/impl/unix/unix_serial.h\n'}
[0.927621] (oradar_lidar) StdoutLine: {'line': b'-- Up-to-date symlink: /ros2_ws/install/oradar_lidar/include/src/ord_lidar_c_api_driver.h\n'}
[0.927801] (oradar_lidar) StdoutLine: {'line': b'-- Up-to-date symlink: /ros2_ws/install/oradar_lidar/include/src/ord_lidar_driver.h\n'}
[0.927895] (oradar_lidar) StdoutLine: {'line': b'-- Up-to-date symlink: /ros2_ws/install/oradar_lidar/include/src/ordlidar_protocol.h\n'}
[0.927983] (oradar_lidar) StdoutLine: {'line': b'-- Up-to-date symlink: /ros2_ws/install/oradar_lidar/include/src/filters/FullScanFilter.h\n'}
[0.928044] (oradar_lidar) StdoutLine: {'line': b'-- Up-to-date symlink: /ros2_ws/install/oradar_lidar/lib/liboradar_sdk.a\n'}
[0.928108] (oradar_lidar) StdoutLine: {'line': b'-- Up-to-date symlink: /ros2_ws/install/oradar_lidar/lib/oradar_lidar/oradar_scan\n'}
[0.928848] (oradar_lidar) StdoutLine: {'line': b'-- Up-to-date symlink: /ros2_ws/install/oradar_lidar/share/oradar_lidar//launch/ms200_scan.launch\n'}
[0.928999] (oradar_lidar) StdoutLine: {'line': b'-- Up-to-date symlink: /ros2_ws/install/oradar_lidar/share/oradar_lidar//launch/ms200_scan.launch.py\n'}
[0.929071] (oradar_lidar) StdoutLine: {'line': b'-- Up-to-date symlink: /ros2_ws/install/oradar_lidar/share/oradar_lidar//launch/ms200_scan_view.launch\n'}
[0.929134] (oradar_lidar) StdoutLine: {'line': b'-- Up-to-date symlink: /ros2_ws/install/oradar_lidar/share/oradar_lidar//launch/ms200_scan_view.launch.py\n'}
[0.929463] (oradar_lidar) StdoutLine: {'line': b'-- Up-to-date symlink: /ros2_ws/install/oradar_lidar/share/oradar_lidar//rviz2/oradar_scan.rviz\n'}
[0.929785] (oradar_lidar) StdoutLine: {'line': b'-- Up-to-date symlink: /ros2_ws/install/oradar_lidar/share/ament_index/resource_index/package_run_dependencies/oradar_lidar\n'}
[0.930076] (oradar_lidar) StdoutLine: {'line': b'-- Up-to-date symlink: /ros2_ws/install/oradar_lidar/share/ament_index/resource_index/parent_prefix_path/oradar_lidar\n'}
[0.930392] (oradar_lidar) StdoutLine: {'line': b'-- Up-to-date symlink: /ros2_ws/install/oradar_lidar/share/oradar_lidar/environment/ament_prefix_path.sh\n'}
[0.930755] (oradar_lidar) StdoutLine: {'line': b'-- Up-to-date symlink: /ros2_ws/install/oradar_lidar/share/oradar_lidar/environment/ament_prefix_path.dsv\n'}
[0.931407] (oradar_lidar) StdoutLine: {'line': b'-- Up-to-date symlink: /ros2_ws/install/oradar_lidar/share/oradar_lidar/environment/path.sh\n'}
[0.931848] (oradar_lidar) StdoutLine: {'line': b'-- Up-to-date symlink: /ros2_ws/install/oradar_lidar/share/oradar_lidar/environment/path.dsv\n'}
[0.932548] (oradar_lidar) StdoutLine: {'line': b'-- Up-to-date symlink: /ros2_ws/install/oradar_lidar/share/oradar_lidar/local_setup.bash\n'}
[0.933521] (oradar_lidar) StdoutLine: {'line': b'-- Up-to-date symlink: /ros2_ws/install/oradar_lidar/share/oradar_lidar/local_setup.sh\n'}
[0.934544] (oradar_lidar) StdoutLine: {'line': b'-- Up-to-date symlink: /ros2_ws/install/oradar_lidar/share/oradar_lidar/local_setup.zsh\n'}
[0.935364] (oradar_lidar) StdoutLine: {'line': b'-- Up-to-date symlink: /ros2_ws/install/oradar_lidar/share/oradar_lidar/local_setup.dsv\n'}
[0.935529] (oradar_lidar) StdoutLine: {'line': b'-- Symlinking: /ros2_ws/install/oradar_lidar/share/oradar_lidar/package.dsv\n'}
[0.956378] (oradar_lidar) StdoutLine: {'line': b'-- Up-to-date symlink: /ros2_ws/install/oradar_lidar/share/ament_index/resource_index/packages/oradar_lidar\n'}
[0.958283] (oradar_lidar) StdoutLine: {'line': b'-- Up-to-date symlink: /ros2_ws/install/oradar_lidar/share/oradar_lidar/cmake/oradar_lidarConfig.cmake\n'}
[0.958679] (oradar_lidar) StdoutLine: {'line': b'-- Up-to-date symlink: /ros2_ws/install/oradar_lidar/share/oradar_lidar/cmake/oradar_lidarConfig-version.cmake\n'}
[0.959673] (oradar_lidar) StdoutLine: {'line': b'-- Up-to-date symlink: /ros2_ws/install/oradar_lidar/share/oradar_lidar/package.xml\n'}
[0.990092] (oradar_lidar) CommandEnded: {'returncode': 0}
[0.992815] (msgs_srvs) StdoutLine: {'line': b'-- Override CMake install command with custom implementation using symlinks instead of copying resources\n'}
[1.003508] (msgs_srvs) StdoutLine: {'line': b'-- Found builtin_interfaces: 1.2.1 (/opt/ros/humble/share/builtin_interfaces/cmake)\n'}
[1.009415] (-) TimerEvent: {}
[1.049511] (msgs_srvs) StdoutLine: {'line': b'-- Found rosidl_generator_c: 3.1.6 (/opt/ros/humble/share/rosidl_generator_c/cmake)\n'}
[1.062987] (msgs_srvs) StdoutLine: {'line': b'-- Found rosidl_adapter: 3.1.6 (/opt/ros/humble/share/rosidl_adapter/cmake)\n'}
[1.071615] (oradar_lidar) JobEnded: {'identifier': 'oradar_lidar', 'rc': 0}
[1.072692] (msgs_srvs) StdoutLine: {'line': b'-- Found rosidl_generator_cpp: 3.1.6 (/opt/ros/humble/share/rosidl_generator_cpp/cmake)\n'}
[1.086468] (msgs_srvs) StdoutLine: {'line': b'-- Using all available rosidl_typesupport_c: rosidl_typesupport_fastrtps_c;rosidl_typesupport_introspection_c\n'}
[1.106115] (msgs_srvs) StdoutLine: {'line': b'-- Using all available rosidl_typesupport_cpp: rosidl_typesupport_fastrtps_cpp;rosidl_typesupport_introspection_cpp\n'}
[1.109862] (-) TimerEvent: {}
[1.124884] (msgs_srvs) StdoutLine: {'line': b'-- Found rosidl_default_generators: 1.2.0 (/opt/ros/humble/share/rosidl_default_generators/cmake)\n'}
[1.144428] (msgs_srvs) StdoutLine: {'line': b'-- Found std_msgs: 4.2.4 (/opt/ros/humble/share/std_msgs/cmake)\n'}
[1.210430] (-) TimerEvent: {}
[1.310995] (-) TimerEvent: {}
[1.361188] (driver) Command: {'cmd': ['/usr/bin/python3', '-W', 'ignore:setup.py install is deprecated', '-W', 'ignore:easy_install command is deprecated', 'setup.py', 'develop', '--editable', '--build-directory', '/ros2_ws/build/driver/build', '--no-deps', 'symlink_data'], 'cwd': '/ros2_ws/build/driver', 'env': {'VNCDESKTOP': 'TurboVNC: tarzan-desktop:1 ()', 'LESSOPEN': '| /usr/bin/lesspipe %s', 'HOSTNAME': 'tarzan-desktop', 'SSH_AGENT_PID': '183', 'SHLVL': '2', 'LD_LIBRARY_PATH': '/ros2_ws/install/msgs_srvs/lib:/opt/ros/humble/opt/rviz_ogre_vendor/lib:/opt/ros/humble/lib/aarch64-linux-gnu:/opt/ros/humble/lib', 'HOME': '/root', 'DESKTOP_SESSION': 'xfce', 'PANEL_GDK_CORE_DEVICE_EVENTS': '0', 'ROS_PYTHON_VERSION': '3', 'DBUS_SESSION_BUS_ADDRESS': 'unix:abstract=/tmp/dbus-wO67F6SAYB,guid=fd8027fa05f1ceab7ac91ac467ba2ea2', 'COLORTERM': 'truecolor', 'COLCON_PREFIX_PATH': '/ros2_ws/install', 'ROS_DISTRO': 'humble', 'VGL_PROBEGLX': '0', 'WINDOWID': '41976293', 'FONT_ENCODINGS_DIRECTORY': '/usr/share/fonts/X11/encodings', '_': '/usr/bin/colcon', 'ROS_VERSION': '2', 'TERM': 'xterm-256color', 'ROS_LOCALHOST_ONLY': '0', 'PATH': '/ros2_ws/install/oradar_lidar/bin:/opt/ros/humble/bin:/usr/local/sbin:/usr/local/bin:/usr/sbin:/usr/bin:/sbin:/bin', 'SESSION_MANAGER': 'local/tarzan-desktop:@/tmp/.ICE-unix/133,unix/tarzan-desktop:/tmp/.ICE-unix/133', 'XDG_MENU_PREFIX': 'xfce-', 'VGL_COMPRESS': '0', 'DISPLAY': ':1.0', 'LANG': 'en_US.UTF-8', 'XDG_CURRENT_DESKTOP': 'XFCE', 'LS_COLORS': 'rs=0:di=01;34:ln=01;36:mh=00:pi=40;33:so=01;35:do=01;35:bd=40;33;01:cd=40;33;01:or=40;31;01:mi=00:su=37;41:sg=30;43:ca=30;41:tw=30;42:ow=34;42:st=37;44:ex=01;32:*.tar=01;31:*.tgz=01;31:*.arc=01;31:*.arj=01;31:*.taz=01;31:*.lha=01;31:*.lz4=01;31:*.lzh=01;31:*.lzma=01;31:*.tlz=01;31:*.txz=01;31:*.tzo=01;31:*.t7z=01;31:*.zip=01;31:*.z=01;31:*.dz=01;31:*.gz=01;31:*.lrz=01;31:*.lz=01;31:*.lzo=01;31:*.xz=01;31:*.zst=01;31:*.tzst=01;31:*.bz2=01;31:*.bz=01;31:*.tbz=01;31:*.tbz2=01;31:*.tz=01;31:*.deb=01;31:*.rpm=01;31:*.jar=01;31:*.war=01;31:*.ear=01;31:*.sar=01;31:*.rar=01;31:*.alz=01;31:*.ace=01;31:*.zoo=01;31:*.cpio=01;31:*.7z=01;31:*.rz=01;31:*.cab=01;31:*.wim=01;31:*.swm=01;31:*.dwm=01;31:*.esd=01;31:*.jpg=01;35:*.jpeg=01;35:*.mjpg=01;35:*.mjpeg=01;35:*.gif=01;35:*.bmp=01;35:*.pbm=01;35:*.pgm=01;35:*.ppm=01;35:*.tga=01;35:*.xbm=01;35:*.xpm=01;35:*.tif=01;35:*.tiff=01;35:*.png=01;35:*.svg=01;35:*.svgz=01;35:*.mng=01;35:*.pcx=01;35:*.mov=01;35:*.mpg=01;35:*.mpeg=01;35:*.m2v=01;35:*.mkv=01;35:*.webm=01;35:*.webp=01;35:*.ogm=01;35:*.mp4=01;35:*.m4v=01;35:*.mp4v=01;35:*.vob=01;35:*.qt=01;35:*.nuv=01;35:*.wmv=01;35:*.asf=01;35:*.rm=01;35:*.rmvb=01;35:*.flc=01;35:*.avi=01;35:*.fli=01;35:*.flv=01;35:*.gl=01;35:*.dl=01;35:*.xcf=01;35:*.xwd=01;35:*.yuv=01;35:*.cgm=01;35:*.emf=01;35:*.ogv=01;35:*.ogx=01;35:*.aac=00;36:*.au=00;36:*.flac=00;36:*.m4a=00;36:*.mid=00;36:*.midi=00;36:*.mka=00;36:*.mp3=00;36:*.mpc=00;36:*.ogg=00;36:*.ra=00;36:*.wav=00;36:*.oga=00;36:*.opus=00;36:*.spx=00;36:*.xspf=00;36:', 'SSH_AUTH_SOCK': '/ssh-agent', 'AMENT_PREFIX_PATH': '/ros2_ws/install/oradar_lidar:/ros2_ws/install/msgs_srvs:/ros2_ws/install/driver:/opt/ros/humble', 'DEBIAN_FRONTEND': 'noninteractive', 'LESSCLOSE': '/usr/bin/lesspipe %s %s', 'PWD': '/ros2_ws/build/driver', 'XDG_CONFIG_DIRS': '/etc/xdg', 'XDG_DATA_DIRS': '/usr/local/share:/usr/share', 'PYTHONPATH': '/ros2_ws/build/driver/prefix_override:/usr/lib/python3/dist-packages/colcon_core/task/python/colcon_distutils_commands:/ros2_ws/install/driver/lib/python3.10/site-packages:/ros2_ws/install/msgs_srvs/local/lib/python3.10/dist-packages:/ros2_ws/build/driver:/ros2_ws/install/driver/lib/python3.10/site-packages:/opt/ros/humble/lib/python3.10/site-packages:/opt/ros/humble/local/lib/python3.10/dist-packages', 'COLCON': '1', 'VTE_VERSION': '6800', 'CMAKE_PREFIX_PATH': '/ros2_ws/install/oradar_lidar:/ros2_ws/install/msgs_srvs'}, 'shell': False}
[1.411103] (-) TimerEvent: {}
[1.511559] (-) TimerEvent: {}
[1.612643] (-) TimerEvent: {}
[1.713211] (-) TimerEvent: {}
[1.813675] (-) TimerEvent: {}
[1.814313] (driver) StdoutLine: {'line': b'running develop\n'}
[1.827854] (msgs_srvs) StdoutLine: {'line': b'-- Found ament_cmake_ros: 0.10.0 (/opt/ros/humble/share/ament_cmake_ros/cmake)\n'}
[1.913796] (-) TimerEvent: {}
[2.014194] (-) TimerEvent: {}
[2.047483] (driver) StdoutLine: {'line': b'running egg_info\n'}
[2.048315] (driver) StdoutLine: {'line': b'writing driver.egg-info/PKG-INFO\n'}
[2.052470] (driver) StdoutLine: {'line': b'writing dependency_links to driver.egg-info/dependency_links.txt\n'}
[2.060670] (driver) StdoutLine: {'line': b'writing entry points to driver.egg-info/entry_points.txt\n'}
[2.065641] (driver) StdoutLine: {'line': b'writing requirements to driver.egg-info/requires.txt\n'}
[2.069410] (driver) StdoutLine: {'line': b'writing top-level names to driver.egg-info/top_level.txt\n'}
[2.072993] (driver) StdoutLine: {'line': b"reading manifest file 'driver.egg-info/SOURCES.txt'\n"}
[2.076727] (driver) StdoutLine: {'line': b"writing manifest file 'driver.egg-info/SOURCES.txt'\n"}
[2.081495] (driver) StdoutLine: {'line': b'running build_ext\n'}
[2.081760] (driver) StdoutLine: {'line': b'Creating /ros2_ws/install/driver/lib/python3.10/site-packages/driver.egg-link (link to .)\n'}
[2.085463] (driver) StdoutLine: {'line': b'Installing control_manager script to /ros2_ws/install/driver/lib/driver\n'}
[2.086266] (driver) StdoutLine: {'line': b'Installing controller script to /ros2_ws/install/driver/lib/driver\n'}
[2.086446] (driver) StdoutLine: {'line': b'\n'}
[2.086542] (driver) StdoutLine: {'line': b'Installed /ros2_ws/build/driver\n'}
[2.086711] (driver) StdoutLine: {'line': b'running symlink_data\n'}
[2.114608] (-) TimerEvent: {}
[2.181998] (driver) CommandEnded: {'returncode': 0}
[2.212067] (driver) JobEnded: {'identifier': 'driver', 'rc': 0}
[2.214657] (-) TimerEvent: {}
[2.315848] (-) TimerEvent: {}
[2.416198] (-) TimerEvent: {}
[2.516577] (-) TimerEvent: {}
[2.560236] (msgs_srvs) StdoutLine: {'line': b'-- Using all available rosidl_typesupport_c: rosidl_typesupport_fastrtps_c;rosidl_typesupport_introspection_c\n'}
[2.616729] (-) TimerEvent: {}
[2.717117] (-) TimerEvent: {}
[2.817524] (-) TimerEvent: {}
[2.820962] (msgs_srvs) StdoutLine: {'line': b'-- Using all available rosidl_typesupport_cpp: rosidl_typesupport_fastrtps_cpp;rosidl_typesupport_introspection_cpp\n'}
[2.875107] (msgs_srvs) StdoutLine: {'line': b'-- Found python_cmake_module: 0.10.0 (/opt/ros/humble/share/python_cmake_module/cmake)\n'}
[2.912991] (msgs_srvs) StdoutLine: {'line': b'-- Using PYTHON_EXECUTABLE: /usr/bin/python3\n'}
[2.913232] (msgs_srvs) StdoutLine: {'line': b'-- Using PYTHON_INCLUDE_DIRS: /usr/include/python3.10\n'}
[2.913309] (msgs_srvs) StdoutLine: {'line': b'-- Using PYTHON_LIBRARIES: /usr/lib/aarch64-linux-gnu/libpython3.10.so\n'}
[2.917585] (-) TimerEvent: {}
[2.964375] (msgs_srvs) StdoutLine: {'line': b'-- Found ament_lint_auto: 0.12.11 (/opt/ros/humble/share/ament_lint_auto/cmake)\n'}
[2.991750] (msgs_srvs) StdoutLine: {'line': b"-- Added test 'lint_cmake' to check CMake code style\n"}
[2.993372] (msgs_srvs) StdoutLine: {'line': b"-- Added test 'xmllint' to check XML markup files\n"}
[2.996670] (msgs_srvs) StdoutLine: {'line': b'-- Configuring done\n'}
[3.017693] (-) TimerEvent: {}
[3.105913] (msgs_srvs) StdoutLine: {'line': b'-- Generating done\n'}
[3.117809] (-) TimerEvent: {}
[3.150073] (msgs_srvs) StdoutLine: {'line': b'-- Build files have been written to: /ros2_ws/build/msgs_srvs\n'}
[3.216655] (msgs_srvs) StdoutLine: {'line': b'[  1%] \x1b[34m\x1b[1mGenerating C code for ROS interfaces\x1b[0m\n'}
[3.217898] (-) TimerEvent: {}
[3.251936] (msgs_srvs) StdoutLine: {'line': b'[  2%] \x1b[34m\x1b[1mGenerating C++ code for ROS interfaces\x1b[0m\n'}
[3.264037] (msgs_srvs) StdoutLine: {'line': b'[  2%] Built target ament_cmake_python_symlink_msgs_srvs\n'}
[3.318411] (-) TimerEvent: {}
[3.419550] (-) TimerEvent: {}
[3.521128] (-) TimerEvent: {}
[3.621547] (-) TimerEvent: {}
[3.722096] (-) TimerEvent: {}
[3.805238] (msgs_srvs) StdoutLine: {'line': b'running egg_info\n'}
[3.806535] (msgs_srvs) StdoutLine: {'line': b'writing msgs_srvs.egg-info/PKG-INFO\n'}
[3.807439] (msgs_srvs) StdoutLine: {'line': b'writing dependency_links to msgs_srvs.egg-info/dependency_links.txt\n'}
[3.808330] (msgs_srvs) StdoutLine: {'line': b'writing top-level names to msgs_srvs.egg-info/top_level.txt\n'}
[3.813370] (msgs_srvs) StdoutLine: {'line': b"reading manifest file 'msgs_srvs.egg-info/SOURCES.txt'\n"}
[3.814659] (msgs_srvs) StdoutLine: {'line': b"writing manifest file 'msgs_srvs.egg-info/SOURCES.txt'\n"}
[3.822227] (-) TimerEvent: {}
[3.913082] (msgs_srvs) StdoutLine: {'line': b'[  2%] Built target ament_cmake_python_build_msgs_srvs_egg\n'}
[3.922328] (-) TimerEvent: {}
[4.022658] (-) TimerEvent: {}
[4.123019] (-) TimerEvent: {}
[4.224090] (-) TimerEvent: {}
[4.324501] (-) TimerEvent: {}
[4.432373] (-) TimerEvent: {}
[4.533966] (-) TimerEvent: {}
[4.636031] (-) TimerEvent: {}
[4.737724] (-) TimerEvent: {}
[4.843073] (-) TimerEvent: {}
[4.943567] (-) TimerEvent: {}
[4.961602] (msgs_srvs) StdoutLine: {'line': b'[  2%] Built target msgs_srvs__cpp\n'}
[4.991697] (msgs_srvs) StdoutLine: {'line': b'[  3%] \x1b[34m\x1b[1mGenerating C++ type support dispatch for ROS interfaces\x1b[0m\n'}
[5.016353] (msgs_srvs) StdoutLine: {'line': b'[  4%] \x1b[34m\x1b[1mGenerating C++ type support for eProsima Fast-RTPS\x1b[0m\n'}
[5.016718] (msgs_srvs) StdoutLine: {'line': b'[  5%] \x1b[34m\x1b[1mGenerating C++ introspection for ROS interfaces\x1b[0m\n'}
[5.028409] (msgs_srvs) StdoutLine: {'line': b'\x1b[35m\x1b[1mConsolidate compiler generated dependencies of target msgs_srvs__rosidl_generator_c\x1b[0m\n'}
[5.043685] (-) TimerEvent: {}
[5.096286] (msgs_srvs) StdoutLine: {'line': b'[  6%] \x1b[32mBuilding C object CMakeFiles/msgs_srvs__rosidl_generator_c.dir/rosidl_generator_c/msgs_srvs/msg/detail/button_state__functions.c.o\x1b[0m\n'}
[5.146259] (-) TimerEvent: {}
[5.246697] (-) TimerEvent: {}
[5.334921] (msgs_srvs) StdoutLine: {'line': b'[  7%] \x1b[32mBuilding C object CMakeFiles/msgs_srvs__rosidl_generator_c.dir/rosidl_generator_c/msgs_srvs/msg/detail/buzzer_state__functions.c.o\x1b[0m\n'}
[5.346924] (-) TimerEvent: {}
[5.447539] (-) TimerEvent: {}
[5.502337] (msgs_srvs) StdoutLine: {'line': b'[  8%] \x1b[32mBuilding C object CMakeFiles/msgs_srvs__rosidl_generator_c.dir/rosidl_generator_c/msgs_srvs/msg/detail/led_state__functions.c.o\x1b[0m\n'}
[5.549968] (-) TimerEvent: {}
[5.649605] (msgs_srvs) StdoutLine: {'line': b'[  9%] \x1b[32mBuilding C object CMakeFiles/msgs_srvs__rosidl_generator_c.dir/rosidl_generator_c/msgs_srvs/msg/detail/motors_state__functions.c.o\x1b[0m\n'}
[5.649921] (-) TimerEvent: {}
[5.750635] (-) TimerEvent: {}
[5.775368] (msgs_srvs) StdoutLine: {'line': b'[ 10%] \x1b[32mBuilding C object CMakeFiles/msgs_srvs__rosidl_generator_c.dir/rosidl_generator_c/msgs_srvs/msg/detail/motor_state__functions.c.o\x1b[0m\n'}
[5.850866] (-) TimerEvent: {}
[5.903958] (msgs_srvs) StdoutLine: {'line': b'[ 11%] \x1b[32mBuilding C object CMakeFiles/msgs_srvs__rosidl_generator_c.dir/rosidl_generator_c/msgs_srvs/msg/detail/pwm_servo_state__functions.c.o\x1b[0m\n'}
[5.950942] (-) TimerEvent: {}
[6.052155] (-) TimerEvent: {}
[6.115408] (msgs_srvs) StdoutLine: {'line': b'[ 12%] \x1b[32mBuilding C object CMakeFiles/msgs_srvs__rosidl_generator_c.dir/rosidl_generator_c/msgs_srvs/msg/detail/pwm_servo_state_duration__functions.c.o\x1b[0m\n'}
[6.153166] (-) TimerEvent: {}
[6.246002] (msgs_srvs) StdoutLine: {'line': b'\x1b[35m\x1b[1mConsolidate compiler generated dependencies of target msgs_srvs__rosidl_typesupport_cpp\x1b[0m\n'}
[6.253822] (-) TimerEvent: {}
[6.296916] (msgs_srvs) StdoutLine: {'line': b'[ 13%] \x1b[32mBuilding CXX object CMakeFiles/msgs_srvs__rosidl_typesupport_cpp.dir/rosidl_typesupport_cpp/msgs_srvs/msg/button_state__type_support.cpp.o\x1b[0m\n'}
[6.338618] (msgs_srvs) StdoutLine: {'line': b'[ 14%] \x1b[32mBuilding C object CMakeFiles/msgs_srvs__rosidl_generator_c.dir/rosidl_generator_c/msgs_srvs/msg/detail/sbus__functions.c.o\x1b[0m\n'}
[6.357020] (-) TimerEvent: {}
[6.458917] (-) TimerEvent: {}
[6.482482] (msgs_srvs) StdoutLine: {'line': b'[ 15%] \x1b[32mBuilding C object CMakeFiles/msgs_srvs__rosidl_generator_c.dir/rosidl_generator_c/msgs_srvs/srv/detail/pwm_servo_state__functions.c.o\x1b[0m\n'}
[6.559658] (-) TimerEvent: {}
[6.574126] (msgs_srvs) StdoutLine: {'line': b'\x1b[35m\x1b[1mConsolidate compiler generated dependencies of target msgs_srvs__rosidl_typesupport_introspection_cpp\x1b[0m\n'}
[6.641516] (msgs_srvs) StdoutLine: {'line': b'[ 16%] \x1b[32mBuilding CXX object CMakeFiles/msgs_srvs__rosidl_typesupport_introspection_cpp.dir/rosidl_typesupport_introspection_cpp/msgs_srvs/msg/detail/button_state__type_support.cpp.o\x1b[0m\n'}
[6.660720] (-) TimerEvent: {}
[6.762350] (msgs_srvs) StdoutLine: {'line': b'[ 17%] \x1b[32m\x1b[1mLinking C shared library libmsgs_srvs__rosidl_generator_c.so\x1b[0m\n'}
[6.762672] (-) TimerEvent: {}
[6.848705] (msgs_srvs) StdoutLine: {'line': b'\x1b[35m\x1b[1mConsolidate compiler generated dependencies of target msgs_srvs__rosidl_typesupport_fastrtps_cpp\x1b[0m\n'}
[6.862909] (-) TimerEvent: {}
[6.924548] (msgs_srvs) StdoutLine: {'line': b'[ 18%] \x1b[32mBuilding CXX object CMakeFiles/msgs_srvs__rosidl_typesupport_fastrtps_cpp.dir/rosidl_typesupport_fastrtps_cpp/msgs_srvs/msg/detail/dds_fastrtps/button_state__type_support.cpp.o\x1b[0m\n'}
[6.963942] (-) TimerEvent: {}
[7.013839] (msgs_srvs) StdoutLine: {'line': b'[ 18%] Built target msgs_srvs__rosidl_generator_c\n'}
[7.059935] (msgs_srvs) StdoutLine: {'line': b'[ 20%] \x1b[32mBuilding CXX object CMakeFiles/msgs_srvs__rosidl_typesupport_fastrtps_cpp.dir/rosidl_typesupport_fastrtps_cpp/msgs_srvs/msg/detail/dds_fastrtps/buzzer_state__type_support.cpp.o\x1b[0m\n'}
[7.065927] (-) TimerEvent: {}
[7.115601] (msgs_srvs) StdoutLine: {'line': b'[ 21%] \x1b[32mBuilding CXX object CMakeFiles/msgs_srvs__rosidl_typesupport_cpp.dir/rosidl_typesupport_cpp/msgs_srvs/msg/buzzer_state__type_support.cpp.o\x1b[0m\n'}
[7.166067] (-) TimerEvent: {}
[7.266529] (-) TimerEvent: {}
[7.367692] (-) TimerEvent: {}
[7.471166] (-) TimerEvent: {}
[7.549694] (msgs_srvs) StdoutLine: {'line': b'[ 22%] \x1b[32mBuilding CXX object CMakeFiles/msgs_srvs__rosidl_typesupport_introspection_cpp.dir/rosidl_typesupport_introspection_cpp/msgs_srvs/msg/detail/buzzer_state__type_support.cpp.o\x1b[0m\n'}
[7.572919] (-) TimerEvent: {}
[7.673433] (-) TimerEvent: {}
[7.774877] (-) TimerEvent: {}
[7.875614] (-) TimerEvent: {}
[7.977426] (msgs_srvs) StdoutLine: {'line': b'[ 23%] \x1b[32mBuilding CXX object CMakeFiles/msgs_srvs__rosidl_typesupport_cpp.dir/rosidl_typesupport_cpp/msgs_srvs/msg/led_state__type_support.cpp.o\x1b[0m\n'}
[7.977846] (-) TimerEvent: {}
[8.078301] (-) TimerEvent: {}
[8.111090] (msgs_srvs) StdoutLine: {'line': b'[ 24%] \x1b[32mBuilding CXX object CMakeFiles/msgs_srvs__rosidl_typesupport_introspection_cpp.dir/rosidl_typesupport_introspection_cpp/msgs_srvs/msg/detail/led_state__type_support.cpp.o\x1b[0m\n'}
[8.181234] (-) TimerEvent: {}
[8.281714] (-) TimerEvent: {}
[8.376830] (msgs_srvs) StdoutLine: {'line': b'[ 25%] \x1b[32mBuilding CXX object CMakeFiles/msgs_srvs__rosidl_typesupport_fastrtps_cpp.dir/rosidl_typesupport_fastrtps_cpp/msgs_srvs/msg/detail/dds_fastrtps/led_state__type_support.cpp.o\x1b[0m\n'}
[8.382326] (-) TimerEvent: {}
[8.484929] (-) TimerEvent: {}
[8.585398] (-) TimerEvent: {}
[8.688898] (-) TimerEvent: {}
[8.784893] (msgs_srvs) StdoutLine: {'line': b'[ 26%] \x1b[32mBuilding CXX object CMakeFiles/msgs_srvs__rosidl_typesupport_cpp.dir/rosidl_typesupport_cpp/msgs_srvs/msg/motors_state__type_support.cpp.o\x1b[0m\n'}
[8.789767] (-) TimerEvent: {}
[8.833766] (msgs_srvs) StdoutLine: {'line': b'[ 27%] \x1b[34m\x1b[1mGenerating C type support for eProsima Fast-RTPS\x1b[0m\n'}
[8.890868] (-) TimerEvent: {}
[8.994460] (-) TimerEvent: {}
[9.097902] (-) TimerEvent: {}
[9.198924] (-) TimerEvent: {}
[9.300369] (-) TimerEvent: {}
[9.325651] (msgs_srvs) StdoutLine: {'line': b'[ 28%] \x1b[32mBuilding CXX object CMakeFiles/msgs_srvs__rosidl_typesupport_introspection_cpp.dir/rosidl_typesupport_introspection_cpp/msgs_srvs/msg/detail/motors_state__type_support.cpp.o\x1b[0m\n'}
[9.401460] (-) TimerEvent: {}
[9.443392] (msgs_srvs) StdoutLine: {'line': b'[ 29%] \x1b[32mBuilding CXX object CMakeFiles/msgs_srvs__rosidl_typesupport_fastrtps_cpp.dir/rosidl_typesupport_fastrtps_cpp/msgs_srvs/msg/detail/dds_fastrtps/motors_state__type_support.cpp.o\x1b[0m\n'}
[9.501606] (-) TimerEvent: {}
[9.606349] (-) TimerEvent: {}
[9.620356] (msgs_srvs) StdoutLine: {'line': b'[ 30%] \x1b[32mBuilding CXX object CMakeFiles/msgs_srvs__rosidl_typesupport_cpp.dir/rosidl_typesupport_cpp/msgs_srvs/msg/motor_state__type_support.cpp.o\x1b[0m\n'}
[9.706796] (-) TimerEvent: {}
[9.808724] (-) TimerEvent: {}
[9.912911] (-) TimerEvent: {}
[10.014174] (-) TimerEvent: {}
[10.120871] (-) TimerEvent: {}
[10.225905] (-) TimerEvent: {}
[10.327945] (-) TimerEvent: {}
[10.428443] (-) TimerEvent: {}
[10.501909] (msgs_srvs) StdoutLine: {'line': b'[ 31%] \x1b[32mBuilding CXX object CMakeFiles/msgs_srvs__rosidl_typesupport_cpp.dir/rosidl_typesupport_cpp/msgs_srvs/msg/pwm_servo_state__type_support.cpp.o\x1b[0m\n'}
[10.528587] (-) TimerEvent: {}
[10.597952] (msgs_srvs) StdoutLine: {'line': b'[ 32%] \x1b[32mBuilding CXX object CMakeFiles/msgs_srvs__rosidl_typesupport_introspection_cpp.dir/rosidl_typesupport_introspection_cpp/msgs_srvs/msg/detail/motor_state__type_support.cpp.o\x1b[0m\n'}
[10.628718] (-) TimerEvent: {}
[10.651682] (msgs_srvs) StdoutLine: {'line': b'\x1b[35m\x1b[1mConsolidate compiler generated dependencies of target msgs_srvs__rosidl_typesupport_fastrtps_c\x1b[0m\n'}
[10.728882] (-) TimerEvent: {}
[10.733895] (msgs_srvs) StdoutLine: {'line': b'[ 33%] \x1b[32mBuilding CXX object CMakeFiles/msgs_srvs__rosidl_typesupport_fastrtps_c.dir/rosidl_typesupport_fastrtps_c/msgs_srvs/msg/detail/button_state__type_support_c.cpp.o\x1b[0m\n'}
[10.829026] (-) TimerEvent: {}
[10.931879] (-) TimerEvent: {}
[11.032588] (-) TimerEvent: {}
[11.133099] (-) TimerEvent: {}
[11.234429] (-) TimerEvent: {}
[11.251479] (msgs_srvs) StdoutLine: {'line': b'[ 34%] \x1b[32mBuilding CXX object CMakeFiles/msgs_srvs__rosidl_typesupport_fastrtps_cpp.dir/rosidl_typesupport_fastrtps_cpp/msgs_srvs/msg/detail/dds_fastrtps/motor_state__type_support.cpp.o\x1b[0m\n'}
[11.334550] (-) TimerEvent: {}
[11.339493] (msgs_srvs) StdoutLine: {'line': b'[ 35%] \x1b[32mBuilding CXX object CMakeFiles/msgs_srvs__rosidl_typesupport_cpp.dir/rosidl_typesupport_cpp/msgs_srvs/msg/pwm_servo_state_duration__type_support.cpp.o\x1b[0m\n'}
[11.437450] (-) TimerEvent: {}
[11.541911] (-) TimerEvent: {}
[11.570722] (msgs_srvs) StdoutLine: {'line': b'[ 36%] \x1b[32mBuilding CXX object CMakeFiles/msgs_srvs__rosidl_typesupport_introspection_cpp.dir/rosidl_typesupport_introspection_cpp/msgs_srvs/msg/detail/pwm_servo_state__type_support.cpp.o\x1b[0m\n'}
[11.644909] (-) TimerEvent: {}
[11.745561] (-) TimerEvent: {}
[11.749028] (msgs_srvs) StdoutLine: {'line': b'[ 37%] \x1b[32mBuilding CXX object CMakeFiles/msgs_srvs__rosidl_typesupport_fastrtps_c.dir/rosidl_typesupport_fastrtps_c/msgs_srvs/msg/detail/buzzer_state__type_support_c.cpp.o\x1b[0m\n'}
[11.846903] (-) TimerEvent: {}
[11.947922] (-) TimerEvent: {}
[12.049699] (-) TimerEvent: {}
[12.153572] (-) TimerEvent: {}
[12.234768] (msgs_srvs) StdoutLine: {'line': b'[ 38%] \x1b[32mBuilding CXX object CMakeFiles/msgs_srvs__rosidl_typesupport_cpp.dir/rosidl_typesupport_cpp/msgs_srvs/msg/sbus__type_support.cpp.o\x1b[0m\n'}
[12.253984] (-) TimerEvent: {}
[12.356256] (-) TimerEvent: {}
[12.384805] (msgs_srvs) StdoutLine: {'line': b'[ 40%] \x1b[32mBuilding CXX object CMakeFiles/msgs_srvs__rosidl_typesupport_fastrtps_cpp.dir/rosidl_typesupport_fastrtps_cpp/msgs_srvs/msg/detail/dds_fastrtps/pwm_servo_state__type_support.cpp.o\x1b[0m\n'}
[12.457557] (-) TimerEvent: {}
[12.559593] (-) TimerEvent: {}
[12.663890] (-) TimerEvent: {}
[12.665396] (msgs_srvs) StdoutLine: {'line': b'[ 41%] \x1b[32mBuilding CXX object CMakeFiles/msgs_srvs__rosidl_typesupport_fastrtps_c.dir/rosidl_typesupport_fastrtps_c/msgs_srvs/msg/detail/led_state__type_support_c.cpp.o\x1b[0m\n'}
[12.764037] (-) TimerEvent: {}
[12.816284] (msgs_srvs) StdoutLine: {'line': b'[ 42%] \x1b[32mBuilding CXX object CMakeFiles/msgs_srvs__rosidl_typesupport_introspection_cpp.dir/rosidl_typesupport_introspection_cpp/msgs_srvs/msg/detail/pwm_servo_state_duration__type_support.cpp.o\x1b[0m\n'}
[12.864212] (-) TimerEvent: {}
[12.965896] (-) TimerEvent: {}
[13.066696] (-) TimerEvent: {}
[13.170173] (-) TimerEvent: {}
[13.271372] (-) TimerEvent: {}
[13.374417] (-) TimerEvent: {}
[13.390577] (msgs_srvs) StdoutLine: {'line': b'[ 43%] \x1b[32mBuilding CXX object CMakeFiles/msgs_srvs__rosidl_typesupport_cpp.dir/rosidl_typesupport_cpp/msgs_srvs/srv/pwm_servo_state__type_support.cpp.o\x1b[0m\n'}
[13.448946] (msgs_srvs) StdoutLine: {'line': b'[ 44%] \x1b[32mBuilding CXX object CMakeFiles/msgs_srvs__rosidl_typesupport_fastrtps_cpp.dir/rosidl_typesupport_fastrtps_cpp/msgs_srvs/msg/detail/dds_fastrtps/pwm_servo_state_duration__type_support.cpp.o\x1b[0m\n'}
[13.474565] (-) TimerEvent: {}
[13.581056] (-) TimerEvent: {}
[13.689262] (-) TimerEvent: {}
[13.773460] (msgs_srvs) StdoutLine: {'line': b'[ 45%] \x1b[32mBuilding CXX object CMakeFiles/msgs_srvs__rosidl_typesupport_fastrtps_c.dir/rosidl_typesupport_fastrtps_c/msgs_srvs/msg/detail/motors_state__type_support_c.cpp.o\x1b[0m\n'}
[13.789598] (-) TimerEvent: {}
[13.890154] (-) TimerEvent: {}
[13.992751] (-) TimerEvent: {}
[14.094681] (-) TimerEvent: {}
[14.127303] (msgs_srvs) StdoutLine: {'line': b'[ 46%] \x1b[32m\x1b[1mLinking CXX shared library libmsgs_srvs__rosidl_typesupport_cpp.so\x1b[0m\n'}
[14.195894] (-) TimerEvent: {}
[14.222620] (msgs_srvs) StdoutLine: {'line': b'[ 47%] \x1b[32mBuilding CXX object CMakeFiles/msgs_srvs__rosidl_typesupport_introspection_cpp.dir/rosidl_typesupport_introspection_cpp/msgs_srvs/msg/detail/sbus__type_support.cpp.o\x1b[0m\n'}
[14.298571] (-) TimerEvent: {}
[14.323913] (msgs_srvs) StdoutLine: {'line': b'[ 47%] Built target msgs_srvs__rosidl_typesupport_cpp\n'}
[14.360812] (msgs_srvs) StdoutLine: {'line': b'[ 48%] \x1b[32mBuilding CXX object CMakeFiles/msgs_srvs__rosidl_typesupport_introspection_cpp.dir/rosidl_typesupport_introspection_cpp/msgs_srvs/srv/detail/pwm_servo_state__type_support.cpp.o\x1b[0m\n'}
[14.398711] (-) TimerEvent: {}
[14.499190] (-) TimerEvent: {}
[14.601353] (-) TimerEvent: {}
[14.674029] (msgs_srvs) StdoutLine: {'line': b'[ 49%] \x1b[32mBuilding CXX object CMakeFiles/msgs_srvs__rosidl_typesupport_fastrtps_c.dir/rosidl_typesupport_fastrtps_c/msgs_srvs/msg/detail/motor_state__type_support_c.cpp.o\x1b[0m\n'}
[14.701717] (-) TimerEvent: {}
[14.802899] (-) TimerEvent: {}
[14.905861] (-) TimerEvent: {}
[14.966125] (msgs_srvs) StdoutLine: {'line': b'[ 50%] \x1b[32mBuilding CXX object CMakeFiles/msgs_srvs__rosidl_typesupport_fastrtps_cpp.dir/rosidl_typesupport_fastrtps_cpp/msgs_srvs/msg/detail/dds_fastrtps/sbus__type_support.cpp.o\x1b[0m\n'}
[15.010552] (-) TimerEvent: {}
[15.114030] (-) TimerEvent: {}
[15.215994] (-) TimerEvent: {}
[15.317791] (-) TimerEvent: {}
[15.418898] (-) TimerEvent: {}
[15.445015] (msgs_srvs) StdoutLine: {'line': b'[ 51%] \x1b[32mBuilding CXX object CMakeFiles/msgs_srvs__rosidl_typesupport_fastrtps_c.dir/rosidl_typesupport_fastrtps_c/msgs_srvs/msg/detail/pwm_servo_state__type_support_c.cpp.o\x1b[0m\n'}
[15.519894] (-) TimerEvent: {}
[15.620677] (-) TimerEvent: {}
[15.650604] (msgs_srvs) StdoutLine: {'line': b'[ 52%] \x1b[32mBuilding CXX object CMakeFiles/msgs_srvs__rosidl_typesupport_fastrtps_c.dir/rosidl_typesupport_fastrtps_c/msgs_srvs/msg/detail/pwm_servo_state_duration__type_support_c.cpp.o\x1b[0m\n'}
[15.722567] (-) TimerEvent: {}
[15.823743] (-) TimerEvent: {}
[15.925910] (-) TimerEvent: {}
[15.942129] (msgs_srvs) StdoutLine: {'line': b'[ 53%] \x1b[32m\x1b[1mLinking CXX shared library libmsgs_srvs__rosidl_typesupport_introspection_cpp.so\x1b[0m\n'}
[16.029039] (-) TimerEvent: {}
[16.129713] (-) TimerEvent: {}
[16.231296] (-) TimerEvent: {}
[16.302593] (msgs_srvs) StdoutLine: {'line': b'[ 53%] Built target msgs_srvs__rosidl_typesupport_introspection_cpp\n'}
[16.333679] (-) TimerEvent: {}
[16.336449] (msgs_srvs) StdoutLine: {'line': b'[ 54%] \x1b[34m\x1b[1mGenerating C introspection for ROS interfaces\x1b[0m\n'}
[16.435012] (-) TimerEvent: {}
[16.486003] (msgs_srvs) StdoutLine: {'line': b'[ 55%] \x1b[32mBuilding CXX object CMakeFiles/msgs_srvs__rosidl_typesupport_fastrtps_cpp.dir/rosidl_typesupport_fastrtps_cpp/msgs_srvs/srv/detail/dds_fastrtps/pwm_servo_state__type_support.cpp.o\x1b[0m\n'}
[16.539843] (-) TimerEvent: {}
[16.574986] (msgs_srvs) StdoutLine: {'line': b'[ 56%] \x1b[32mBuilding CXX object CMakeFiles/msgs_srvs__rosidl_typesupport_fastrtps_c.dir/rosidl_typesupport_fastrtps_c/msgs_srvs/msg/detail/sbus__type_support_c.cpp.o\x1b[0m\n'}
[16.640221] (-) TimerEvent: {}
[16.744496] (-) TimerEvent: {}
[16.776829] (msgs_srvs) StdoutLine: {'line': b'[ 57%] \x1b[34m\x1b[1mGenerating C type support dispatch for ROS interfaces\x1b[0m\n'}
[16.844703] (-) TimerEvent: {}
[16.945934] (-) TimerEvent: {}
[17.047533] (-) TimerEvent: {}
[17.151196] (-) TimerEvent: {}
[17.251764] (-) TimerEvent: {}
[17.354866] (-) TimerEvent: {}
[17.455283] (-) TimerEvent: {}
[17.559027] (-) TimerEvent: {}
[17.643712] (msgs_srvs) StdoutLine: {'line': b'[ 58%] \x1b[32mBuilding CXX object CMakeFiles/msgs_srvs__rosidl_typesupport_fastrtps_c.dir/rosidl_typesupport_fastrtps_c/msgs_srvs/srv/detail/pwm_servo_state__type_support_c.cpp.o\x1b[0m\n'}
[17.658789] (-) TimerEvent: {}
[17.748254] (msgs_srvs) StdoutLine: {'line': b'[ 60%] \x1b[32m\x1b[1mLinking CXX shared library libmsgs_srvs__rosidl_typesupport_fastrtps_cpp.so\x1b[0m\n'}
[17.762800] (-) TimerEvent: {}
[17.870977] (-) TimerEvent: {}
[17.972692] (-) TimerEvent: {}
[18.064824] (msgs_srvs) StdoutLine: {'line': b'[ 60%] Built target msgs_srvs__rosidl_typesupport_fastrtps_cpp\n'}
[18.072840] (-) TimerEvent: {}
[18.087825] (msgs_srvs) StdoutLine: {'line': b'\x1b[35m\x1b[1mConsolidate compiler generated dependencies of target msgs_srvs__rosidl_typesupport_c\x1b[0m\n'}
[18.126845] (msgs_srvs) StdoutLine: {'line': b'[ 61%] \x1b[32mBuilding CXX object CMakeFiles/msgs_srvs__rosidl_typesupport_c.dir/rosidl_typesupport_c/msgs_srvs/msg/button_state__type_support.cpp.o\x1b[0m\n'}
[18.174801] (-) TimerEvent: {}
[18.176759] (msgs_srvs) StdoutLine: {'line': b'[ 62%] \x1b[32mBuilding CXX object CMakeFiles/msgs_srvs__rosidl_typesupport_c.dir/rosidl_typesupport_c/msgs_srvs/msg/buzzer_state__type_support.cpp.o\x1b[0m\n'}
[18.212368] (msgs_srvs) StdoutLine: {'line': b'\x1b[35m\x1b[1mConsolidate compiler generated dependencies of target msgs_srvs__rosidl_typesupport_introspection_c\x1b[0m\n'}
[18.242740] (msgs_srvs) StdoutLine: {'line': b'[ 63%] \x1b[32mBuilding C object CMakeFiles/msgs_srvs__rosidl_typesupport_introspection_c.dir/rosidl_typesupport_introspection_c/msgs_srvs/msg/detail/button_state__type_support.c.o\x1b[0m\n'}
[18.263899] (msgs_srvs) StdoutLine: {'line': b'[ 64%] \x1b[32mBuilding C object CMakeFiles/msgs_srvs__rosidl_typesupport_introspection_c.dir/rosidl_typesupport_introspection_c/msgs_srvs/msg/detail/buzzer_state__type_support.c.o\x1b[0m\n'}
[18.274896] (-) TimerEvent: {}
[18.311007] (msgs_srvs) StdoutLine: {'line': b'[ 65%] \x1b[32mBuilding CXX object CMakeFiles/msgs_srvs__rosidl_typesupport_c.dir/rosidl_typesupport_c/msgs_srvs/msg/led_state__type_support.cpp.o\x1b[0m\n'}
[18.377888] (msgs_srvs) StdoutLine: {'line': b'[ 66%] \x1b[32mBuilding C object CMakeFiles/msgs_srvs__rosidl_typesupport_introspection_c.dir/rosidl_typesupport_introspection_c/msgs_srvs/msg/detail/led_state__type_support.c.o\x1b[0m\n'}
[18.378271] (-) TimerEvent: {}
[18.420027] (msgs_srvs) StdoutLine: {'line': b'[ 67%] \x1b[32mBuilding CXX object CMakeFiles/msgs_srvs__rosidl_typesupport_c.dir/rosidl_typesupport_c/msgs_srvs/msg/motors_state__type_support.cpp.o\x1b[0m\n'}
[18.469108] (msgs_srvs) StdoutLine: {'line': b'[ 68%] \x1b[32mBuilding CXX object CMakeFiles/msgs_srvs__rosidl_typesupport_c.dir/rosidl_typesupport_c/msgs_srvs/msg/motor_state__type_support.cpp.o\x1b[0m\n'}
[18.478603] (-) TimerEvent: {}
[18.508970] (msgs_srvs) StdoutLine: {'line': b'[ 69%] \x1b[32mBuilding C object CMakeFiles/msgs_srvs__rosidl_typesupport_introspection_c.dir/rosidl_typesupport_introspection_c/msgs_srvs/msg/detail/motors_state__type_support.c.o\x1b[0m\n'}
[18.578729] (-) TimerEvent: {}
[18.597096] (msgs_srvs) StdoutLine: {'line': b'[ 70%] \x1b[32mBuilding CXX object CMakeFiles/msgs_srvs__rosidl_typesupport_c.dir/rosidl_typesupport_c/msgs_srvs/msg/pwm_servo_state__type_support.cpp.o\x1b[0m\n'}
[18.644621] (msgs_srvs) StdoutLine: {'line': b'[ 71%] \x1b[32mBuilding CXX object CMakeFiles/msgs_srvs__rosidl_typesupport_c.dir/rosidl_typesupport_c/msgs_srvs/msg/pwm_servo_state_duration__type_support.cpp.o\x1b[0m\n'}
[18.665807] (msgs_srvs) StdoutLine: {'line': b'[ 72%] \x1b[32mBuilding C object CMakeFiles/msgs_srvs__rosidl_typesupport_introspection_c.dir/rosidl_typesupport_introspection_c/msgs_srvs/msg/detail/motor_state__type_support.c.o\x1b[0m\n'}
[18.680315] (-) TimerEvent: {}
[18.683850] (msgs_srvs) StdoutLine: {'line': b'[ 73%] \x1b[32mBuilding C object CMakeFiles/msgs_srvs__rosidl_typesupport_introspection_c.dir/rosidl_typesupport_introspection_c/msgs_srvs/msg/detail/pwm_servo_state__type_support.c.o\x1b[0m\n'}
[18.714132] (msgs_srvs) StdoutLine: {'line': b'[ 74%] \x1b[32m\x1b[1mLinking CXX shared library libmsgs_srvs__rosidl_typesupport_fastrtps_c.so\x1b[0m\n'}
[18.745945] (msgs_srvs) StdoutLine: {'line': b'[ 75%] \x1b[32mBuilding CXX object CMakeFiles/msgs_srvs__rosidl_typesupport_c.dir/rosidl_typesupport_c/msgs_srvs/msg/sbus__type_support.cpp.o\x1b[0m\n'}
[18.770816] (msgs_srvs) StdoutLine: {'line': b'[ 76%] \x1b[32mBuilding C object CMakeFiles/msgs_srvs__rosidl_typesupport_introspection_c.dir/rosidl_typesupport_introspection_c/msgs_srvs/msg/detail/pwm_servo_state_duration__type_support.c.o\x1b[0m\n'}
[18.782126] (-) TimerEvent: {}
[18.799107] (msgs_srvs) StdoutLine: {'line': b'[ 77%] \x1b[32mBuilding CXX object CMakeFiles/msgs_srvs__rosidl_typesupport_c.dir/rosidl_typesupport_c/msgs_srvs/srv/pwm_servo_state__type_support.cpp.o\x1b[0m\n'}
[18.881839] (msgs_srvs) StdoutLine: {'line': b'[ 78%] \x1b[32mBuilding C object CMakeFiles/msgs_srvs__rosidl_typesupport_introspection_c.dir/rosidl_typesupport_introspection_c/msgs_srvs/msg/detail/sbus__type_support.c.o\x1b[0m\n'}
[18.882712] (-) TimerEvent: {}
[18.928009] (msgs_srvs) StdoutLine: {'line': b'[ 80%] \x1b[32mBuilding C object CMakeFiles/msgs_srvs__rosidl_typesupport_introspection_c.dir/rosidl_typesupport_introspection_c/msgs_srvs/srv/detail/pwm_servo_state__type_support.c.o\x1b[0m\n'}
[18.951900] (msgs_srvs) StdoutLine: {'line': b'[ 81%] \x1b[32m\x1b[1mLinking CXX shared library libmsgs_srvs__rosidl_typesupport_c.so\x1b[0m\n'}
[18.984945] (-) TimerEvent: {}
[18.996185] (msgs_srvs) StdoutLine: {'line': b'[ 81%] Built target msgs_srvs__rosidl_typesupport_fastrtps_c\n'}
[19.065010] (msgs_srvs) StdoutLine: {'line': b'[ 82%] \x1b[32m\x1b[1mLinking C shared library libmsgs_srvs__rosidl_typesupport_introspection_c.so\x1b[0m\n'}
[19.069019] (msgs_srvs) StdoutLine: {'line': b'[ 82%] Built target msgs_srvs__rosidl_typesupport_c\n'}
[19.085037] (-) TimerEvent: {}
[19.138851] (msgs_srvs) StdoutLine: {'line': b'[ 82%] Built target msgs_srvs__rosidl_typesupport_introspection_c\n'}
[19.182898] (msgs_srvs) StdoutLine: {'line': b'[ 82%] Built target msgs_srvs\n'}
[19.185137] (-) TimerEvent: {}
[19.220171] (msgs_srvs) StdoutLine: {'line': b'[ 83%] \x1b[34m\x1b[1mGenerating Python code for ROS interfaces\x1b[0m\n'}
[19.285246] (-) TimerEvent: {}
[19.385625] (-) TimerEvent: {}
[19.485995] (-) TimerEvent: {}
[19.586333] (-) TimerEvent: {}
[19.686663] (-) TimerEvent: {}
[19.786998] (-) TimerEvent: {}
[19.887323] (-) TimerEvent: {}
[19.987709] (-) TimerEvent: {}
[20.088042] (-) TimerEvent: {}
[20.188381] (-) TimerEvent: {}
[20.288709] (-) TimerEvent: {}
[20.389049] (-) TimerEvent: {}
[20.489381] (-) TimerEvent: {}
[20.589703] (-) TimerEvent: {}
[20.690045] (-) TimerEvent: {}
[20.790847] (-) TimerEvent: {}
[20.893154] (-) TimerEvent: {}
[20.930100] (msgs_srvs) StdoutLine: {'line': b'[ 83%] Built target msgs_srvs__py\n'}
[20.958295] (msgs_srvs) StdoutLine: {'line': b'\x1b[35m\x1b[1mConsolidate compiler generated dependencies of target msgs_srvs__rosidl_generator_py\x1b[0m\n'}
[20.991803] (msgs_srvs) StdoutLine: {'line': b'[ 84%] \x1b[32mBuilding C object CMakeFiles/msgs_srvs__rosidl_generator_py.dir/rosidl_generator_py/msgs_srvs/msg/_motors_state_s.c.o\x1b[0m\n'}
[20.992216] (msgs_srvs) StdoutLine: {'line': b'[ 85%] \x1b[32mBuilding C object CMakeFiles/msgs_srvs__rosidl_generator_py.dir/rosidl_generator_py/msgs_srvs/msg/_button_state_s.c.o\x1b[0m\n'}
[20.992401] (msgs_srvs) StdoutLine: {'line': b'[ 86%] \x1b[32mBuilding C object CMakeFiles/msgs_srvs__rosidl_generator_py.dir/rosidl_generator_py/msgs_srvs/msg/_led_state_s.c.o\x1b[0m\n'}
[20.993224] (-) TimerEvent: {}
[20.993685] (msgs_srvs) StdoutLine: {'line': b'[ 87%] \x1b[32mBuilding C object CMakeFiles/msgs_srvs__rosidl_generator_py.dir/rosidl_generator_py/msgs_srvs/msg/_buzzer_state_s.c.o\x1b[0m\n'}
[21.096884] (-) TimerEvent: {}
[21.197493] (-) TimerEvent: {}
[21.264962] (msgs_srvs) StdoutLine: {'line': b'[ 88%] \x1b[32mBuilding C object CMakeFiles/msgs_srvs__rosidl_generator_py.dir/rosidl_generator_py/msgs_srvs/msg/_motor_state_s.c.o\x1b[0m\n'}
[21.276723] (msgs_srvs) StdoutLine: {'line': b'[ 89%] \x1b[32mBuilding C object CMakeFiles/msgs_srvs__rosidl_generator_py.dir/rosidl_generator_py/msgs_srvs/msg/_pwm_servo_state_s.c.o\x1b[0m\n'}
[21.299689] (-) TimerEvent: {}
[21.316512] (msgs_srvs) StdoutLine: {'line': b'[ 90%] \x1b[32mBuilding C object CMakeFiles/msgs_srvs__rosidl_generator_py.dir/rosidl_generator_py/msgs_srvs/msg/_pwm_servo_state_duration_s.c.o\x1b[0m\n'}
[21.369267] (msgs_srvs) StdoutLine: {'line': b'[ 91%] \x1b[32mBuilding C object CMakeFiles/msgs_srvs__rosidl_generator_py.dir/rosidl_generator_py/msgs_srvs/msg/_sbus_s.c.o\x1b[0m\n'}
[21.399940] (-) TimerEvent: {}
[21.502905] (-) TimerEvent: {}
[21.514344] (msgs_srvs) StdoutLine: {'line': b'[ 92%] \x1b[32mBuilding C object CMakeFiles/msgs_srvs__rosidl_generator_py.dir/rosidl_generator_py/msgs_srvs/srv/_pwm_servo_state_s.c.o\x1b[0m\n'}
[21.603060] (-) TimerEvent: {}
[21.704109] (-) TimerEvent: {}
[21.804508] (-) TimerEvent: {}
[21.821686] (msgs_srvs) StdoutLine: {'line': b'[ 93%] \x1b[32m\x1b[1mLinking C shared library rosidl_generator_py/msgs_srvs/libmsgs_srvs__rosidl_generator_py.so\x1b[0m\n'}
[21.904629] (-) TimerEvent: {}
[21.922892] (msgs_srvs) StdoutLine: {'line': b'[ 93%] Built target msgs_srvs__rosidl_generator_py\n'}
[21.950882] (msgs_srvs) StdoutLine: {'line': b'\x1b[35m\x1b[1mConsolidate compiler generated dependencies of target msgs_srvs__rosidl_typesupport_c__pyext\x1b[0m\n'}
[21.951701] (msgs_srvs) StdoutLine: {'line': b'\x1b[35m\x1b[1mConsolidate compiler generated dependencies of target msgs_srvs__rosidl_typesupport_fastrtps_c__pyext\x1b[0m\n'}
[21.951937] (msgs_srvs) StdoutLine: {'line': b'\x1b[35m\x1b[1mConsolidate compiler generated dependencies of target msgs_srvs__rosidl_typesupport_introspection_c__pyext\x1b[0m\n'}
[21.986390] (msgs_srvs) StdoutLine: {'line': b'[ 94%] \x1b[32mBuilding C object CMakeFiles/msgs_srvs__rosidl_typesupport_c__pyext.dir/rosidl_generator_py/msgs_srvs/_msgs_srvs_s.ep.rosidl_typesupport_c.c.o\x1b[0m\n'}
[21.987992] (msgs_srvs) StdoutLine: {'line': b'[ 95%] \x1b[32mBuilding C object CMakeFiles/msgs_srvs__rosidl_typesupport_introspection_c__pyext.dir/rosidl_generator_py/msgs_srvs/_msgs_srvs_s.ep.rosidl_typesupport_introspection_c.c.o\x1b[0m\n'}
[21.994357] (msgs_srvs) StdoutLine: {'line': b'[ 96%] \x1b[32mBuilding C object CMakeFiles/msgs_srvs__rosidl_typesupport_fastrtps_c__pyext.dir/rosidl_generator_py/msgs_srvs/_msgs_srvs_s.ep.rosidl_typesupport_fastrtps_c.c.o\x1b[0m\n'}
[22.004856] (-) TimerEvent: {}
[22.105863] (-) TimerEvent: {}
[22.206946] (-) TimerEvent: {}
[22.260637] (msgs_srvs) StdoutLine: {'line': b'[ 97%] \x1b[32m\x1b[1mLinking C shared library rosidl_generator_py/msgs_srvs/msgs_srvs_s__rosidl_typesupport_c.cpython-310-aarch64-linux-gnu.so\x1b[0m\n'}
[22.277525] (msgs_srvs) StdoutLine: {'line': b'[ 98%] \x1b[32m\x1b[1mLinking C shared library rosidl_generator_py/msgs_srvs/msgs_srvs_s__rosidl_typesupport_introspection_c.cpython-310-aarch64-linux-gnu.so\x1b[0m\n'}
[22.293435] (msgs_srvs) StdoutLine: {'line': b'[100%] \x1b[32m\x1b[1mLinking C shared library rosidl_generator_py/msgs_srvs/msgs_srvs_s__rosidl_typesupport_fastrtps_c.cpython-310-aarch64-linux-gnu.so\x1b[0m\n'}
[22.308908] (-) TimerEvent: {}
[22.375316] (msgs_srvs) StdoutLine: {'line': b'[100%] Built target msgs_srvs__rosidl_typesupport_c__pyext\n'}
[22.388583] (msgs_srvs) StdoutLine: {'line': b'[100%] Built target msgs_srvs__rosidl_typesupport_introspection_c__pyext\n'}
[22.409020] (-) TimerEvent: {}
[22.414819] (msgs_srvs) StdoutLine: {'line': b'[100%] Built target msgs_srvs__rosidl_typesupport_fastrtps_c__pyext\n'}
[22.438820] (msgs_srvs) CommandEnded: {'returncode': 0}
[22.439671] (msgs_srvs) JobProgress: {'identifier': 'msgs_srvs', 'progress': 'install'}
[22.440117] (msgs_srvs) Command: {'cmd': ['/usr/bin/cmake', '--install', '/ros2_ws/build/msgs_srvs'], 'cwd': '/ros2_ws/build/msgs_srvs', 'env': OrderedDict([('VNCDESKTOP', 'TurboVNC: tarzan-desktop:1 ()'), ('LESSOPEN', '| /usr/bin/lesspipe %s'), ('HOSTNAME', 'tarzan-desktop'), ('SSH_AGENT_PID', '183'), ('SHLVL', '2'), ('LD_LIBRARY_PATH', '/ros2_ws/install/msgs_srvs/lib:/opt/ros/humble/opt/rviz_ogre_vendor/lib:/opt/ros/humble/lib/aarch64-linux-gnu:/opt/ros/humble/lib'), ('HOME', '/root'), ('DESKTOP_SESSION', 'xfce'), ('PANEL_GDK_CORE_DEVICE_EVENTS', '0'), ('ROS_PYTHON_VERSION', '3'), ('DBUS_SESSION_BUS_ADDRESS', 'unix:abstract=/tmp/dbus-wO67F6SAYB,guid=fd8027fa05f1ceab7ac91ac467ba2ea2'), ('COLORTERM', 'truecolor'), ('COLCON_PREFIX_PATH', '/ros2_ws/install'), ('ROS_DISTRO', 'humble'), ('VGL_PROBEGLX', '0'), ('WINDOWID', '41976293'), ('FONT_ENCODINGS_DIRECTORY', '/usr/share/fonts/X11/encodings'), ('_', '/usr/bin/colcon'), ('ROS_VERSION', '2'), ('TERM', 'xterm-256color'), ('ROS_LOCALHOST_ONLY', '0'), ('PATH', '/ros2_ws/install/oradar_lidar/bin:/opt/ros/humble/bin:/usr/local/sbin:/usr/local/bin:/usr/sbin:/usr/bin:/sbin:/bin'), ('SESSION_MANAGER', 'local/tarzan-desktop:@/tmp/.ICE-unix/133,unix/tarzan-desktop:/tmp/.ICE-unix/133'), ('XDG_MENU_PREFIX', 'xfce-'), ('VGL_COMPRESS', '0'), ('DISPLAY', ':1.0'), ('LANG', 'en_US.UTF-8'), ('XDG_CURRENT_DESKTOP', 'XFCE'), ('LS_COLORS', 'rs=0:di=01;34:ln=01;36:mh=00:pi=40;33:so=01;35:do=01;35:bd=40;33;01:cd=40;33;01:or=40;31;01:mi=00:su=37;41:sg=30;43:ca=30;41:tw=30;42:ow=34;42:st=37;44:ex=01;32:*.tar=01;31:*.tgz=01;31:*.arc=01;31:*.arj=01;31:*.taz=01;31:*.lha=01;31:*.lz4=01;31:*.lzh=01;31:*.lzma=01;31:*.tlz=01;31:*.txz=01;31:*.tzo=01;31:*.t7z=01;31:*.zip=01;31:*.z=01;31:*.dz=01;31:*.gz=01;31:*.lrz=01;31:*.lz=01;31:*.lzo=01;31:*.xz=01;31:*.zst=01;31:*.tzst=01;31:*.bz2=01;31:*.bz=01;31:*.tbz=01;31:*.tbz2=01;31:*.tz=01;31:*.deb=01;31:*.rpm=01;31:*.jar=01;31:*.war=01;31:*.ear=01;31:*.sar=01;31:*.rar=01;31:*.alz=01;31:*.ace=01;31:*.zoo=01;31:*.cpio=01;31:*.7z=01;31:*.rz=01;31:*.cab=01;31:*.wim=01;31:*.swm=01;31:*.dwm=01;31:*.esd=01;31:*.jpg=01;35:*.jpeg=01;35:*.mjpg=01;35:*.mjpeg=01;35:*.gif=01;35:*.bmp=01;35:*.pbm=01;35:*.pgm=01;35:*.ppm=01;35:*.tga=01;35:*.xbm=01;35:*.xpm=01;35:*.tif=01;35:*.tiff=01;35:*.png=01;35:*.svg=01;35:*.svgz=01;35:*.mng=01;35:*.pcx=01;35:*.mov=01;35:*.mpg=01;35:*.mpeg=01;35:*.m2v=01;35:*.mkv=01;35:*.webm=01;35:*.webp=01;35:*.ogm=01;35:*.mp4=01;35:*.m4v=01;35:*.mp4v=01;35:*.vob=01;35:*.qt=01;35:*.nuv=01;35:*.wmv=01;35:*.asf=01;35:*.rm=01;35:*.rmvb=01;35:*.flc=01;35:*.avi=01;35:*.fli=01;35:*.flv=01;35:*.gl=01;35:*.dl=01;35:*.xcf=01;35:*.xwd=01;35:*.yuv=01;35:*.cgm=01;35:*.emf=01;35:*.ogv=01;35:*.ogx=01;35:*.aac=00;36:*.au=00;36:*.flac=00;36:*.m4a=00;36:*.mid=00;36:*.midi=00;36:*.mka=00;36:*.mp3=00;36:*.mpc=00;36:*.ogg=00;36:*.ra=00;36:*.wav=00;36:*.oga=00;36:*.opus=00;36:*.spx=00;36:*.xspf=00;36:'), ('SSH_AUTH_SOCK', '/ssh-agent'), ('AMENT_PREFIX_PATH', '/ros2_ws/install/oradar_lidar:/ros2_ws/install/msgs_srvs:/ros2_ws/install/driver:/opt/ros/humble'), ('DEBIAN_FRONTEND', 'noninteractive'), ('LESSCLOSE', '/usr/bin/lesspipe %s %s'), ('PWD', '/ros2_ws/build/msgs_srvs'), ('XDG_CONFIG_DIRS', '/etc/xdg'), ('XDG_DATA_DIRS', '/usr/local/share:/usr/share'), ('PYTHONPATH', '/ros2_ws/install/msgs_srvs/local/lib/python3.10/dist-packages:/ros2_ws/build/driver:/ros2_ws/install/driver/lib/python3.10/site-packages:/opt/ros/humble/lib/python3.10/site-packages:/opt/ros/humble/local/lib/python3.10/dist-packages'), ('COLCON', '1'), ('VTE_VERSION', '6800'), ('CMAKE_PREFIX_PATH', '/ros2_ws/install/oradar_lidar:/ros2_ws/install/msgs_srvs:/ros2_ws/install/driver:/opt/ros/humble')]), 'shell': False}
[22.467031] (msgs_srvs) StdoutLine: {'line': b'-- Install configuration: ""\n'}
[22.467847] (msgs_srvs) StdoutLine: {'line': b'-- Execute custom install script\n'}
[22.468161] (msgs_srvs) StdoutLine: {'line': b'-- Up-to-date symlink: /ros2_ws/install/msgs_srvs/share/ament_index/resource_index/rosidl_interfaces/msgs_srvs\n'}
[22.469103] (msgs_srvs) StdoutLine: {'line': b'-- Up-to-date symlink: /ros2_ws/install/msgs_srvs/include/msgs_srvs/msgs_srvs/msg/button_state.h\n'}
[22.469256] (msgs_srvs) StdoutLine: {'line': b'-- Up-to-date symlink: /ros2_ws/install/msgs_srvs/include/msgs_srvs/msgs_srvs/msg/buzzer_state.h\n'}
[22.469388] (msgs_srvs) StdoutLine: {'line': b'-- Up-to-date symlink: /ros2_ws/install/msgs_srvs/include/msgs_srvs/msgs_srvs/msg/detail/button_state__functions.h\n'}
[22.469521] (msgs_srvs) StdoutLine: {'line': b'-- Up-to-date symlink: /ros2_ws/install/msgs_srvs/include/msgs_srvs/msgs_srvs/msg/detail/button_state__struct.h\n'}
[22.469645] (msgs_srvs) StdoutLine: {'line': b'-- Up-to-date symlink: /ros2_ws/install/msgs_srvs/include/msgs_srvs/msgs_srvs/msg/detail/button_state__type_support.h\n'}
[22.469768] (msgs_srvs) StdoutLine: {'line': b'-- Up-to-date symlink: /ros2_ws/install/msgs_srvs/include/msgs_srvs/msgs_srvs/msg/detail/buzzer_state__functions.h\n'}
[22.469978] (msgs_srvs) StdoutLine: {'line': b'-- Up-to-date symlink: /ros2_ws/install/msgs_srvs/include/msgs_srvs/msgs_srvs/msg/detail/buzzer_state__struct.h\n'}
[22.470109] (msgs_srvs) StdoutLine: {'line': b'-- Up-to-date symlink: /ros2_ws/install/msgs_srvs/include/msgs_srvs/msgs_srvs/msg/detail/buzzer_state__type_support.h\n'}
[22.470234] (msgs_srvs) StdoutLine: {'line': b'-- Up-to-date symlink: /ros2_ws/install/msgs_srvs/include/msgs_srvs/msgs_srvs/msg/detail/led_state__functions.h\n'}
[22.470358] (msgs_srvs) StdoutLine: {'line': b'-- Up-to-date symlink: /ros2_ws/install/msgs_srvs/include/msgs_srvs/msgs_srvs/msg/detail/led_state__struct.h\n'}
[22.470483] (msgs_srvs) StdoutLine: {'line': b'-- Up-to-date symlink: /ros2_ws/install/msgs_srvs/include/msgs_srvs/msgs_srvs/msg/detail/led_state__type_support.h\n'}
[22.470600] (msgs_srvs) StdoutLine: {'line': b'-- Up-to-date symlink: /ros2_ws/install/msgs_srvs/include/msgs_srvs/msgs_srvs/msg/detail/motor_state__functions.h\n'}
[22.470720] (msgs_srvs) StdoutLine: {'line': b'-- Up-to-date symlink: /ros2_ws/install/msgs_srvs/include/msgs_srvs/msgs_srvs/msg/detail/motor_state__struct.h\n'}
[22.470856] (msgs_srvs) StdoutLine: {'line': b'-- Up-to-date symlink: /ros2_ws/install/msgs_srvs/include/msgs_srvs/msgs_srvs/msg/detail/motor_state__type_support.h\n'}
[22.470981] (msgs_srvs) StdoutLine: {'line': b'-- Up-to-date symlink: /ros2_ws/install/msgs_srvs/include/msgs_srvs/msgs_srvs/msg/detail/motors_state__functions.h\n'}
[22.471100] (msgs_srvs) StdoutLine: {'line': b'-- Up-to-date symlink: /ros2_ws/install/msgs_srvs/include/msgs_srvs/msgs_srvs/msg/detail/motors_state__struct.h\n'}
[22.471222] (msgs_srvs) StdoutLine: {'line': b'-- Up-to-date symlink: /ros2_ws/install/msgs_srvs/include/msgs_srvs/msgs_srvs/msg/detail/motors_state__type_support.h\n'}
[22.471361] (msgs_srvs) StdoutLine: {'line': b'-- Up-to-date symlink: /ros2_ws/install/msgs_srvs/include/msgs_srvs/msgs_srvs/msg/detail/pwm_servo_state__functions.h\n'}
[22.471476] (msgs_srvs) StdoutLine: {'line': b'-- Up-to-date symlink: /ros2_ws/install/msgs_srvs/include/msgs_srvs/msgs_srvs/msg/detail/pwm_servo_state__struct.h\n'}
[22.471595] (msgs_srvs) StdoutLine: {'line': b'-- Up-to-date symlink: /ros2_ws/install/msgs_srvs/include/msgs_srvs/msgs_srvs/msg/detail/pwm_servo_state__type_support.h\n'}
[22.471716] (msgs_srvs) StdoutLine: {'line': b'-- Up-to-date symlink: /ros2_ws/install/msgs_srvs/include/msgs_srvs/msgs_srvs/msg/detail/pwm_servo_state_duration__functions.h\n'}
[22.471871] (msgs_srvs) StdoutLine: {'line': b'-- Up-to-date symlink: /ros2_ws/install/msgs_srvs/include/msgs_srvs/msgs_srvs/msg/detail/pwm_servo_state_duration__struct.h\n'}
[22.472006] (msgs_srvs) StdoutLine: {'line': b'-- Up-to-date symlink: /ros2_ws/install/msgs_srvs/include/msgs_srvs/msgs_srvs/msg/detail/pwm_servo_state_duration__type_support.h\n'}
[22.472126] (msgs_srvs) StdoutLine: {'line': b'-- Up-to-date symlink: /ros2_ws/install/msgs_srvs/include/msgs_srvs/msgs_srvs/msg/detail/sbus__functions.h\n'}
[22.472243] (msgs_srvs) StdoutLine: {'line': b'-- Up-to-date symlink: /ros2_ws/install/msgs_srvs/include/msgs_srvs/msgs_srvs/msg/detail/sbus__struct.h\n'}
[22.472365] (msgs_srvs) StdoutLine: {'line': b'-- Up-to-date symlink: /ros2_ws/install/msgs_srvs/include/msgs_srvs/msgs_srvs/msg/detail/sbus__type_support.h\n'}
[22.472488] (msgs_srvs) StdoutLine: {'line': b'-- Up-to-date symlink: /ros2_ws/install/msgs_srvs/include/msgs_srvs/msgs_srvs/msg/led_state.h\n'}
[22.472600] (msgs_srvs) StdoutLine: {'line': b'-- Up-to-date symlink: /ros2_ws/install/msgs_srvs/include/msgs_srvs/msgs_srvs/msg/motor_state.h\n'}
[22.472713] (msgs_srvs) StdoutLine: {'line': b'-- Up-to-date symlink: /ros2_ws/install/msgs_srvs/include/msgs_srvs/msgs_srvs/msg/motors_state.h\n'}
[22.472839] (msgs_srvs) StdoutLine: {'line': b'-- Up-to-date symlink: /ros2_ws/install/msgs_srvs/include/msgs_srvs/msgs_srvs/msg/pwm_servo_state.h\n'}
[22.472964] (msgs_srvs) StdoutLine: {'line': b'-- Up-to-date symlink: /ros2_ws/install/msgs_srvs/include/msgs_srvs/msgs_srvs/msg/pwm_servo_state_duration.h\n'}
[22.473082] (msgs_srvs) StdoutLine: {'line': b'-- Up-to-date symlink: /ros2_ws/install/msgs_srvs/include/msgs_srvs/msgs_srvs/msg/rosidl_generator_c__visibility_control.h\n'}
[22.473205] (msgs_srvs) StdoutLine: {'line': b'-- Up-to-date symlink: /ros2_ws/install/msgs_srvs/include/msgs_srvs/msgs_srvs/msg/sbus.h\n'}
[22.473324] (msgs_srvs) StdoutLine: {'line': b'-- Up-to-date symlink: /ros2_ws/install/msgs_srvs/include/msgs_srvs/msgs_srvs/srv/detail/pwm_servo_state__functions.h\n'}
[22.473443] (msgs_srvs) StdoutLine: {'line': b'-- Up-to-date symlink: /ros2_ws/install/msgs_srvs/include/msgs_srvs/msgs_srvs/srv/detail/pwm_servo_state__struct.h\n'}
[22.473561] (msgs_srvs) StdoutLine: {'line': b'-- Up-to-date symlink: /ros2_ws/install/msgs_srvs/include/msgs_srvs/msgs_srvs/srv/detail/pwm_servo_state__type_support.h\n'}
[22.473678] (msgs_srvs) StdoutLine: {'line': b'-- Up-to-date symlink: /ros2_ws/install/msgs_srvs/include/msgs_srvs/msgs_srvs/srv/pwm_servo_state.h\n'}
[22.473920] (msgs_srvs) StdoutLine: {'line': b'-- Up-to-date symlink: /ros2_ws/install/msgs_srvs/share/msgs_srvs/environment/library_path.sh\n'}
[22.474093] (msgs_srvs) StdoutLine: {'line': b'-- Up-to-date symlink: /ros2_ws/install/msgs_srvs/share/msgs_srvs/environment/library_path.dsv\n'}
[22.474934] (msgs_srvs) StdoutLine: {'line': b'-- Up-to-date symlink: /ros2_ws/install/msgs_srvs/include/msgs_srvs/msgs_srvs/msg/detail/button_state__rosidl_typesupport_fastrtps_c.h\n'}
[22.475058] (msgs_srvs) StdoutLine: {'line': b'-- Up-to-date symlink: /ros2_ws/install/msgs_srvs/include/msgs_srvs/msgs_srvs/msg/detail/buzzer_state__rosidl_typesupport_fastrtps_c.h\n'}
[22.475176] (msgs_srvs) StdoutLine: {'line': b'-- Up-to-date symlink: /ros2_ws/install/msgs_srvs/include/msgs_srvs/msgs_srvs/msg/detail/led_state__rosidl_typesupport_fastrtps_c.h\n'}
[22.475301] (msgs_srvs) StdoutLine: {'line': b'-- Up-to-date symlink: /ros2_ws/install/msgs_srvs/include/msgs_srvs/msgs_srvs/msg/detail/motor_state__rosidl_typesupport_fastrtps_c.h\n'}
[22.475422] (msgs_srvs) StdoutLine: {'line': b'-- Up-to-date symlink: /ros2_ws/install/msgs_srvs/include/msgs_srvs/msgs_srvs/msg/detail/motors_state__rosidl_typesupport_fastrtps_c.h\n'}
[22.475568] (msgs_srvs) StdoutLine: {'line': b'-- Up-to-date symlink: /ros2_ws/install/msgs_srvs/include/msgs_srvs/msgs_srvs/msg/detail/pwm_servo_state__rosidl_typesupport_fastrtps_c.h\n'}
[22.475697] (msgs_srvs) StdoutLine: {'line': b'-- Up-to-date symlink: /ros2_ws/install/msgs_srvs/include/msgs_srvs/msgs_srvs/msg/detail/pwm_servo_state_duration__rosidl_typesupport_fastrtps_c.h\n'}
[22.475831] (msgs_srvs) StdoutLine: {'line': b'-- Up-to-date symlink: /ros2_ws/install/msgs_srvs/include/msgs_srvs/msgs_srvs/msg/detail/sbus__rosidl_typesupport_fastrtps_c.h\n'}
[22.475951] (msgs_srvs) StdoutLine: {'line': b'-- Up-to-date symlink: /ros2_ws/install/msgs_srvs/include/msgs_srvs/msgs_srvs/msg/rosidl_typesupport_fastrtps_c__visibility_control.h\n'}
[22.476078] (msgs_srvs) StdoutLine: {'line': b'-- Up-to-date symlink: /ros2_ws/install/msgs_srvs/include/msgs_srvs/msgs_srvs/srv/detail/pwm_servo_state__rosidl_typesupport_fastrtps_c.h\n'}
[22.476952] (msgs_srvs) StdoutLine: {'line': b'-- Up-to-date symlink: /ros2_ws/install/msgs_srvs/include/msgs_srvs/msgs_srvs/msg/button_state.hpp\n'}
[22.477071] (msgs_srvs) StdoutLine: {'line': b'-- Up-to-date symlink: /ros2_ws/install/msgs_srvs/include/msgs_srvs/msgs_srvs/msg/buzzer_state.hpp\n'}
[22.477188] (msgs_srvs) StdoutLine: {'line': b'-- Up-to-date symlink: /ros2_ws/install/msgs_srvs/include/msgs_srvs/msgs_srvs/msg/detail/button_state__builder.hpp\n'}
[22.477319] (msgs_srvs) StdoutLine: {'line': b'-- Up-to-date symlink: /ros2_ws/install/msgs_srvs/include/msgs_srvs/msgs_srvs/msg/detail/button_state__struct.hpp\n'}
[22.477440] (msgs_srvs) StdoutLine: {'line': b'-- Up-to-date symlink: /ros2_ws/install/msgs_srvs/include/msgs_srvs/msgs_srvs/msg/detail/button_state__traits.hpp\n'}
[22.477561] (msgs_srvs) StdoutLine: {'line': b'-- Up-to-date symlink: /ros2_ws/install/msgs_srvs/include/msgs_srvs/msgs_srvs/msg/detail/button_state__type_support.hpp\n'}
[22.477680] (msgs_srvs) StdoutLine: {'line': b'-- Up-to-date symlink: /ros2_ws/install/msgs_srvs/include/msgs_srvs/msgs_srvs/msg/detail/buzzer_state__builder.hpp\n'}
[22.477809] (msgs_srvs) StdoutLine: {'line': b'-- Up-to-date symlink: /ros2_ws/install/msgs_srvs/include/msgs_srvs/msgs_srvs/msg/detail/buzzer_state__struct.hpp\n'}
[22.477931] (msgs_srvs) StdoutLine: {'line': b'-- Up-to-date symlink: /ros2_ws/install/msgs_srvs/include/msgs_srvs/msgs_srvs/msg/detail/buzzer_state__traits.hpp\n'}
[22.478053] (msgs_srvs) StdoutLine: {'line': b'-- Up-to-date symlink: /ros2_ws/install/msgs_srvs/include/msgs_srvs/msgs_srvs/msg/detail/buzzer_state__type_support.hpp\n'}
[22.478172] (msgs_srvs) StdoutLine: {'line': b'-- Up-to-date symlink: /ros2_ws/install/msgs_srvs/include/msgs_srvs/msgs_srvs/msg/detail/led_state__builder.hpp\n'}
[22.478287] (msgs_srvs) StdoutLine: {'line': b'-- Up-to-date symlink: /ros2_ws/install/msgs_srvs/include/msgs_srvs/msgs_srvs/msg/detail/led_state__struct.hpp\n'}
[22.478403] (msgs_srvs) StdoutLine: {'line': b'-- Up-to-date symlink: /ros2_ws/install/msgs_srvs/include/msgs_srvs/msgs_srvs/msg/detail/led_state__traits.hpp\n'}
[22.478524] (msgs_srvs) StdoutLine: {'line': b'-- Up-to-date symlink: /ros2_ws/install/msgs_srvs/include/msgs_srvs/msgs_srvs/msg/detail/led_state__type_support.hpp\n'}
[22.478646] (msgs_srvs) StdoutLine: {'line': b'-- Up-to-date symlink: /ros2_ws/install/msgs_srvs/include/msgs_srvs/msgs_srvs/msg/detail/motor_state__builder.hpp\n'}
[22.478778] (msgs_srvs) StdoutLine: {'line': b'-- Up-to-date symlink: /ros2_ws/install/msgs_srvs/include/msgs_srvs/msgs_srvs/msg/detail/motor_state__struct.hpp\n'}
[22.478903] (msgs_srvs) StdoutLine: {'line': b'-- Up-to-date symlink: /ros2_ws/install/msgs_srvs/include/msgs_srvs/msgs_srvs/msg/detail/motor_state__traits.hpp\n'}
[22.479022] (msgs_srvs) StdoutLine: {'line': b'-- Up-to-date symlink: /ros2_ws/install/msgs_srvs/include/msgs_srvs/msgs_srvs/msg/detail/motor_state__type_support.hpp\n'}
[22.479143] (msgs_srvs) StdoutLine: {'line': b'-- Up-to-date symlink: /ros2_ws/install/msgs_srvs/include/msgs_srvs/msgs_srvs/msg/detail/motors_state__builder.hpp\n'}
[22.479260] (msgs_srvs) StdoutLine: {'line': b'-- Up-to-date symlink: /ros2_ws/install/msgs_srvs/include/msgs_srvs/msgs_srvs/msg/detail/motors_state__struct.hpp\n'}
[22.479377] (msgs_srvs) StdoutLine: {'line': b'-- Up-to-date symlink: /ros2_ws/install/msgs_srvs/include/msgs_srvs/msgs_srvs/msg/detail/motors_state__traits.hpp\n'}
[22.479499] (msgs_srvs) StdoutLine: {'line': b'-- Up-to-date symlink: /ros2_ws/install/msgs_srvs/include/msgs_srvs/msgs_srvs/msg/detail/motors_state__type_support.hpp\n'}
[22.479615] (msgs_srvs) StdoutLine: {'line': b'-- Up-to-date symlink: /ros2_ws/install/msgs_srvs/include/msgs_srvs/msgs_srvs/msg/detail/pwm_servo_state__builder.hpp\n'}
[22.479732] (msgs_srvs) StdoutLine: {'line': b'-- Up-to-date symlink: /ros2_ws/install/msgs_srvs/include/msgs_srvs/msgs_srvs/msg/detail/pwm_servo_state__struct.hpp\n'}
[22.479860] (msgs_srvs) StdoutLine: {'line': b'-- Up-to-date symlink: /ros2_ws/install/msgs_srvs/include/msgs_srvs/msgs_srvs/msg/detail/pwm_servo_state__traits.hpp\n'}
[22.479983] (msgs_srvs) StdoutLine: {'line': b'-- Up-to-date symlink: /ros2_ws/install/msgs_srvs/include/msgs_srvs/msgs_srvs/msg/detail/pwm_servo_state__type_support.hpp\n'}
[22.480101] (msgs_srvs) StdoutLine: {'line': b'-- Up-to-date symlink: /ros2_ws/install/msgs_srvs/include/msgs_srvs/msgs_srvs/msg/detail/pwm_servo_state_duration__builder.hpp\n'}
[22.480218] (msgs_srvs) StdoutLine: {'line': b'-- Up-to-date symlink: /ros2_ws/install/msgs_srvs/include/msgs_srvs/msgs_srvs/msg/detail/pwm_servo_state_duration__struct.hpp\n'}
[22.480336] (msgs_srvs) StdoutLine: {'line': b'-- Up-to-date symlink: /ros2_ws/install/msgs_srvs/include/msgs_srvs/msgs_srvs/msg/detail/pwm_servo_state_duration__traits.hpp\n'}
[22.480457] (msgs_srvs) StdoutLine: {'line': b'-- Up-to-date symlink: /ros2_ws/install/msgs_srvs/include/msgs_srvs/msgs_srvs/msg/detail/pwm_servo_state_duration__type_support.hpp\n'}
[22.480575] (msgs_srvs) StdoutLine: {'line': b'-- Up-to-date symlink: /ros2_ws/install/msgs_srvs/include/msgs_srvs/msgs_srvs/msg/detail/sbus__builder.hpp\n'}
[22.480693] (msgs_srvs) StdoutLine: {'line': b'-- Up-to-date symlink: /ros2_ws/install/msgs_srvs/include/msgs_srvs/msgs_srvs/msg/detail/sbus__struct.hpp\n'}
[22.480821] (msgs_srvs) StdoutLine: {'line': b'-- Up-to-date symlink: /ros2_ws/install/msgs_srvs/include/msgs_srvs/msgs_srvs/msg/detail/sbus__traits.hpp\n'}
[22.480945] (msgs_srvs) StdoutLine: {'line': b'-- Up-to-date symlink: /ros2_ws/install/msgs_srvs/include/msgs_srvs/msgs_srvs/msg/detail/sbus__type_support.hpp\n'}
[22.481060] (msgs_srvs) StdoutLine: {'line': b'-- Up-to-date symlink: /ros2_ws/install/msgs_srvs/include/msgs_srvs/msgs_srvs/msg/led_state.hpp\n'}
[22.481171] (msgs_srvs) StdoutLine: {'line': b'-- Up-to-date symlink: /ros2_ws/install/msgs_srvs/include/msgs_srvs/msgs_srvs/msg/motor_state.hpp\n'}
[22.481286] (msgs_srvs) StdoutLine: {'line': b'-- Up-to-date symlink: /ros2_ws/install/msgs_srvs/include/msgs_srvs/msgs_srvs/msg/motors_state.hpp\n'}
[22.481408] (msgs_srvs) StdoutLine: {'line': b'-- Up-to-date symlink: /ros2_ws/install/msgs_srvs/include/msgs_srvs/msgs_srvs/msg/pwm_servo_state.hpp\n'}
[22.481528] (msgs_srvs) StdoutLine: {'line': b'-- Up-to-date symlink: /ros2_ws/install/msgs_srvs/include/msgs_srvs/msgs_srvs/msg/pwm_servo_state_duration.hpp\n'}
[22.481659] (msgs_srvs) StdoutLine: {'line': b'-- Up-to-date symlink: /ros2_ws/install/msgs_srvs/include/msgs_srvs/msgs_srvs/msg/rosidl_generator_cpp__visibility_control.hpp\n'}
[22.481783] (msgs_srvs) StdoutLine: {'line': b'-- Up-to-date symlink: /ros2_ws/install/msgs_srvs/include/msgs_srvs/msgs_srvs/msg/sbus.hpp\n'}
[22.481910] (msgs_srvs) StdoutLine: {'line': b'-- Up-to-date symlink: /ros2_ws/install/msgs_srvs/include/msgs_srvs/msgs_srvs/srv/detail/pwm_servo_state__builder.hpp\n'}
[22.482143] (msgs_srvs) StdoutLine: {'line': b'-- Up-to-date symlink: /ros2_ws/install/msgs_srvs/include/msgs_srvs/msgs_srvs/srv/detail/pwm_servo_state__struct.hpp\n'}
[22.482709] (msgs_srvs) StdoutLine: {'line': b'-- Up-to-date symlink: /ros2_ws/install/msgs_srvs/include/msgs_srvs/msgs_srvs/srv/detail/pwm_servo_state__traits.hpp\n'}
[22.482829] (msgs_srvs) StdoutLine: {'line': b'-- Up-to-date symlink: /ros2_ws/install/msgs_srvs/include/msgs_srvs/msgs_srvs/srv/detail/pwm_servo_state__type_support.hpp\n'}
[22.482908] (msgs_srvs) StdoutLine: {'line': b'-- Up-to-date symlink: /ros2_ws/install/msgs_srvs/include/msgs_srvs/msgs_srvs/srv/pwm_servo_state.hpp\n'}
[22.483353] (msgs_srvs) StdoutLine: {'line': b'-- Up-to-date symlink: /ros2_ws/install/msgs_srvs/include/msgs_srvs/msgs_srvs/msg/detail/button_state__rosidl_typesupport_fastrtps_cpp.hpp\n'}
[22.483484] (msgs_srvs) StdoutLine: {'line': b'-- Up-to-date symlink: /ros2_ws/install/msgs_srvs/include/msgs_srvs/msgs_srvs/msg/detail/buzzer_state__rosidl_typesupport_fastrtps_cpp.hpp\n'}
[22.483761] (msgs_srvs) StdoutLine: {'line': b'-- Up-to-date symlink: /ros2_ws/install/msgs_srvs/include/msgs_srvs/msgs_srvs/msg/detail/led_state__rosidl_typesupport_fastrtps_cpp.hpp\n'}
[22.483865] (msgs_srvs) StdoutLine: {'line': b'-- Up-to-date symlink: /ros2_ws/install/msgs_srvs/include/msgs_srvs/msgs_srvs/msg/detail/motor_state__rosidl_typesupport_fastrtps_cpp.hpp\n'}
[22.483982] (msgs_srvs) StdoutLine: {'line': b'-- Up-to-date symlink: /ros2_ws/install/msgs_srvs/include/msgs_srvs/msgs_srvs/msg/detail/motors_state__rosidl_typesupport_fastrtps_cpp.hpp\n'}
[22.484052] (msgs_srvs) StdoutLine: {'line': b'-- Up-to-date symlink: /ros2_ws/install/msgs_srvs/include/msgs_srvs/msgs_srvs/msg/detail/pwm_servo_state__rosidl_typesupport_fastrtps_cpp.hpp\n'}
[22.484135] (msgs_srvs) StdoutLine: {'line': b'-- Up-to-date symlink: /ros2_ws/install/msgs_srvs/include/msgs_srvs/msgs_srvs/msg/detail/pwm_servo_state_duration__rosidl_typesupport_fastrtps_cpp.hpp\n'}
[22.484230] (msgs_srvs) StdoutLine: {'line': b'-- Up-to-date symlink: /ros2_ws/install/msgs_srvs/include/msgs_srvs/msgs_srvs/msg/detail/sbus__rosidl_typesupport_fastrtps_cpp.hpp\n'}
[22.484351] (msgs_srvs) StdoutLine: {'line': b'-- Up-to-date symlink: /ros2_ws/install/msgs_srvs/include/msgs_srvs/msgs_srvs/msg/rosidl_typesupport_fastrtps_cpp__visibility_control.h\n'}
[22.484482] (msgs_srvs) StdoutLine: {'line': b'-- Up-to-date symlink: /ros2_ws/install/msgs_srvs/include/msgs_srvs/msgs_srvs/srv/detail/pwm_servo_state__rosidl_typesupport_fastrtps_cpp.hpp\n'}
[22.485108] (msgs_srvs) StdoutLine: {'line': b'-- Up-to-date symlink: /ros2_ws/install/msgs_srvs/include/msgs_srvs/msgs_srvs/msg/detail/button_state__rosidl_typesupport_introspection_c.h\n'}
[22.485263] (msgs_srvs) StdoutLine: {'line': b'-- Up-to-date symlink: /ros2_ws/install/msgs_srvs/include/msgs_srvs/msgs_srvs/msg/detail/buzzer_state__rosidl_typesupport_introspection_c.h\n'}
[22.485386] (msgs_srvs) StdoutLine: {'line': b'-- Up-to-date symlink: /ros2_ws/install/msgs_srvs/include/msgs_srvs/msgs_srvs/msg/detail/led_state__rosidl_typesupport_introspection_c.h\n'}
[22.485502] (msgs_srvs) StdoutLine: {'line': b'-- Up-to-date symlink: /ros2_ws/install/msgs_srvs/include/msgs_srvs/msgs_srvs/msg/detail/motor_state__rosidl_typesupport_introspection_c.h\n'}
[22.485625] (msgs_srvs) StdoutLine: {'line': b'-- Up-to-date symlink: /ros2_ws/install/msgs_srvs/include/msgs_srvs/msgs_srvs/msg/detail/motors_state__rosidl_typesupport_introspection_c.h\n'}
[22.485755] (msgs_srvs) StdoutLine: {'line': b'-- Up-to-date symlink: /ros2_ws/install/msgs_srvs/include/msgs_srvs/msgs_srvs/msg/detail/pwm_servo_state__rosidl_typesupport_introspection_c.h\n'}
[22.485906] (msgs_srvs) StdoutLine: {'line': b'-- Up-to-date symlink: /ros2_ws/install/msgs_srvs/include/msgs_srvs/msgs_srvs/msg/detail/pwm_servo_state_duration__rosidl_typesupport_introspection_c.h\n'}
[22.486043] (msgs_srvs) StdoutLine: {'line': b'-- Up-to-date symlink: /ros2_ws/install/msgs_srvs/include/msgs_srvs/msgs_srvs/msg/detail/sbus__rosidl_typesupport_introspection_c.h\n'}
[22.486171] (msgs_srvs) StdoutLine: {'line': b'-- Up-to-date symlink: /ros2_ws/install/msgs_srvs/include/msgs_srvs/msgs_srvs/msg/rosidl_typesupport_introspection_c__visibility_control.h\n'}
[22.486290] (msgs_srvs) StdoutLine: {'line': b'-- Up-to-date symlink: /ros2_ws/install/msgs_srvs/include/msgs_srvs/msgs_srvs/srv/detail/pwm_servo_state__rosidl_typesupport_introspection_c.h\n'}
[22.486851] (msgs_srvs) StdoutLine: {'line': b'-- Up-to-date symlink: /ros2_ws/install/msgs_srvs/include/msgs_srvs/msgs_srvs/msg/detail/button_state__rosidl_typesupport_introspection_cpp.hpp\n'}
[22.487001] (msgs_srvs) StdoutLine: {'line': b'-- Up-to-date symlink: /ros2_ws/install/msgs_srvs/include/msgs_srvs/msgs_srvs/msg/detail/buzzer_state__rosidl_typesupport_introspection_cpp.hpp\n'}
[22.487120] (msgs_srvs) StdoutLine: {'line': b'-- Up-to-date symlink: /ros2_ws/install/msgs_srvs/include/msgs_srvs/msgs_srvs/msg/detail/led_state__rosidl_typesupport_introspection_cpp.hpp\n'}
[22.487251] (msgs_srvs) StdoutLine: {'line': b'-- Up-to-date symlink: /ros2_ws/install/msgs_srvs/include/msgs_srvs/msgs_srvs/msg/detail/motor_state__rosidl_typesupport_introspection_cpp.hpp\n'}
[22.487387] (msgs_srvs) StdoutLine: {'line': b'-- Up-to-date symlink: /ros2_ws/install/msgs_srvs/include/msgs_srvs/msgs_srvs/msg/detail/motors_state__rosidl_typesupport_introspection_cpp.hpp\n'}
[22.487501] (msgs_srvs) StdoutLine: {'line': b'-- Up-to-date symlink: /ros2_ws/install/msgs_srvs/include/msgs_srvs/msgs_srvs/msg/detail/pwm_servo_state__rosidl_typesupport_introspection_cpp.hpp\n'}
[22.487622] (msgs_srvs) StdoutLine: {'line': b'-- Up-to-date symlink: /ros2_ws/install/msgs_srvs/include/msgs_srvs/msgs_srvs/msg/detail/pwm_servo_state_duration__rosidl_typesupport_introspection_cpp.hpp\n'}
[22.487743] (msgs_srvs) StdoutLine: {'line': b'-- Up-to-date symlink: /ros2_ws/install/msgs_srvs/include/msgs_srvs/msgs_srvs/msg/detail/sbus__rosidl_typesupport_introspection_cpp.hpp\n'}
[22.487878] (msgs_srvs) StdoutLine: {'line': b'-- Up-to-date symlink: /ros2_ws/install/msgs_srvs/include/msgs_srvs/msgs_srvs/srv/detail/pwm_servo_state__rosidl_typesupport_introspection_cpp.hpp\n'}
[22.488087] (msgs_srvs) StdoutLine: {'line': b'-- Up-to-date symlink: /ros2_ws/install/msgs_srvs/share/msgs_srvs/environment/pythonpath.sh\n'}
[22.488254] (msgs_srvs) StdoutLine: {'line': b'-- Up-to-date symlink: /ros2_ws/install/msgs_srvs/share/msgs_srvs/environment/pythonpath.dsv\n'}
[22.488602] (msgs_srvs) StdoutLine: {'line': b'-- Up-to-date symlink: /ros2_ws/install/msgs_srvs/local/lib/python3.10/dist-packages/msgs_srvs-0.0.0-py3.10.egg-info/PKG-INFO\n'}
[22.488722] (msgs_srvs) StdoutLine: {'line': b'-- Up-to-date symlink: /ros2_ws/install/msgs_srvs/local/lib/python3.10/dist-packages/msgs_srvs-0.0.0-py3.10.egg-info/SOURCES.txt\n'}
[22.488862] (msgs_srvs) StdoutLine: {'line': b'-- Up-to-date symlink: /ros2_ws/install/msgs_srvs/local/lib/python3.10/dist-packages/msgs_srvs-0.0.0-py3.10.egg-info/dependency_links.txt\n'}
[22.488987] (msgs_srvs) StdoutLine: {'line': b'-- Up-to-date symlink: /ros2_ws/install/msgs_srvs/local/lib/python3.10/dist-packages/msgs_srvs-0.0.0-py3.10.egg-info/top_level.txt\n'}
[22.490009] (msgs_srvs) StdoutLine: {'line': b'-- Up-to-date symlink: /ros2_ws/install/msgs_srvs/local/lib/python3.10/dist-packages/msgs_srvs/__init__.py\n'}
[22.490182] (msgs_srvs) StdoutLine: {'line': b'-- Up-to-date symlink: /ros2_ws/install/msgs_srvs/local/lib/python3.10/dist-packages/msgs_srvs/_msgs_srvs_s.ep.rosidl_typesupport_c.c\n'}
[22.490291] (msgs_srvs) StdoutLine: {'line': b'-- Up-to-date symlink: /ros2_ws/install/msgs_srvs/local/lib/python3.10/dist-packages/msgs_srvs/_msgs_srvs_s.ep.rosidl_typesupport_fastrtps_c.c\n'}
[22.490437] (msgs_srvs) StdoutLine: {'line': b'-- Up-to-date symlink: /ros2_ws/install/msgs_srvs/local/lib/python3.10/dist-packages/msgs_srvs/_msgs_srvs_s.ep.rosidl_typesupport_introspection_c.c\n'}
[22.490508] (msgs_srvs) StdoutLine: {'line': b'-- Up-to-date symlink: /ros2_ws/install/msgs_srvs/local/lib/python3.10/dist-packages/msgs_srvs/libmsgs_srvs__rosidl_generator_py.so\n'}
[22.490589] (msgs_srvs) StdoutLine: {'line': b'-- Up-to-date symlink: /ros2_ws/install/msgs_srvs/local/lib/python3.10/dist-packages/msgs_srvs/msg/__init__.py\n'}
[22.490678] (msgs_srvs) StdoutLine: {'line': b'-- Up-to-date symlink: /ros2_ws/install/msgs_srvs/local/lib/python3.10/dist-packages/msgs_srvs/msg/_button_state.py\n'}
[22.490764] (msgs_srvs) StdoutLine: {'line': b'-- Up-to-date symlink: /ros2_ws/install/msgs_srvs/local/lib/python3.10/dist-packages/msgs_srvs/msg/_button_state_s.c\n'}
[22.490892] (msgs_srvs) StdoutLine: {'line': b'-- Up-to-date symlink: /ros2_ws/install/msgs_srvs/local/lib/python3.10/dist-packages/msgs_srvs/msg/_buzzer_state.py\n'}
[22.491005] (msgs_srvs) StdoutLine: {'line': b'-- Up-to-date symlink: /ros2_ws/install/msgs_srvs/local/lib/python3.10/dist-packages/msgs_srvs/msg/_buzzer_state_s.c\n'}
[22.491117] (msgs_srvs) StdoutLine: {'line': b'-- Up-to-date symlink: /ros2_ws/install/msgs_srvs/local/lib/python3.10/dist-packages/msgs_srvs/msg/_led_state.py\n'}
[22.491231] (msgs_srvs) StdoutLine: {'line': b'-- Up-to-date symlink: /ros2_ws/install/msgs_srvs/local/lib/python3.10/dist-packages/msgs_srvs/msg/_led_state_s.c\n'}
[22.491348] (msgs_srvs) StdoutLine: {'line': b'-- Up-to-date symlink: /ros2_ws/install/msgs_srvs/local/lib/python3.10/dist-packages/msgs_srvs/msg/_motor_state.py\n'}
[22.491460] (msgs_srvs) StdoutLine: {'line': b'-- Up-to-date symlink: /ros2_ws/install/msgs_srvs/local/lib/python3.10/dist-packages/msgs_srvs/msg/_motor_state_s.c\n'}
[22.491571] (msgs_srvs) StdoutLine: {'line': b'-- Up-to-date symlink: /ros2_ws/install/msgs_srvs/local/lib/python3.10/dist-packages/msgs_srvs/msg/_motors_state.py\n'}
[22.491682] (msgs_srvs) StdoutLine: {'line': b'-- Up-to-date symlink: /ros2_ws/install/msgs_srvs/local/lib/python3.10/dist-packages/msgs_srvs/msg/_motors_state_s.c\n'}
[22.491801] (msgs_srvs) StdoutLine: {'line': b'-- Up-to-date symlink: /ros2_ws/install/msgs_srvs/local/lib/python3.10/dist-packages/msgs_srvs/msg/_pwm_servo_state.py\n'}
[22.491922] (msgs_srvs) StdoutLine: {'line': b'-- Up-to-date symlink: /ros2_ws/install/msgs_srvs/local/lib/python3.10/dist-packages/msgs_srvs/msg/_pwm_servo_state_duration.py\n'}
[22.492037] (msgs_srvs) StdoutLine: {'line': b'-- Up-to-date symlink: /ros2_ws/install/msgs_srvs/local/lib/python3.10/dist-packages/msgs_srvs/msg/_pwm_servo_state_duration_s.c\n'}
[22.492172] (msgs_srvs) StdoutLine: {'line': b'-- Up-to-date symlink: /ros2_ws/install/msgs_srvs/local/lib/python3.10/dist-packages/msgs_srvs/msg/_pwm_servo_state_s.c\n'}
[22.492283] (msgs_srvs) StdoutLine: {'line': b'-- Up-to-date symlink: /ros2_ws/install/msgs_srvs/local/lib/python3.10/dist-packages/msgs_srvs/msg/_sbus.py\n'}
[22.492395] (msgs_srvs) StdoutLine: {'line': b'-- Up-to-date symlink: /ros2_ws/install/msgs_srvs/local/lib/python3.10/dist-packages/msgs_srvs/msg/_sbus_s.c\n'}
[22.492717] (msgs_srvs) StdoutLine: {'line': b'-- Up-to-date symlink: /ros2_ws/install/msgs_srvs/local/lib/python3.10/dist-packages/msgs_srvs/msgs_srvs_s__rosidl_typesupport_c.cpython-310-aarch64-linux-gnu.so\n'}
[22.492838] (msgs_srvs) StdoutLine: {'line': b'-- Up-to-date symlink: /ros2_ws/install/msgs_srvs/local/lib/python3.10/dist-packages/msgs_srvs/msgs_srvs_s__rosidl_typesupport_fastrtps_c.cpython-310-aarch64-linux-gnu.so\n'}
[22.492958] (msgs_srvs) StdoutLine: {'line': b'-- Up-to-date symlink: /ros2_ws/install/msgs_srvs/local/lib/python3.10/dist-packages/msgs_srvs/msgs_srvs_s__rosidl_typesupport_introspection_c.cpython-310-aarch64-linux-gnu.so\n'}
[22.493077] (msgs_srvs) StdoutLine: {'line': b'-- Up-to-date symlink: /ros2_ws/install/msgs_srvs/local/lib/python3.10/dist-packages/msgs_srvs/srv/__init__.py\n'}
[22.493206] (msgs_srvs) StdoutLine: {'line': b'-- Up-to-date symlink: /ros2_ws/install/msgs_srvs/local/lib/python3.10/dist-packages/msgs_srvs/srv/_pwm_servo_state.py\n'}
[22.493328] (msgs_srvs) StdoutLine: {'line': b'-- Up-to-date symlink: /ros2_ws/install/msgs_srvs/local/lib/python3.10/dist-packages/msgs_srvs/srv/_pwm_servo_state_s.c\n'}
[22.493684] (msgs_srvs) StdoutLine: {'line': b'-- Up-to-date symlink: /ros2_ws/install/msgs_srvs/local/lib/python3.10/dist-packages/msgs_srvs/msgs_srvs_s__rosidl_typesupport_fastrtps_c.cpython-310-aarch64-linux-gnu.so\n'}
[22.493974] (msgs_srvs) StdoutLine: {'line': b'-- Up-to-date symlink: /ros2_ws/install/msgs_srvs/local/lib/python3.10/dist-packages/msgs_srvs/msgs_srvs_s__rosidl_typesupport_introspection_c.cpython-310-aarch64-linux-gnu.so\n'}
[22.494240] (msgs_srvs) StdoutLine: {'line': b'-- Up-to-date symlink: /ros2_ws/install/msgs_srvs/local/lib/python3.10/dist-packages/msgs_srvs/msgs_srvs_s__rosidl_typesupport_c.cpython-310-aarch64-linux-gnu.so\n'}
[22.494434] (msgs_srvs) StdoutLine: {'line': b'-- Up-to-date symlink: /ros2_ws/install/msgs_srvs/share/msgs_srvs/msg/ButtonState.idl\n'}
[22.494587] (msgs_srvs) StdoutLine: {'line': b'-- Up-to-date symlink: /ros2_ws/install/msgs_srvs/share/msgs_srvs/msg/BuzzerState.idl\n'}
[22.494746] (msgs_srvs) StdoutLine: {'line': b'-- Up-to-date symlink: /ros2_ws/install/msgs_srvs/share/msgs_srvs/msg/LedState.idl\n'}
[22.494923] (msgs_srvs) StdoutLine: {'line': b'-- Up-to-date symlink: /ros2_ws/install/msgs_srvs/share/msgs_srvs/msg/MotorsState.idl\n'}
[22.495092] (msgs_srvs) StdoutLine: {'line': b'-- Up-to-date symlink: /ros2_ws/install/msgs_srvs/share/msgs_srvs/msg/MotorState.idl\n'}
[22.495247] (msgs_srvs) StdoutLine: {'line': b'-- Up-to-date symlink: /ros2_ws/install/msgs_srvs/share/msgs_srvs/msg/PWMServoState.idl\n'}
[22.495407] (msgs_srvs) StdoutLine: {'line': b'-- Up-to-date symlink: /ros2_ws/install/msgs_srvs/share/msgs_srvs/msg/PWMServoStateDuration.idl\n'}
[22.495564] (msgs_srvs) StdoutLine: {'line': b'-- Up-to-date symlink: /ros2_ws/install/msgs_srvs/share/msgs_srvs/msg/Sbus.idl\n'}
[22.495719] (msgs_srvs) StdoutLine: {'line': b'-- Up-to-date symlink: /ros2_ws/install/msgs_srvs/share/msgs_srvs/srv/PWMServoState.idl\n'}
[22.495880] (msgs_srvs) StdoutLine: {'line': b'-- Up-to-date symlink: /ros2_ws/install/msgs_srvs/share/msgs_srvs/msg/ButtonState.msg\n'}
[22.496025] (msgs_srvs) StdoutLine: {'line': b'-- Up-to-date symlink: /ros2_ws/install/msgs_srvs/share/msgs_srvs/msg/BuzzerState.msg\n'}
[22.496170] (msgs_srvs) StdoutLine: {'line': b'-- Up-to-date symlink: /ros2_ws/install/msgs_srvs/share/msgs_srvs/msg/LedState.msg\n'}
[22.496313] (msgs_srvs) StdoutLine: {'line': b'-- Up-to-date symlink: /ros2_ws/install/msgs_srvs/share/msgs_srvs/msg/MotorsState.msg\n'}
[22.496458] (msgs_srvs) StdoutLine: {'line': b'-- Up-to-date symlink: /ros2_ws/install/msgs_srvs/share/msgs_srvs/msg/MotorState.msg\n'}
[22.496601] (msgs_srvs) StdoutLine: {'line': b'-- Up-to-date symlink: /ros2_ws/install/msgs_srvs/share/msgs_srvs/msg/PWMServoState.msg\n'}
[22.496744] (msgs_srvs) StdoutLine: {'line': b'-- Up-to-date symlink: /ros2_ws/install/msgs_srvs/share/msgs_srvs/msg/PWMServoStateDuration.msg\n'}
[22.496899] (msgs_srvs) StdoutLine: {'line': b'-- Up-to-date symlink: /ros2_ws/install/msgs_srvs/share/msgs_srvs/msg/Sbus.msg\n'}
[22.497045] (msgs_srvs) StdoutLine: {'line': b'-- Up-to-date symlink: /ros2_ws/install/msgs_srvs/share/msgs_srvs/srv/PWMServoState.srv\n'}
[22.497199] (msgs_srvs) StdoutLine: {'line': b'-- Up-to-date symlink: /ros2_ws/install/msgs_srvs/share/msgs_srvs/srv/PWMServoState_Request.msg\n'}
[22.497349] (msgs_srvs) StdoutLine: {'line': b'-- Up-to-date symlink: /ros2_ws/install/msgs_srvs/share/msgs_srvs/srv/PWMServoState_Response.msg\n'}
[22.497522] (msgs_srvs) StdoutLine: {'line': b'-- Up-to-date symlink: /ros2_ws/install/msgs_srvs/share/ament_index/resource_index/package_run_dependencies/msgs_srvs\n'}
[22.497686] (msgs_srvs) StdoutLine: {'line': b'-- Up-to-date symlink: /ros2_ws/install/msgs_srvs/share/ament_index/resource_index/parent_prefix_path/msgs_srvs\n'}
[22.497872] (msgs_srvs) StdoutLine: {'line': b'-- Up-to-date symlink: /ros2_ws/install/msgs_srvs/share/msgs_srvs/environment/ament_prefix_path.sh\n'}
[22.498028] (msgs_srvs) StdoutLine: {'line': b'-- Up-to-date symlink: /ros2_ws/install/msgs_srvs/share/msgs_srvs/environment/ament_prefix_path.dsv\n'}
[22.498197] (msgs_srvs) StdoutLine: {'line': b'-- Up-to-date symlink: /ros2_ws/install/msgs_srvs/share/msgs_srvs/environment/path.sh\n'}
[22.498349] (msgs_srvs) StdoutLine: {'line': b'-- Up-to-date symlink: /ros2_ws/install/msgs_srvs/share/msgs_srvs/environment/path.dsv\n'}
[22.498512] (msgs_srvs) StdoutLine: {'line': b'-- Up-to-date symlink: /ros2_ws/install/msgs_srvs/share/msgs_srvs/local_setup.bash\n'}
[22.498647] (msgs_srvs) StdoutLine: {'line': b'-- Up-to-date symlink: /ros2_ws/install/msgs_srvs/share/msgs_srvs/local_setup.sh\n'}
[22.498803] (msgs_srvs) StdoutLine: {'line': b'-- Up-to-date symlink: /ros2_ws/install/msgs_srvs/share/msgs_srvs/local_setup.zsh\n'}
[22.498952] (msgs_srvs) StdoutLine: {'line': b'-- Up-to-date symlink: /ros2_ws/install/msgs_srvs/share/msgs_srvs/local_setup.dsv\n'}
[22.499074] (msgs_srvs) StdoutLine: {'line': b'-- Symlinking: /ros2_ws/install/msgs_srvs/share/msgs_srvs/package.dsv\n'}
[22.509109] (-) TimerEvent: {}
[22.515728] (msgs_srvs) StdoutLine: {'line': b'-- Up-to-date symlink: /ros2_ws/install/msgs_srvs/share/ament_index/resource_index/packages/msgs_srvs\n'}
[22.516044] (msgs_srvs) StdoutLine: {'line': b'-- Up-to-date symlink: /ros2_ws/install/msgs_srvs/share/msgs_srvs/cmake/rosidl_cmake-extras.cmake\n'}
[22.516231] (msgs_srvs) StdoutLine: {'line': b'-- Up-to-date symlink: /ros2_ws/install/msgs_srvs/share/msgs_srvs/cmake/ament_cmake_export_dependencies-extras.cmake\n'}
[22.516342] (msgs_srvs) StdoutLine: {'line': b'-- Up-to-date symlink: /ros2_ws/install/msgs_srvs/share/msgs_srvs/cmake/ament_cmake_export_include_directories-extras.cmake\n'}
[22.516509] (msgs_srvs) StdoutLine: {'line': b'-- Up-to-date symlink: /ros2_ws/install/msgs_srvs/share/msgs_srvs/cmake/ament_cmake_export_libraries-extras.cmake\n'}
[22.516671] (msgs_srvs) StdoutLine: {'line': b'-- Up-to-date symlink: /ros2_ws/install/msgs_srvs/share/msgs_srvs/cmake/ament_cmake_export_targets-extras.cmake\n'}
[22.516855] (msgs_srvs) StdoutLine: {'line': b'-- Up-to-date symlink: /ros2_ws/install/msgs_srvs/share/msgs_srvs/cmake/rosidl_cmake_export_typesupport_targets-extras.cmake\n'}
[22.517044] (msgs_srvs) StdoutLine: {'line': b'-- Up-to-date symlink: /ros2_ws/install/msgs_srvs/share/msgs_srvs/cmake/rosidl_cmake_export_typesupport_libraries-extras.cmake\n'}
[22.517211] (msgs_srvs) StdoutLine: {'line': b'-- Up-to-date symlink: /ros2_ws/install/msgs_srvs/share/msgs_srvs/cmake/msgs_srvsConfig.cmake\n'}
[22.517334] (msgs_srvs) StdoutLine: {'line': b'-- Up-to-date symlink: /ros2_ws/install/msgs_srvs/share/msgs_srvs/cmake/msgs_srvsConfig-version.cmake\n'}
[22.517505] (msgs_srvs) StdoutLine: {'line': b'-- Up-to-date symlink: /ros2_ws/install/msgs_srvs/share/msgs_srvs/package.xml\n'}
[22.517875] (msgs_srvs) StdoutLine: {'line': b'-- Installing: /ros2_ws/install/msgs_srvs/lib/libmsgs_srvs__rosidl_generator_c.so\n'}
[22.518504] (msgs_srvs) StdoutLine: {'line': b'-- Set runtime path of "/ros2_ws/install/msgs_srvs/lib/libmsgs_srvs__rosidl_generator_c.so" to ""\n'}
[22.518747] (msgs_srvs) StdoutLine: {'line': b'-- Installing: /ros2_ws/install/msgs_srvs/lib/libmsgs_srvs__rosidl_typesupport_fastrtps_c.so\n'}
[22.519338] (msgs_srvs) StdoutLine: {'line': b'-- Set runtime path of "/ros2_ws/install/msgs_srvs/lib/libmsgs_srvs__rosidl_typesupport_fastrtps_c.so" to ""\n'}
[22.520083] (msgs_srvs) StdoutLine: {'line': b'-- Installing: /ros2_ws/install/msgs_srvs/lib/libmsgs_srvs__rosidl_typesupport_fastrtps_cpp.so\n'}
[22.520422] (msgs_srvs) StdoutLine: {'line': b'-- Set runtime path of "/ros2_ws/install/msgs_srvs/lib/libmsgs_srvs__rosidl_typesupport_fastrtps_cpp.so" to ""\n'}
[22.520635] (msgs_srvs) StdoutLine: {'line': b'-- Installing: /ros2_ws/install/msgs_srvs/lib/libmsgs_srvs__rosidl_typesupport_introspection_c.so\n'}
[22.521162] (msgs_srvs) StdoutLine: {'line': b'-- Set runtime path of "/ros2_ws/install/msgs_srvs/lib/libmsgs_srvs__rosidl_typesupport_introspection_c.so" to ""\n'}
[22.521360] (msgs_srvs) StdoutLine: {'line': b'-- Installing: /ros2_ws/install/msgs_srvs/lib/libmsgs_srvs__rosidl_typesupport_c.so\n'}
[22.521820] (msgs_srvs) StdoutLine: {'line': b'-- Set runtime path of "/ros2_ws/install/msgs_srvs/lib/libmsgs_srvs__rosidl_typesupport_c.so" to ""\n'}
[22.522041] (msgs_srvs) StdoutLine: {'line': b'-- Installing: /ros2_ws/install/msgs_srvs/lib/libmsgs_srvs__rosidl_typesupport_introspection_cpp.so\n'}
[22.522791] (msgs_srvs) StdoutLine: {'line': b'-- Set runtime path of "/ros2_ws/install/msgs_srvs/lib/libmsgs_srvs__rosidl_typesupport_introspection_cpp.so" to ""\n'}
[22.522985] (msgs_srvs) StdoutLine: {'line': b'-- Installing: /ros2_ws/install/msgs_srvs/lib/libmsgs_srvs__rosidl_typesupport_cpp.so\n'}
[22.523521] (msgs_srvs) StdoutLine: {'line': b'-- Set runtime path of "/ros2_ws/install/msgs_srvs/lib/libmsgs_srvs__rosidl_typesupport_cpp.so" to ""\n'}
[22.609232] (-) TimerEvent: {}
[22.612173] (msgs_srvs) StdoutLine: {'line': b"Listing '/ros2_ws/install/msgs_srvs/local/lib/python3.10/dist-packages/msgs_srvs'...\n"}
[22.612560] (msgs_srvs) StdoutLine: {'line': b"Compiling '/ros2_ws/install/msgs_srvs/local/lib/python3.10/dist-packages/msgs_srvs/__init__.py'...\n"}
[22.612693] (msgs_srvs) StdoutLine: {'line': b"Listing '/ros2_ws/install/msgs_srvs/local/lib/python3.10/dist-packages/msgs_srvs/msg'...\n"}
[22.612807] (msgs_srvs) StdoutLine: {'line': b"Compiling '/ros2_ws/install/msgs_srvs/local/lib/python3.10/dist-packages/msgs_srvs/msg/__init__.py'...\n"}
[22.612938] (msgs_srvs) StdoutLine: {'line': b"Compiling '/ros2_ws/install/msgs_srvs/local/lib/python3.10/dist-packages/msgs_srvs/msg/_button_state.py'...\n"}
[22.613028] (msgs_srvs) StdoutLine: {'line': b"Compiling '/ros2_ws/install/msgs_srvs/local/lib/python3.10/dist-packages/msgs_srvs/msg/_buzzer_state.py'...\n"}
[22.613102] (msgs_srvs) StdoutLine: {'line': b"Compiling '/ros2_ws/install/msgs_srvs/local/lib/python3.10/dist-packages/msgs_srvs/msg/_led_state.py'...\n"}
[22.613185] (msgs_srvs) StdoutLine: {'line': b"Compiling '/ros2_ws/install/msgs_srvs/local/lib/python3.10/dist-packages/msgs_srvs/msg/_motor_state.py'...\n"}
[22.613274] (msgs_srvs) StdoutLine: {'line': b"Compiling '/ros2_ws/install/msgs_srvs/local/lib/python3.10/dist-packages/msgs_srvs/msg/_motors_state.py'...\n"}
[22.613353] (msgs_srvs) StdoutLine: {'line': b"Compiling '/ros2_ws/install/msgs_srvs/local/lib/python3.10/dist-packages/msgs_srvs/msg/_pwm_servo_state.py'...\n"}
[22.613437] (msgs_srvs) StdoutLine: {'line': b"Compiling '/ros2_ws/install/msgs_srvs/local/lib/python3.10/dist-packages/msgs_srvs/msg/_pwm_servo_state_duration.py'...\n"}
[22.613518] (msgs_srvs) StdoutLine: {'line': b"Compiling '/ros2_ws/install/msgs_srvs/local/lib/python3.10/dist-packages/msgs_srvs/msg/_sbus.py'...\n"}
[22.613631] (msgs_srvs) StdoutLine: {'line': b"Listing '/ros2_ws/install/msgs_srvs/local/lib/python3.10/dist-packages/msgs_srvs/srv'...\n"}
[22.613716] (msgs_srvs) StdoutLine: {'line': b"Compiling '/ros2_ws/install/msgs_srvs/local/lib/python3.10/dist-packages/msgs_srvs/srv/__init__.py'...\n"}
[22.613830] (msgs_srvs) StdoutLine: {'line': b"Compiling '/ros2_ws/install/msgs_srvs/local/lib/python3.10/dist-packages/msgs_srvs/srv/_pwm_servo_state.py'...\n"}
[22.623832] (msgs_srvs) StdoutLine: {'line': b'-- Installing: /ros2_ws/install/msgs_srvs/lib/libmsgs_srvs__rosidl_generator_py.so\n'}
[22.624428] (msgs_srvs) StdoutLine: {'line': b'-- Set runtime path of "/ros2_ws/install/msgs_srvs/lib/libmsgs_srvs__rosidl_generator_py.so" to ""\n'}
[22.624567] (msgs_srvs) StdoutLine: {'line': b'-- Up-to-date: /ros2_ws/install/msgs_srvs/share/msgs_srvs/cmake/export_msgs_srvs__rosidl_generator_cExport.cmake\n'}
[22.624660] (msgs_srvs) StdoutLine: {'line': b'-- Up-to-date: /ros2_ws/install/msgs_srvs/share/msgs_srvs/cmake/export_msgs_srvs__rosidl_generator_cExport-noconfig.cmake\n'}
[22.624745] (msgs_srvs) StdoutLine: {'line': b'-- Up-to-date: /ros2_ws/install/msgs_srvs/share/msgs_srvs/cmake/export_msgs_srvs__rosidl_typesupport_fastrtps_cExport.cmake\n'}
[22.624850] (msgs_srvs) StdoutLine: {'line': b'-- Up-to-date: /ros2_ws/install/msgs_srvs/share/msgs_srvs/cmake/export_msgs_srvs__rosidl_typesupport_fastrtps_cExport-noconfig.cmake\n'}
[22.624942] (msgs_srvs) StdoutLine: {'line': b'-- Up-to-date: /ros2_ws/install/msgs_srvs/share/msgs_srvs/cmake/export_msgs_srvs__rosidl_generator_cppExport.cmake\n'}
[22.625051] (msgs_srvs) StdoutLine: {'line': b'-- Up-to-date: /ros2_ws/install/msgs_srvs/share/msgs_srvs/cmake/export_msgs_srvs__rosidl_typesupport_fastrtps_cppExport.cmake\n'}
[22.625145] (msgs_srvs) StdoutLine: {'line': b'-- Up-to-date: /ros2_ws/install/msgs_srvs/share/msgs_srvs/cmake/export_msgs_srvs__rosidl_typesupport_fastrtps_cppExport-noconfig.cmake\n'}
[22.625247] (msgs_srvs) StdoutLine: {'line': b'-- Up-to-date: /ros2_ws/install/msgs_srvs/share/msgs_srvs/cmake/msgs_srvs__rosidl_typesupport_introspection_cExport.cmake\n'}
[22.625310] (msgs_srvs) StdoutLine: {'line': b'-- Up-to-date: /ros2_ws/install/msgs_srvs/share/msgs_srvs/cmake/msgs_srvs__rosidl_typesupport_introspection_cExport-noconfig.cmake\n'}
[22.625408] (msgs_srvs) StdoutLine: {'line': b'-- Up-to-date: /ros2_ws/install/msgs_srvs/share/msgs_srvs/cmake/msgs_srvs__rosidl_typesupport_cExport.cmake\n'}
[22.625487] (msgs_srvs) StdoutLine: {'line': b'-- Up-to-date: /ros2_ws/install/msgs_srvs/share/msgs_srvs/cmake/msgs_srvs__rosidl_typesupport_cExport-noconfig.cmake\n'}
[22.625555] (msgs_srvs) StdoutLine: {'line': b'-- Up-to-date: /ros2_ws/install/msgs_srvs/share/msgs_srvs/cmake/msgs_srvs__rosidl_typesupport_introspection_cppExport.cmake\n'}
[22.625662] (msgs_srvs) StdoutLine: {'line': b'-- Up-to-date: /ros2_ws/install/msgs_srvs/share/msgs_srvs/cmake/msgs_srvs__rosidl_typesupport_introspection_cppExport-noconfig.cmake\n'}
[22.625726] (msgs_srvs) StdoutLine: {'line': b'-- Up-to-date: /ros2_ws/install/msgs_srvs/share/msgs_srvs/cmake/msgs_srvs__rosidl_typesupport_cppExport.cmake\n'}
[22.625823] (msgs_srvs) StdoutLine: {'line': b'-- Up-to-date: /ros2_ws/install/msgs_srvs/share/msgs_srvs/cmake/msgs_srvs__rosidl_typesupport_cppExport-noconfig.cmake\n'}
[22.625892] (msgs_srvs) StdoutLine: {'line': b'-- Up-to-date: /ros2_ws/install/msgs_srvs/share/msgs_srvs/cmake/export_msgs_srvs__rosidl_generator_pyExport.cmake\n'}
[22.625950] (msgs_srvs) StdoutLine: {'line': b'-- Up-to-date: /ros2_ws/install/msgs_srvs/share/msgs_srvs/cmake/export_msgs_srvs__rosidl_generator_pyExport-noconfig.cmake\n'}
[22.629168] (msgs_srvs) CommandEnded: {'returncode': 0}
[22.679918] (msgs_srvs) JobEnded: {'identifier': 'msgs_srvs', 'rc': 0}
[22.681082] (-) EventReactorShutdown: {}
