[0.000000] (-) TimerEvent: {}
[0.000379] (driver) JobQueued: {'identifier': 'driver', 'dependencies': OrderedDict()}
[0.000420] (msgs_srvs) JobQueued: {'identifier': 'msgs_srvs', 'dependencies': OrderedDict()}
[0.000443] (oradar_lidar) JobQueued: {'identifier': 'oradar_lidar', 'dependencies': OrderedDict()}
[0.000464] (peripherals) JobQueued: {'identifier': 'peripherals', 'dependencies': OrderedDict()}
[0.000800] (driver) JobStarted: {'identifier': 'driver'}
[0.028199] (msgs_srvs) JobStarted: {'identifier': 'msgs_srvs'}
[0.033248] (oradar_lidar) JobStarted: {'identifier': 'oradar_lidar'}
[0.039436] (peripherals) JobStarted: {'identifier': 'peripherals'}
[0.099780] (-) TimerEvent: {}
[0.200312] (-) TimerEvent: {}
[0.300704] (-) TimerEvent: {}
[0.401070] (-) TimerEvent: {}
[0.501446] (-) TimerEvent: {}
[0.576452] (msgs_srvs) JobProgress: {'identifier': 'msgs_srvs', 'progress': 'cmake'}
[0.577241] (msgs_srvs) Command: {'cmd': ['/usr/bin/cmake', '/ros2_ws/src/msgs_srvs', '-DAMENT_CMAKE_SYMLINK_INSTALL=1', '-DCMAKE_INSTALL_PREFIX=/ros2_ws/src/install/msgs_srvs'], 'cwd': '/ros2_ws/src/build/msgs_srvs', 'env': OrderedDict([('VNCDESKTOP', 'TurboVNC: tarzan-desktop:1 ()'), ('LESSOPEN', '| /usr/bin/lesspipe %s'), ('HOSTNAME', 'tarzan-desktop'), ('SSH_AGENT_PID', '183'), ('SHLVL', '2'), ('LD_LIBRARY_PATH', '/opt/ros/humble/opt/rviz_ogre_vendor/lib:/opt/ros/humble/lib/aarch64-linux-gnu:/opt/ros/humble/lib'), ('HOME', '/root'), ('OLDPWD', '/ros2_ws'), ('DESKTOP_SESSION', 'xfce'), ('PANEL_GDK_CORE_DEVICE_EVENTS', '0'), ('ROS_PYTHON_VERSION', '3'), ('DBUS_SESSION_BUS_ADDRESS', 'unix:abstract=/tmp/dbus-4CJIhrXuxg,guid=f501d653e06661677ef966f767c66fec'), ('COLORTERM', 'truecolor'), ('ROS_DISTRO', 'humble'), ('VGL_PROBEGLX', '0'), ('WINDOWID', '41943043'), ('FONT_ENCODINGS_DIRECTORY', '/usr/share/fonts/X11/encodings'), ('_', '/usr/bin/colcon'), ('ROS_VERSION', '2'), ('TERM', 'xterm-256color'), ('ROS_LOCALHOST_ONLY', '0'), ('PATH', '/opt/ros/humble/bin:/usr/local/sbin:/usr/local/bin:/usr/sbin:/usr/bin:/sbin:/bin'), ('SESSION_MANAGER', 'local/tarzan-desktop:@/tmp/.ICE-unix/133,unix/tarzan-desktop:/tmp/.ICE-unix/133'), ('XDG_MENU_PREFIX', 'xfce-'), ('VGL_COMPRESS', '0'), ('DISPLAY', ':1.0'), ('LANG', 'en_US.UTF-8'), ('XDG_CURRENT_DESKTOP', 'XFCE'), ('LS_COLORS', 'rs=0:di=01;34:ln=01;36:mh=00:pi=40;33:so=01;35:do=01;35:bd=40;33;01:cd=40;33;01:or=40;31;01:mi=00:su=37;41:sg=30;43:ca=30;41:tw=30;42:ow=34;42:st=37;44:ex=01;32:*.tar=01;31:*.tgz=01;31:*.arc=01;31:*.arj=01;31:*.taz=01;31:*.lha=01;31:*.lz4=01;31:*.lzh=01;31:*.lzma=01;31:*.tlz=01;31:*.txz=01;31:*.tzo=01;31:*.t7z=01;31:*.zip=01;31:*.z=01;31:*.dz=01;31:*.gz=01;31:*.lrz=01;31:*.lz=01;31:*.lzo=01;31:*.xz=01;31:*.zst=01;31:*.tzst=01;31:*.bz2=01;31:*.bz=01;31:*.tbz=01;31:*.tbz2=01;31:*.tz=01;31:*.deb=01;31:*.rpm=01;31:*.jar=01;31:*.war=01;31:*.ear=01;31:*.sar=01;31:*.rar=01;31:*.alz=01;31:*.ace=01;31:*.zoo=01;31:*.cpio=01;31:*.7z=01;31:*.rz=01;31:*.cab=01;31:*.wim=01;31:*.swm=01;31:*.dwm=01;31:*.esd=01;31:*.jpg=01;35:*.jpeg=01;35:*.mjpg=01;35:*.mjpeg=01;35:*.gif=01;35:*.bmp=01;35:*.pbm=01;35:*.pgm=01;35:*.ppm=01;35:*.tga=01;35:*.xbm=01;35:*.xpm=01;35:*.tif=01;35:*.tiff=01;35:*.png=01;35:*.svg=01;35:*.svgz=01;35:*.mng=01;35:*.pcx=01;35:*.mov=01;35:*.mpg=01;35:*.mpeg=01;35:*.m2v=01;35:*.mkv=01;35:*.webm=01;35:*.webp=01;35:*.ogm=01;35:*.mp4=01;35:*.m4v=01;35:*.mp4v=01;35:*.vob=01;35:*.qt=01;35:*.nuv=01;35:*.wmv=01;35:*.asf=01;35:*.rm=01;35:*.rmvb=01;35:*.flc=01;35:*.avi=01;35:*.fli=01;35:*.flv=01;35:*.gl=01;35:*.dl=01;35:*.xcf=01;35:*.xwd=01;35:*.yuv=01;35:*.cgm=01;35:*.emf=01;35:*.ogv=01;35:*.ogx=01;35:*.aac=00;36:*.au=00;36:*.flac=00;36:*.m4a=00;36:*.mid=00;36:*.midi=00;36:*.mka=00;36:*.mp3=00;36:*.mpc=00;36:*.ogg=00;36:*.ra=00;36:*.wav=00;36:*.oga=00;36:*.opus=00;36:*.spx=00;36:*.xspf=00;36:'), ('SSH_AUTH_SOCK', '/ssh-agent'), ('AMENT_PREFIX_PATH', '/opt/ros/humble'), ('DEBIAN_FRONTEND', 'noninteractive'), ('LESSCLOSE', '/usr/bin/lesspipe %s %s'), ('PWD', '/ros2_ws/src/build/msgs_srvs'), ('XDG_CONFIG_DIRS', '/etc/xdg'), ('XDG_DATA_DIRS', '/usr/local/share:/usr/share'), ('PYTHONPATH', '/opt/ros/humble/lib/python3.10/site-packages:/opt/ros/humble/local/lib/python3.10/dist-packages'), ('COLCON', '1'), ('VTE_VERSION', '6800'), ('CMAKE_PREFIX_PATH', '/opt/ros/humble')]), 'shell': False}
[0.585999] (oradar_lidar) JobProgress: {'identifier': 'oradar_lidar', 'progress': 'cmake'}
[0.586727] (oradar_lidar) Command: {'cmd': ['/usr/bin/cmake', '/ros2_ws/src/p2117_ros/oradar_ros', '-DAMENT_CMAKE_SYMLINK_INSTALL=1', '-DCMAKE_INSTALL_PREFIX=/ros2_ws/src/install/oradar_lidar'], 'cwd': '/ros2_ws/src/build/oradar_lidar', 'env': OrderedDict([('VNCDESKTOP', 'TurboVNC: tarzan-desktop:1 ()'), ('LESSOPEN', '| /usr/bin/lesspipe %s'), ('HOSTNAME', 'tarzan-desktop'), ('SSH_AGENT_PID', '183'), ('SHLVL', '2'), ('LD_LIBRARY_PATH', '/opt/ros/humble/opt/rviz_ogre_vendor/lib:/opt/ros/humble/lib/aarch64-linux-gnu:/opt/ros/humble/lib'), ('HOME', '/root'), ('OLDPWD', '/ros2_ws'), ('DESKTOP_SESSION', 'xfce'), ('PANEL_GDK_CORE_DEVICE_EVENTS', '0'), ('ROS_PYTHON_VERSION', '3'), ('DBUS_SESSION_BUS_ADDRESS', 'unix:abstract=/tmp/dbus-4CJIhrXuxg,guid=f501d653e06661677ef966f767c66fec'), ('COLORTERM', 'truecolor'), ('ROS_DISTRO', 'humble'), ('VGL_PROBEGLX', '0'), ('WINDOWID', '41943043'), ('FONT_ENCODINGS_DIRECTORY', '/usr/share/fonts/X11/encodings'), ('_', '/usr/bin/colcon'), ('ROS_VERSION', '2'), ('TERM', 'xterm-256color'), ('ROS_LOCALHOST_ONLY', '0'), ('PATH', '/opt/ros/humble/bin:/usr/local/sbin:/usr/local/bin:/usr/sbin:/usr/bin:/sbin:/bin'), ('SESSION_MANAGER', 'local/tarzan-desktop:@/tmp/.ICE-unix/133,unix/tarzan-desktop:/tmp/.ICE-unix/133'), ('XDG_MENU_PREFIX', 'xfce-'), ('VGL_COMPRESS', '0'), ('DISPLAY', ':1.0'), ('LANG', 'en_US.UTF-8'), ('XDG_CURRENT_DESKTOP', 'XFCE'), ('LS_COLORS', 'rs=0:di=01;34:ln=01;36:mh=00:pi=40;33:so=01;35:do=01;35:bd=40;33;01:cd=40;33;01:or=40;31;01:mi=00:su=37;41:sg=30;43:ca=30;41:tw=30;42:ow=34;42:st=37;44:ex=01;32:*.tar=01;31:*.tgz=01;31:*.arc=01;31:*.arj=01;31:*.taz=01;31:*.lha=01;31:*.lz4=01;31:*.lzh=01;31:*.lzma=01;31:*.tlz=01;31:*.txz=01;31:*.tzo=01;31:*.t7z=01;31:*.zip=01;31:*.z=01;31:*.dz=01;31:*.gz=01;31:*.lrz=01;31:*.lz=01;31:*.lzo=01;31:*.xz=01;31:*.zst=01;31:*.tzst=01;31:*.bz2=01;31:*.bz=01;31:*.tbz=01;31:*.tbz2=01;31:*.tz=01;31:*.deb=01;31:*.rpm=01;31:*.jar=01;31:*.war=01;31:*.ear=01;31:*.sar=01;31:*.rar=01;31:*.alz=01;31:*.ace=01;31:*.zoo=01;31:*.cpio=01;31:*.7z=01;31:*.rz=01;31:*.cab=01;31:*.wim=01;31:*.swm=01;31:*.dwm=01;31:*.esd=01;31:*.jpg=01;35:*.jpeg=01;35:*.mjpg=01;35:*.mjpeg=01;35:*.gif=01;35:*.bmp=01;35:*.pbm=01;35:*.pgm=01;35:*.ppm=01;35:*.tga=01;35:*.xbm=01;35:*.xpm=01;35:*.tif=01;35:*.tiff=01;35:*.png=01;35:*.svg=01;35:*.svgz=01;35:*.mng=01;35:*.pcx=01;35:*.mov=01;35:*.mpg=01;35:*.mpeg=01;35:*.m2v=01;35:*.mkv=01;35:*.webm=01;35:*.webp=01;35:*.ogm=01;35:*.mp4=01;35:*.m4v=01;35:*.mp4v=01;35:*.vob=01;35:*.qt=01;35:*.nuv=01;35:*.wmv=01;35:*.asf=01;35:*.rm=01;35:*.rmvb=01;35:*.flc=01;35:*.avi=01;35:*.fli=01;35:*.flv=01;35:*.gl=01;35:*.dl=01;35:*.xcf=01;35:*.xwd=01;35:*.yuv=01;35:*.cgm=01;35:*.emf=01;35:*.ogv=01;35:*.ogx=01;35:*.aac=00;36:*.au=00;36:*.flac=00;36:*.m4a=00;36:*.mid=00;36:*.midi=00;36:*.mka=00;36:*.mp3=00;36:*.mpc=00;36:*.ogg=00;36:*.ra=00;36:*.wav=00;36:*.oga=00;36:*.opus=00;36:*.spx=00;36:*.xspf=00;36:'), ('SSH_AUTH_SOCK', '/ssh-agent'), ('AMENT_PREFIX_PATH', '/opt/ros/humble'), ('DEBIAN_FRONTEND', 'noninteractive'), ('LESSCLOSE', '/usr/bin/lesspipe %s %s'), ('PWD', '/ros2_ws/src/build/oradar_lidar'), ('XDG_CONFIG_DIRS', '/etc/xdg'), ('XDG_DATA_DIRS', '/usr/local/share:/usr/share'), ('PYTHONPATH', '/opt/ros/humble/lib/python3.10/site-packages:/opt/ros/humble/local/lib/python3.10/dist-packages'), ('COLCON', '1'), ('VTE_VERSION', '6800'), ('CMAKE_PREFIX_PATH', '/opt/ros/humble')]), 'shell': False}
[0.601569] (-) TimerEvent: {}
[0.701966] (-) TimerEvent: {}
[0.802360] (-) TimerEvent: {}
[0.902780] (-) TimerEvent: {}
[1.003230] (-) TimerEvent: {}
[1.105134] (-) TimerEvent: {}
[1.108388] (oradar_lidar) StdoutLine: {'line': b'-- The C compiler identification is GNU 11.4.0\n'}
[1.108845] (msgs_srvs) StdoutLine: {'line': b'-- The C compiler identification is GNU 11.4.0\n'}
[1.205253] (-) TimerEvent: {}
[1.306041] (-) TimerEvent: {}
[1.406433] (-) TimerEvent: {}
[1.509646] (-) TimerEvent: {}
[1.527742] (oradar_lidar) StdoutLine: {'line': b'-- The CXX compiler identification is GNU 11.4.0\n'}
[1.555690] (msgs_srvs) StdoutLine: {'line': b'-- The CXX compiler identification is GNU 11.4.0\n'}
[1.565094] (oradar_lidar) StdoutLine: {'line': b'-- Detecting C compiler ABI info\n'}
[1.567689] (msgs_srvs) StdoutLine: {'line': b'-- Detecting C compiler ABI info\n'}
[1.609763] (-) TimerEvent: {}
[1.710369] (-) TimerEvent: {}
[1.805596] (msgs_srvs) StdoutLine: {'line': b'-- Detecting C compiler ABI info - done\n'}
[1.806031] (oradar_lidar) StdoutLine: {'line': b'-- Detecting C compiler ABI info - done\n'}
[1.810453] (-) TimerEvent: {}
[1.816730] (msgs_srvs) StdoutLine: {'line': b'-- Check for working C compiler: /usr/bin/cc - skipped\n'}
[1.818764] (oradar_lidar) StdoutLine: {'line': b'-- Check for working C compiler: /usr/bin/cc - skipped\n'}
[1.819160] (oradar_lidar) StdoutLine: {'line': b'-- Detecting C compile features\n'}
[1.819359] (msgs_srvs) StdoutLine: {'line': b'-- Detecting C compile features\n'}
[1.823127] (msgs_srvs) StdoutLine: {'line': b'-- Detecting C compile features - done\n'}
[1.824301] (oradar_lidar) StdoutLine: {'line': b'-- Detecting C compile features - done\n'}
[1.830828] (oradar_lidar) StdoutLine: {'line': b'-- Detecting CXX compiler ABI info\n'}
[1.831209] (msgs_srvs) StdoutLine: {'line': b'-- Detecting CXX compiler ABI info\n'}
[1.910635] (-) TimerEvent: {}
[2.013699] (-) TimerEvent: {}
[2.068889] (msgs_srvs) StdoutLine: {'line': b'-- Detecting CXX compiler ABI info - done\n'}
[2.104649] (msgs_srvs) StdoutLine: {'line': b'-- Check for working CXX compiler: /usr/bin/c++ - skipped\n'}
[2.105657] (msgs_srvs) StdoutLine: {'line': b'-- Detecting CXX compile features\n'}
[2.108203] (msgs_srvs) StdoutLine: {'line': b'-- Detecting CXX compile features - done\n'}
[2.114320] (oradar_lidar) StdoutLine: {'line': b'-- Detecting CXX compiler ABI info - done\n'}
[2.121013] (-) TimerEvent: {}
[2.130077] (msgs_srvs) StdoutLine: {'line': b'-- Found ament_cmake: 1.3.11 (/opt/ros/humble/share/ament_cmake/cmake)\n'}
[2.141620] (oradar_lidar) StdoutLine: {'line': b'-- Check for working CXX compiler: /usr/bin/c++ - skipped\n'}
[2.142577] (oradar_lidar) StdoutLine: {'line': b'-- Detecting CXX compile features\n'}
[2.143951] (oradar_lidar) StdoutLine: {'line': b'-- Detecting CXX compile features - done\n'}
[2.147392] (driver) Command: {'cmd': ['/usr/bin/python3', '-W', 'ignore:setup.py install is deprecated', '-W', 'ignore:easy_install command is deprecated', 'setup.py', 'develop', '--editable', '--build-directory', '/ros2_ws/src/build/driver/build', '--no-deps', 'symlink_data'], 'cwd': '/ros2_ws/src/build/driver', 'env': {'VNCDESKTOP': 'TurboVNC: tarzan-desktop:1 ()', 'LESSOPEN': '| /usr/bin/lesspipe %s', 'HOSTNAME': 'tarzan-desktop', 'SSH_AGENT_PID': '183', 'SHLVL': '2', 'LD_LIBRARY_PATH': '/opt/ros/humble/opt/rviz_ogre_vendor/lib:/opt/ros/humble/lib/aarch64-linux-gnu:/opt/ros/humble/lib', 'HOME': '/root', 'OLDPWD': '/ros2_ws', 'DESKTOP_SESSION': 'xfce', 'PANEL_GDK_CORE_DEVICE_EVENTS': '0', 'ROS_PYTHON_VERSION': '3', 'DBUS_SESSION_BUS_ADDRESS': 'unix:abstract=/tmp/dbus-4CJIhrXuxg,guid=f501d653e06661677ef966f767c66fec', 'COLORTERM': 'truecolor', 'ROS_DISTRO': 'humble', 'VGL_PROBEGLX': '0', 'WINDOWID': '41943043', 'FONT_ENCODINGS_DIRECTORY': '/usr/share/fonts/X11/encodings', '_': '/usr/bin/colcon', 'ROS_VERSION': '2', 'TERM': 'xterm-256color', 'ROS_LOCALHOST_ONLY': '0', 'PATH': '/opt/ros/humble/bin:/usr/local/sbin:/usr/local/bin:/usr/sbin:/usr/bin:/sbin:/bin', 'SESSION_MANAGER': 'local/tarzan-desktop:@/tmp/.ICE-unix/133,unix/tarzan-desktop:/tmp/.ICE-unix/133', 'XDG_MENU_PREFIX': 'xfce-', 'VGL_COMPRESS': '0', 'DISPLAY': ':1.0', 'LANG': 'en_US.UTF-8', 'XDG_CURRENT_DESKTOP': 'XFCE', 'LS_COLORS': 'rs=0:di=01;34:ln=01;36:mh=00:pi=40;33:so=01;35:do=01;35:bd=40;33;01:cd=40;33;01:or=40;31;01:mi=00:su=37;41:sg=30;43:ca=30;41:tw=30;42:ow=34;42:st=37;44:ex=01;32:*.tar=01;31:*.tgz=01;31:*.arc=01;31:*.arj=01;31:*.taz=01;31:*.lha=01;31:*.lz4=01;31:*.lzh=01;31:*.lzma=01;31:*.tlz=01;31:*.txz=01;31:*.tzo=01;31:*.t7z=01;31:*.zip=01;31:*.z=01;31:*.dz=01;31:*.gz=01;31:*.lrz=01;31:*.lz=01;31:*.lzo=01;31:*.xz=01;31:*.zst=01;31:*.tzst=01;31:*.bz2=01;31:*.bz=01;31:*.tbz=01;31:*.tbz2=01;31:*.tz=01;31:*.deb=01;31:*.rpm=01;31:*.jar=01;31:*.war=01;31:*.ear=01;31:*.sar=01;31:*.rar=01;31:*.alz=01;31:*.ace=01;31:*.zoo=01;31:*.cpio=01;31:*.7z=01;31:*.rz=01;31:*.cab=01;31:*.wim=01;31:*.swm=01;31:*.dwm=01;31:*.esd=01;31:*.jpg=01;35:*.jpeg=01;35:*.mjpg=01;35:*.mjpeg=01;35:*.gif=01;35:*.bmp=01;35:*.pbm=01;35:*.pgm=01;35:*.ppm=01;35:*.tga=01;35:*.xbm=01;35:*.xpm=01;35:*.tif=01;35:*.tiff=01;35:*.png=01;35:*.svg=01;35:*.svgz=01;35:*.mng=01;35:*.pcx=01;35:*.mov=01;35:*.mpg=01;35:*.mpeg=01;35:*.m2v=01;35:*.mkv=01;35:*.webm=01;35:*.webp=01;35:*.ogm=01;35:*.mp4=01;35:*.m4v=01;35:*.mp4v=01;35:*.vob=01;35:*.qt=01;35:*.nuv=01;35:*.wmv=01;35:*.asf=01;35:*.rm=01;35:*.rmvb=01;35:*.flc=01;35:*.avi=01;35:*.fli=01;35:*.flv=01;35:*.gl=01;35:*.dl=01;35:*.xcf=01;35:*.xwd=01;35:*.yuv=01;35:*.cgm=01;35:*.emf=01;35:*.ogv=01;35:*.ogx=01;35:*.aac=00;36:*.au=00;36:*.flac=00;36:*.m4a=00;36:*.mid=00;36:*.midi=00;36:*.mka=00;36:*.mp3=00;36:*.mpc=00;36:*.ogg=00;36:*.ra=00;36:*.wav=00;36:*.oga=00;36:*.opus=00;36:*.spx=00;36:*.xspf=00;36:', 'SSH_AUTH_SOCK': '/ssh-agent', 'AMENT_PREFIX_PATH': '/opt/ros/humble', 'DEBIAN_FRONTEND': 'noninteractive', 'LESSCLOSE': '/usr/bin/lesspipe %s %s', 'PWD': '/ros2_ws/src/build/driver', 'XDG_CONFIG_DIRS': '/etc/xdg', 'XDG_DATA_DIRS': '/usr/local/share:/usr/share', 'PYTHONPATH': '/ros2_ws/src/build/driver/prefix_override:/usr/lib/python3/dist-packages/colcon_core/task/python/colcon_distutils_commands:/ros2_ws/src/install/driver/lib/python3.10/site-packages:/opt/ros/humble/lib/python3.10/site-packages:/opt/ros/humble/local/lib/python3.10/dist-packages', 'COLCON': '1', 'VTE_VERSION': '6800'}, 'shell': False}
[2.155280] (peripherals) Command: {'cmd': ['/usr/bin/python3', '-W', 'ignore:setup.py install is deprecated', '-W', 'ignore:easy_install command is deprecated', 'setup.py', 'develop', '--editable', '--build-directory', '/ros2_ws/src/build/peripherals/build', '--no-deps', 'symlink_data'], 'cwd': '/ros2_ws/src/build/peripherals', 'env': {'VNCDESKTOP': 'TurboVNC: tarzan-desktop:1 ()', 'LESSOPEN': '| /usr/bin/lesspipe %s', 'HOSTNAME': 'tarzan-desktop', 'SSH_AGENT_PID': '183', 'SHLVL': '2', 'LD_LIBRARY_PATH': '/opt/ros/humble/opt/rviz_ogre_vendor/lib:/opt/ros/humble/lib/aarch64-linux-gnu:/opt/ros/humble/lib', 'HOME': '/root', 'OLDPWD': '/ros2_ws', 'DESKTOP_SESSION': 'xfce', 'PANEL_GDK_CORE_DEVICE_EVENTS': '0', 'ROS_PYTHON_VERSION': '3', 'DBUS_SESSION_BUS_ADDRESS': 'unix:abstract=/tmp/dbus-4CJIhrXuxg,guid=f501d653e06661677ef966f767c66fec', 'COLORTERM': 'truecolor', 'ROS_DISTRO': 'humble', 'VGL_PROBEGLX': '0', 'WINDOWID': '41943043', 'FONT_ENCODINGS_DIRECTORY': '/usr/share/fonts/X11/encodings', '_': '/usr/bin/colcon', 'ROS_VERSION': '2', 'TERM': 'xterm-256color', 'ROS_LOCALHOST_ONLY': '0', 'PATH': '/opt/ros/humble/bin:/usr/local/sbin:/usr/local/bin:/usr/sbin:/usr/bin:/sbin:/bin', 'SESSION_MANAGER': 'local/tarzan-desktop:@/tmp/.ICE-unix/133,unix/tarzan-desktop:/tmp/.ICE-unix/133', 'XDG_MENU_PREFIX': 'xfce-', 'VGL_COMPRESS': '0', 'DISPLAY': ':1.0', 'LANG': 'en_US.UTF-8', 'XDG_CURRENT_DESKTOP': 'XFCE', 'LS_COLORS': 'rs=0:di=01;34:ln=01;36:mh=00:pi=40;33:so=01;35:do=01;35:bd=40;33;01:cd=40;33;01:or=40;31;01:mi=00:su=37;41:sg=30;43:ca=30;41:tw=30;42:ow=34;42:st=37;44:ex=01;32:*.tar=01;31:*.tgz=01;31:*.arc=01;31:*.arj=01;31:*.taz=01;31:*.lha=01;31:*.lz4=01;31:*.lzh=01;31:*.lzma=01;31:*.tlz=01;31:*.txz=01;31:*.tzo=01;31:*.t7z=01;31:*.zip=01;31:*.z=01;31:*.dz=01;31:*.gz=01;31:*.lrz=01;31:*.lz=01;31:*.lzo=01;31:*.xz=01;31:*.zst=01;31:*.tzst=01;31:*.bz2=01;31:*.bz=01;31:*.tbz=01;31:*.tbz2=01;31:*.tz=01;31:*.deb=01;31:*.rpm=01;31:*.jar=01;31:*.war=01;31:*.ear=01;31:*.sar=01;31:*.rar=01;31:*.alz=01;31:*.ace=01;31:*.zoo=01;31:*.cpio=01;31:*.7z=01;31:*.rz=01;31:*.cab=01;31:*.wim=01;31:*.swm=01;31:*.dwm=01;31:*.esd=01;31:*.jpg=01;35:*.jpeg=01;35:*.mjpg=01;35:*.mjpeg=01;35:*.gif=01;35:*.bmp=01;35:*.pbm=01;35:*.pgm=01;35:*.ppm=01;35:*.tga=01;35:*.xbm=01;35:*.xpm=01;35:*.tif=01;35:*.tiff=01;35:*.png=01;35:*.svg=01;35:*.svgz=01;35:*.mng=01;35:*.pcx=01;35:*.mov=01;35:*.mpg=01;35:*.mpeg=01;35:*.m2v=01;35:*.mkv=01;35:*.webm=01;35:*.webp=01;35:*.ogm=01;35:*.mp4=01;35:*.m4v=01;35:*.mp4v=01;35:*.vob=01;35:*.qt=01;35:*.nuv=01;35:*.wmv=01;35:*.asf=01;35:*.rm=01;35:*.rmvb=01;35:*.flc=01;35:*.avi=01;35:*.fli=01;35:*.flv=01;35:*.gl=01;35:*.dl=01;35:*.xcf=01;35:*.xwd=01;35:*.yuv=01;35:*.cgm=01;35:*.emf=01;35:*.ogv=01;35:*.ogx=01;35:*.aac=00;36:*.au=00;36:*.flac=00;36:*.m4a=00;36:*.mid=00;36:*.midi=00;36:*.mka=00;36:*.mp3=00;36:*.mpc=00;36:*.ogg=00;36:*.ra=00;36:*.wav=00;36:*.oga=00;36:*.opus=00;36:*.spx=00;36:*.xspf=00;36:', 'SSH_AUTH_SOCK': '/ssh-agent', 'AMENT_PREFIX_PATH': '/opt/ros/humble', 'DEBIAN_FRONTEND': 'noninteractive', 'LESSCLOSE': '/usr/bin/lesspipe %s %s', 'PWD': '/ros2_ws/src/build/peripherals', 'XDG_CONFIG_DIRS': '/etc/xdg', 'XDG_DATA_DIRS': '/usr/local/share:/usr/share', 'PYTHONPATH': '/ros2_ws/src/build/peripherals/prefix_override:/usr/lib/python3/dist-packages/colcon_core/task/python/colcon_distutils_commands:/ros2_ws/src/install/peripherals/lib/python3.10/site-packages:/opt/ros/humble/lib/python3.10/site-packages:/opt/ros/humble/local/lib/python3.10/dist-packages', 'COLCON': '1', 'VTE_VERSION': '6800'}, 'shell': False}
[2.208856] (oradar_lidar) StderrLine: {'line': b'\x1b[0m=============================================================\x1b[0m\n'}
[2.210696] (oradar_lidar) StderrLine: {'line': b'\x1b[0m-- ROS Not Found, Ros Support is turned Off!\x1b[0m\n'}
[2.210974] (oradar_lidar) StderrLine: {'line': b'\x1b[0m=============================================================\x1b[0m\n'}
[2.221600] (-) TimerEvent: {}
[2.322103] (-) TimerEvent: {}
[2.425795] (-) TimerEvent: {}
[2.527026] (-) TimerEvent: {}
[2.628902] (-) TimerEvent: {}
[2.630182] (oradar_lidar) StdoutLine: {'line': b'-- Found Python3: /usr/bin/python3 (found version "3.10.12") found components: Interpreter \n'}
[2.665078] (msgs_srvs) StdoutLine: {'line': b'-- Found Python3: /usr/bin/python3 (found version "3.10.12") found components: Interpreter \n'}
[2.728962] (-) TimerEvent: {}
[2.829444] (-) TimerEvent: {}
[2.844727] (driver) StdoutLine: {'line': b'running develop\n'}
[2.847763] (peripherals) StdoutLine: {'line': b'running develop\n'}
[2.929584] (-) TimerEvent: {}
[2.937610] (msgs_srvs) StdoutLine: {'line': b'-- Override CMake install command with custom implementation using symlinks instead of copying resources\n'}
[2.937974] (oradar_lidar) StdoutLine: {'line': b'-- Override CMake install command with custom implementation using symlinks instead of copying resources\n'}
[3.032595] (-) TimerEvent: {}
[3.050303] (msgs_srvs) StdoutLine: {'line': b'-- Found builtin_interfaces: 1.2.1 (/opt/ros/humble/share/builtin_interfaces/cmake)\n'}
[3.132704] (-) TimerEvent: {}
[3.135626] (driver) StdoutLine: {'line': b'running egg_info\n'}
[3.135989] (driver) StdoutLine: {'line': b'creating driver.egg-info\n'}
[3.136205] (driver) StdoutLine: {'line': b'writing driver.egg-info/PKG-INFO\n'}
[3.136407] (msgs_srvs) StdoutLine: {'line': b'-- Found rosidl_generator_c: 3.1.6 (/opt/ros/humble/share/rosidl_generator_c/cmake)\n'}
[3.137312] (oradar_lidar) StdoutLine: {'line': b'-- Found rosidl_generator_c: 3.1.6 (/opt/ros/humble/share/rosidl_generator_c/cmake)\n'}
[3.137561] (driver) StdoutLine: {'line': b'writing dependency_links to driver.egg-info/dependency_links.txt\n'}
[3.137699] (driver) StdoutLine: {'line': b'writing entry points to driver.egg-info/entry_points.txt\n'}
[3.137796] (driver) StdoutLine: {'line': b'writing requirements to driver.egg-info/requires.txt\n'}
[3.137916] (driver) StdoutLine: {'line': b'writing top-level names to driver.egg-info/top_level.txt\n'}
[3.138020] (driver) StdoutLine: {'line': b"writing manifest file 'driver.egg-info/SOURCES.txt'\n"}
[3.141344] (driver) StdoutLine: {'line': b"reading manifest file 'driver.egg-info/SOURCES.txt'\n"}
[3.141712] (driver) StdoutLine: {'line': b"writing manifest file 'driver.egg-info/SOURCES.txt'\n"}
[3.144530] (driver) StdoutLine: {'line': b'running build_ext\n'}
[3.145260] (driver) StdoutLine: {'line': b'Creating /ros2_ws/src/install/driver/lib/python3.10/site-packages/driver.egg-link (link to .)\n'}
[3.146389] (driver) StdoutLine: {'line': b'Installing control_manager script to /ros2_ws/src/install/driver/lib/driver\n'}
[3.146818] (driver) StdoutLine: {'line': b'Installing controller script to /ros2_ws/src/install/driver/lib/driver\n'}
[3.147429] (driver) StdoutLine: {'line': b'\n'}
[3.147610] (driver) StdoutLine: {'line': b'Installed /ros2_ws/src/build/driver\n'}
[3.147843] (driver) StdoutLine: {'line': b'running symlink_data\n'}
[3.148337] (driver) StdoutLine: {'line': b'creating /ros2_ws/src/install/driver/share/ament_index\n'}
[3.148460] (driver) StdoutLine: {'line': b'creating /ros2_ws/src/install/driver/share/ament_index/resource_index\n'}
[3.149123] (driver) StdoutLine: {'line': b'creating /ros2_ws/src/install/driver/share/ament_index/resource_index/packages\n'}
[3.149274] (driver) StdoutLine: {'line': b'symbolically linking /ros2_ws/src/build/driver/resource/driver -> /ros2_ws/src/install/driver/share/ament_index/resource_index/packages\n'}
[3.149372] (driver) StdoutLine: {'line': b'symbolically linking /ros2_ws/src/build/driver/package.xml -> /ros2_ws/src/install/driver/share/driver\n'}
[3.151129] (msgs_srvs) StdoutLine: {'line': b'-- Found rosidl_adapter: 3.1.6 (/opt/ros/humble/share/rosidl_adapter/cmake)\n'}
[3.152287] (oradar_lidar) StdoutLine: {'line': b'-- Found rosidl_adapter: 3.1.6 (/opt/ros/humble/share/rosidl_adapter/cmake)\n'}
[3.179660] (peripherals) StdoutLine: {'line': b'running egg_info\n'}
[3.179934] (peripherals) StdoutLine: {'line': b'creating peripherals.egg-info\n'}
[3.180079] (peripherals) StdoutLine: {'line': b'writing peripherals.egg-info/PKG-INFO\n'}
[3.180380] (peripherals) StdoutLine: {'line': b'writing dependency_links to peripherals.egg-info/dependency_links.txt\n'}
[3.180688] (peripherals) StdoutLine: {'line': b'writing entry points to peripherals.egg-info/entry_points.txt\n'}
[3.181374] (peripherals) StdoutLine: {'line': b'writing requirements to peripherals.egg-info/requires.txt\n'}
[3.181461] (peripherals) StdoutLine: {'line': b'writing top-level names to peripherals.egg-info/top_level.txt\n'}
[3.181546] (peripherals) StdoutLine: {'line': b"writing manifest file 'peripherals.egg-info/SOURCES.txt'\n"}
[3.185607] (peripherals) StdoutLine: {'line': b"reading manifest file 'peripherals.egg-info/SOURCES.txt'\n"}
[3.186377] (peripherals) StdoutLine: {'line': b"writing manifest file 'peripherals.egg-info/SOURCES.txt'\n"}
[3.190363] (peripherals) StdoutLine: {'line': b'running build_ext\n'}
[3.190725] (peripherals) StdoutLine: {'line': b'Creating /ros2_ws/src/install/peripherals/lib/python3.10/site-packages/peripherals.egg-link (link to .)\n'}
[3.193593] (peripherals) StdoutLine: {'line': b'Installing teleop_keyboard script to /ros2_ws/src/install/peripherals/lib/peripherals\n'}
[3.193992] (peripherals) StdoutLine: {'line': b'\n'}
[3.194170] (peripherals) StdoutLine: {'line': b'Installed /ros2_ws/src/build/peripherals\n'}
[3.198618] (peripherals) StdoutLine: {'line': b'running symlink_data\n'}
[3.200207] (peripherals) StdoutLine: {'line': b'creating /ros2_ws/src/install/peripherals/share/ament_index\n'}
[3.200528] (peripherals) StdoutLine: {'line': b'creating /ros2_ws/src/install/peripherals/share/ament_index/resource_index\n'}
[3.200719] (peripherals) StdoutLine: {'line': b'creating /ros2_ws/src/install/peripherals/share/ament_index/resource_index/packages\n'}
[3.200889] (peripherals) StdoutLine: {'line': b'symbolically linking /ros2_ws/src/build/peripherals/resource/peripherals -> /ros2_ws/src/install/peripherals/share/ament_index/resource_index/packages\n'}
[3.201186] (peripherals) StdoutLine: {'line': b'symbolically linking /ros2_ws/src/build/peripherals/package.xml -> /ros2_ws/src/install/peripherals/share/peripherals\n'}
[3.201677] (oradar_lidar) StdoutLine: {'line': b'-- Found rosidl_generator_cpp: 3.1.6 (/opt/ros/humble/share/rosidl_generator_cpp/cmake)\n'}
[3.202259] (msgs_srvs) StdoutLine: {'line': b'-- Found rosidl_generator_cpp: 3.1.6 (/opt/ros/humble/share/rosidl_generator_cpp/cmake)\n'}
[3.233648] (-) TimerEvent: {}
[3.257362] (oradar_lidar) StdoutLine: {'line': b'-- Using all available rosidl_typesupport_c: rosidl_typesupport_fastrtps_c;rosidl_typesupport_introspection_c\n'}
[3.257742] (msgs_srvs) StdoutLine: {'line': b'-- Using all available rosidl_typesupport_c: rosidl_typesupport_fastrtps_c;rosidl_typesupport_introspection_c\n'}
[3.303412] (driver) CommandEnded: {'returncode': 0}
[3.333924] (-) TimerEvent: {}
[3.343710] (msgs_srvs) StdoutLine: {'line': b'-- Using all available rosidl_typesupport_cpp: rosidl_typesupport_fastrtps_cpp;rosidl_typesupport_introspection_cpp\n'}
[3.344029] (oradar_lidar) StdoutLine: {'line': b'-- Using all available rosidl_typesupport_cpp: rosidl_typesupport_fastrtps_cpp;rosidl_typesupport_introspection_cpp\n'}
[3.359860] (driver) JobEnded: {'identifier': 'driver', 'rc': 0}
[3.365071] (peripherals) CommandEnded: {'returncode': 0}
[3.398101] (peripherals) JobEnded: {'identifier': 'peripherals', 'rc': 0}
[3.406457] (msgs_srvs) StdoutLine: {'line': b'-- Found rosidl_default_generators: 1.2.0 (/opt/ros/humble/share/rosidl_default_generators/cmake)\n'}
[3.434398] (-) TimerEvent: {}
[3.455642] (msgs_srvs) StdoutLine: {'line': b'-- Found std_msgs: 4.2.4 (/opt/ros/humble/share/std_msgs/cmake)\n'}
[3.534763] (-) TimerEvent: {}
[3.537323] (oradar_lidar) StdoutLine: {'line': b'-- Found rmw_implementation_cmake: 6.1.2 (/opt/ros/humble/share/rmw_implementation_cmake/cmake)\n'}
[3.543536] (oradar_lidar) StdoutLine: {'line': b'-- Found rmw_fastrtps_cpp: 6.2.7 (/opt/ros/humble/share/rmw_fastrtps_cpp/cmake)\n'}
[3.634804] (-) TimerEvent: {}
[3.735260] (-) TimerEvent: {}
[3.799550] (oradar_lidar) StdoutLine: {'line': b'-- Found OpenSSL: /usr/lib/aarch64-linux-gnu/libcrypto.so (found version "3.0.2")  \n'}
[3.835357] (-) TimerEvent: {}
[3.846455] (oradar_lidar) StdoutLine: {'line': b'-- Found FastRTPS: /opt/ros/humble/include  \n'}
[3.934656] (oradar_lidar) StdoutLine: {'line': b"-- Using RMW implementation 'rmw_fastrtps_cpp' as default\n"}
[3.935427] (-) TimerEvent: {}
[3.954979] (oradar_lidar) StdoutLine: {'line': b'-- Looking for pthread.h\n'}
[4.035613] (-) TimerEvent: {}
[4.136181] (-) TimerEvent: {}
[4.144806] (oradar_lidar) StdoutLine: {'line': b'-- Looking for pthread.h - found\n'}
[4.145601] (oradar_lidar) StdoutLine: {'line': b'-- Performing Test CMAKE_HAVE_LIBC_PTHREAD\n'}
[4.231096] (msgs_srvs) StdoutLine: {'line': b'-- Found ament_cmake_ros: 0.10.0 (/opt/ros/humble/share/ament_cmake_ros/cmake)\n'}
[4.236317] (-) TimerEvent: {}
[4.316236] (oradar_lidar) StdoutLine: {'line': b'-- Performing Test CMAKE_HAVE_LIBC_PTHREAD - Success\n'}
[4.318027] (oradar_lidar) StdoutLine: {'line': b'-- Found Threads: TRUE  \n'}
[4.336421] (-) TimerEvent: {}
[4.436905] (-) TimerEvent: {}
[4.492878] (oradar_lidar) StderrLine: {'line': b'\x1b[0m=============================================================\x1b[0m\n'}
[4.494428] (oradar_lidar) StderrLine: {'line': b'\x1b[0m-- ROS2 Found. ROS2 Support is turned On!\x1b[0m\n'}
[4.495632] (oradar_lidar) StderrLine: {'line': b'\x1b[0m=============================================================\x1b[0m\n'}
[4.503202] (oradar_lidar) StdoutLine: {'line': b'-- Found sensor_msgs: 4.2.4 (/opt/ros/humble/share/sensor_msgs/cmake)\n'}
[4.537090] (-) TimerEvent: {}
[4.607198] (oradar_lidar) StderrLine: {'line': b'\x1b[0mCMake Deprecation Warning at sdk/CMakeLists.txt:36 (cmake_policy):\n'}
[4.607558] (oradar_lidar) StderrLine: {'line': b'  The OLD behavior for policy CMP0053 will be removed from a future version\n'}
[4.607658] (oradar_lidar) StderrLine: {'line': b'  of CMake.\n'}
[4.607724] (oradar_lidar) StderrLine: {'line': b'\n'}
[4.607789] (oradar_lidar) StderrLine: {'line': b'  The cmake-policies(7) manual explains that the OLD behaviors of all\n'}
[4.607867] (oradar_lidar) StderrLine: {'line': b'  policies are deprecated and that a policy should be set to OLD only under\n'}
[4.607931] (oradar_lidar) StderrLine: {'line': b'  specific short-term circumstances.  Projects should be ported to the NEW\n'}
[4.608012] (oradar_lidar) StderrLine: {'line': b'  behavior and not rely on setting a policy to OLD.\n'}
[4.608074] (oradar_lidar) StderrLine: {'line': b'\n'}
[4.608131] (oradar_lidar) StderrLine: {'line': b'\x1b[0m\n'}
[4.608186] (oradar_lidar) StderrLine: {'line': b'\x1b[0mCMake Deprecation Warning at sdk/CMakeLists.txt:39 (cmake_policy):\n'}
[4.608242] (oradar_lidar) StderrLine: {'line': b'  The OLD behavior for policy CMP0037 will be removed from a future version\n'}
[4.608298] (oradar_lidar) StderrLine: {'line': b'  of CMake.\n'}
[4.608363] (oradar_lidar) StderrLine: {'line': b'\n'}
[4.608418] (oradar_lidar) StderrLine: {'line': b'  The cmake-policies(7) manual explains that the OLD behaviors of all\n'}
[4.608474] (oradar_lidar) StderrLine: {'line': b'  policies are deprecated and that a policy should be set to OLD only under\n'}
[4.608548] (oradar_lidar) StderrLine: {'line': b'  specific short-term circumstances.  Projects should be ported to the NEW\n'}
[4.608608] (oradar_lidar) StderrLine: {'line': b'  behavior and not rely on setting a policy to OLD.\n'}
[4.608663] (oradar_lidar) StderrLine: {'line': b'\n'}
[4.608719] (oradar_lidar) StderrLine: {'line': b'\x1b[0m\n'}
[4.608773] (oradar_lidar) StderrLine: {'line': b'\x1b[0mCMake Deprecation Warning at sdk/CMakeLists.txt:42 (cmake_policy):\n'}
[4.608828] (oradar_lidar) StderrLine: {'line': b'  The OLD behavior for policy CMP0043 will be removed from a future version\n'}
[4.608883] (oradar_lidar) StderrLine: {'line': b'  of CMake.\n'}
[4.608937] (oradar_lidar) StderrLine: {'line': b'\n'}
[4.608991] (oradar_lidar) StderrLine: {'line': b'  The cmake-policies(7) manual explains that the OLD behaviors of all\n'}
[4.609046] (oradar_lidar) StderrLine: {'line': b'  policies are deprecated and that a policy should be set to OLD only under\n'}
[4.609111] (oradar_lidar) StderrLine: {'line': b'  specific short-term circumstances.  Projects should be ported to the NEW\n'}
[4.609169] (oradar_lidar) StderrLine: {'line': b'  behavior and not rely on setting a policy to OLD.\n'}
[4.609225] (oradar_lidar) StderrLine: {'line': b'\n'}
[4.609280] (oradar_lidar) StderrLine: {'line': b'\x1b[0m\n'}
[4.611950] (oradar_lidar) StdoutLine: {'line': b'-- Could NOT find SWIG (missing: SWIG_EXECUTABLE SWIG_DIR) \n'}
[4.637261] (-) TimerEvent: {}
[4.651585] (oradar_lidar) StdoutLine: {'line': b'-- Found PythonInterp: /usr/bin/python3.10 (found version "3.10.12") \n'}
[4.672983] (oradar_lidar) StdoutLine: {'line': b'-- Found PythonLibs: /usr/lib/aarch64-linux-gnu/libpython3.10.so (found version "3.10.12") \n'}
[4.720038] (oradar_lidar) StderrLine: {'line': b'\x1b[0mCMake Deprecation Warning at sdk/cmake/install_package.cmake:101 (cmake_policy):\n'}
[4.720358] (oradar_lidar) StderrLine: {'line': b'  The OLD behavior for policy CMP0026 will be removed from a future version\n'}
[4.720519] (oradar_lidar) StderrLine: {'line': b'  of CMake.\n'}
[4.720632] (oradar_lidar) StderrLine: {'line': b'\n'}
[4.720705] (oradar_lidar) StderrLine: {'line': b'  The cmake-policies(7) manual explains that the OLD behaviors of all\n'}
[4.720776] (oradar_lidar) StderrLine: {'line': b'  policies are deprecated and that a policy should be set to OLD only under\n'}
[4.720844] (oradar_lidar) StderrLine: {'line': b'  specific short-term circumstances.  Projects should be ported to the NEW\n'}
[4.720939] (oradar_lidar) StderrLine: {'line': b'  behavior and not rely on setting a policy to OLD.\n'}
[4.721011] (oradar_lidar) StderrLine: {'line': b'Call Stack (most recent call first):\n'}
[4.721079] (oradar_lidar) StderrLine: {'line': b'  sdk/CMakeLists.txt:105 (install_package)\n'}
[4.721147] (oradar_lidar) StderrLine: {'line': b'\n'}
[4.721216] (oradar_lidar) StderrLine: {'line': b'\x1b[0m\n'}
[4.737373] (-) TimerEvent: {}
[4.837913] (-) TimerEvent: {}
[4.898527] (oradar_lidar) StdoutLine: {'line': b'-- Configuring done\n'}
[4.932919] (oradar_lidar) StdoutLine: {'line': b'-- Generating done\n'}
[4.937977] (-) TimerEvent: {}
[4.944623] (oradar_lidar) StdoutLine: {'line': b'-- Build files have been written to: /ros2_ws/src/build/oradar_lidar\n'}
[4.993265] (oradar_lidar) CommandEnded: {'returncode': 0}
[4.998998] (oradar_lidar) JobProgress: {'identifier': 'oradar_lidar', 'progress': 'build'}
[4.999282] (oradar_lidar) Command: {'cmd': ['/usr/bin/cmake', '--build', '/ros2_ws/src/build/oradar_lidar', '--', '-j4', '-l4'], 'cwd': '/ros2_ws/src/build/oradar_lidar', 'env': OrderedDict([('VNCDESKTOP', 'TurboVNC: tarzan-desktop:1 ()'), ('LESSOPEN', '| /usr/bin/lesspipe %s'), ('HOSTNAME', 'tarzan-desktop'), ('SSH_AGENT_PID', '183'), ('SHLVL', '2'), ('LD_LIBRARY_PATH', '/opt/ros/humble/opt/rviz_ogre_vendor/lib:/opt/ros/humble/lib/aarch64-linux-gnu:/opt/ros/humble/lib'), ('HOME', '/root'), ('OLDPWD', '/ros2_ws'), ('DESKTOP_SESSION', 'xfce'), ('PANEL_GDK_CORE_DEVICE_EVENTS', '0'), ('ROS_PYTHON_VERSION', '3'), ('DBUS_SESSION_BUS_ADDRESS', 'unix:abstract=/tmp/dbus-4CJIhrXuxg,guid=f501d653e06661677ef966f767c66fec'), ('COLORTERM', 'truecolor'), ('ROS_DISTRO', 'humble'), ('VGL_PROBEGLX', '0'), ('WINDOWID', '41943043'), ('FONT_ENCODINGS_DIRECTORY', '/usr/share/fonts/X11/encodings'), ('_', '/usr/bin/colcon'), ('ROS_VERSION', '2'), ('TERM', 'xterm-256color'), ('ROS_LOCALHOST_ONLY', '0'), ('PATH', '/opt/ros/humble/bin:/usr/local/sbin:/usr/local/bin:/usr/sbin:/usr/bin:/sbin:/bin'), ('SESSION_MANAGER', 'local/tarzan-desktop:@/tmp/.ICE-unix/133,unix/tarzan-desktop:/tmp/.ICE-unix/133'), ('XDG_MENU_PREFIX', 'xfce-'), ('VGL_COMPRESS', '0'), ('DISPLAY', ':1.0'), ('LANG', 'en_US.UTF-8'), ('XDG_CURRENT_DESKTOP', 'XFCE'), ('LS_COLORS', 'rs=0:di=01;34:ln=01;36:mh=00:pi=40;33:so=01;35:do=01;35:bd=40;33;01:cd=40;33;01:or=40;31;01:mi=00:su=37;41:sg=30;43:ca=30;41:tw=30;42:ow=34;42:st=37;44:ex=01;32:*.tar=01;31:*.tgz=01;31:*.arc=01;31:*.arj=01;31:*.taz=01;31:*.lha=01;31:*.lz4=01;31:*.lzh=01;31:*.lzma=01;31:*.tlz=01;31:*.txz=01;31:*.tzo=01;31:*.t7z=01;31:*.zip=01;31:*.z=01;31:*.dz=01;31:*.gz=01;31:*.lrz=01;31:*.lz=01;31:*.lzo=01;31:*.xz=01;31:*.zst=01;31:*.tzst=01;31:*.bz2=01;31:*.bz=01;31:*.tbz=01;31:*.tbz2=01;31:*.tz=01;31:*.deb=01;31:*.rpm=01;31:*.jar=01;31:*.war=01;31:*.ear=01;31:*.sar=01;31:*.rar=01;31:*.alz=01;31:*.ace=01;31:*.zoo=01;31:*.cpio=01;31:*.7z=01;31:*.rz=01;31:*.cab=01;31:*.wim=01;31:*.swm=01;31:*.dwm=01;31:*.esd=01;31:*.jpg=01;35:*.jpeg=01;35:*.mjpg=01;35:*.mjpeg=01;35:*.gif=01;35:*.bmp=01;35:*.pbm=01;35:*.pgm=01;35:*.ppm=01;35:*.tga=01;35:*.xbm=01;35:*.xpm=01;35:*.tif=01;35:*.tiff=01;35:*.png=01;35:*.svg=01;35:*.svgz=01;35:*.mng=01;35:*.pcx=01;35:*.mov=01;35:*.mpg=01;35:*.mpeg=01;35:*.m2v=01;35:*.mkv=01;35:*.webm=01;35:*.webp=01;35:*.ogm=01;35:*.mp4=01;35:*.m4v=01;35:*.mp4v=01;35:*.vob=01;35:*.qt=01;35:*.nuv=01;35:*.wmv=01;35:*.asf=01;35:*.rm=01;35:*.rmvb=01;35:*.flc=01;35:*.avi=01;35:*.fli=01;35:*.flv=01;35:*.gl=01;35:*.dl=01;35:*.xcf=01;35:*.xwd=01;35:*.yuv=01;35:*.cgm=01;35:*.emf=01;35:*.ogv=01;35:*.ogx=01;35:*.aac=00;36:*.au=00;36:*.flac=00;36:*.m4a=00;36:*.mid=00;36:*.midi=00;36:*.mka=00;36:*.mp3=00;36:*.mpc=00;36:*.ogg=00;36:*.ra=00;36:*.wav=00;36:*.oga=00;36:*.opus=00;36:*.spx=00;36:*.xspf=00;36:'), ('SSH_AUTH_SOCK', '/ssh-agent'), ('AMENT_PREFIX_PATH', '/opt/ros/humble'), ('DEBIAN_FRONTEND', 'noninteractive'), ('LESSCLOSE', '/usr/bin/lesspipe %s %s'), ('PWD', '/ros2_ws/src/build/oradar_lidar'), ('XDG_CONFIG_DIRS', '/etc/xdg'), ('XDG_DATA_DIRS', '/usr/local/share:/usr/share'), ('PYTHONPATH', '/opt/ros/humble/lib/python3.10/site-packages:/opt/ros/humble/local/lib/python3.10/dist-packages'), ('COLCON', '1'), ('VTE_VERSION', '6800'), ('CMAKE_PREFIX_PATH', '/opt/ros/humble')]), 'shell': False}
[5.039288] (-) TimerEvent: {}
[5.049510] (msgs_srvs) StdoutLine: {'line': b'-- Using all available rosidl_typesupport_c: rosidl_typesupport_fastrtps_c;rosidl_typesupport_introspection_c\n'}
[5.111829] (oradar_lidar) StdoutLine: {'line': b'[ 15%] \x1b[32mBuilding CXX object sdk/CMakeFiles/oradar_sdk.dir/core/network/PassiveSocket.cpp.o\x1b[0m\n'}
[5.112366] (oradar_lidar) StdoutLine: {'line': b'[ 15%] \x1b[32mBuilding CXX object sdk/CMakeFiles/oradar_sdk.dir/core/network/ActiveSocket.cpp.o\x1b[0m\n'}
[5.112557] (oradar_lidar) StdoutLine: {'line': b'[ 15%] \x1b[32mBuilding CXX object sdk/CMakeFiles/oradar_sdk.dir/core/base/timer.cpp.o\x1b[0m\n'}
[5.115986] (oradar_lidar) StdoutLine: {'line': b'[ 20%] \x1b[32mBuilding CXX object sdk/CMakeFiles/oradar_sdk.dir/core/network/SimpleSocket.cpp.o\x1b[0m\n'}
[5.140648] (-) TimerEvent: {}
[5.241390] (-) TimerEvent: {}
[5.341841] (-) TimerEvent: {}
[5.414470] (msgs_srvs) StdoutLine: {'line': b'-- Using all available rosidl_typesupport_cpp: rosidl_typesupport_fastrtps_cpp;rosidl_typesupport_introspection_cpp\n'}
[5.442486] (-) TimerEvent: {}
[5.464968] (msgs_srvs) StdoutLine: {'line': b'-- Found PythonInterp: /usr/bin/python3 (found suitable version "3.10.12", minimum required is "3.6") \n'}
[5.478187] (msgs_srvs) StdoutLine: {'line': b'-- Found python_cmake_module: 0.10.0 (/opt/ros/humble/share/python_cmake_module/cmake)\n'}
[5.538824] (msgs_srvs) StdoutLine: {'line': b'-- Found PythonLibs: /usr/lib/aarch64-linux-gnu/libpython3.10.so (found suitable version "3.10.12", minimum required is "3.5") \n'}
[5.539644] (msgs_srvs) StdoutLine: {'line': b'-- Using PYTHON_EXECUTABLE: /usr/bin/python3\n'}
[5.540084] (msgs_srvs) StdoutLine: {'line': b'-- Using PYTHON_INCLUDE_DIRS: /usr/include/python3.10\n'}
[5.540404] (msgs_srvs) StdoutLine: {'line': b'-- Using PYTHON_LIBRARIES: /usr/lib/aarch64-linux-gnu/libpython3.10.so\n'}
[5.542632] (-) TimerEvent: {}
[5.610047] (msgs_srvs) StdoutLine: {'line': b'-- Found PythonExtra: .so  \n'}
[5.642773] (-) TimerEvent: {}
[5.743863] (-) TimerEvent: {}
[5.831627] (msgs_srvs) StdoutLine: {'line': b'-- Found ament_lint_auto: 0.12.11 (/opt/ros/humble/share/ament_lint_auto/cmake)\n'}
[5.843967] (-) TimerEvent: {}
[5.944622] (-) TimerEvent: {}
[6.018762] (msgs_srvs) StdoutLine: {'line': b"-- Added test 'lint_cmake' to check CMake code style\n"}
[6.030617] (msgs_srvs) StdoutLine: {'line': b"-- Added test 'xmllint' to check XML markup files\n"}
[6.030989] (oradar_lidar) StdoutLine: {'line': b'[ 25%] \x1b[32mBuilding CXX object sdk/CMakeFiles/oradar_sdk.dir/core/serial/serial.cpp.o\x1b[0m\n'}
[6.037935] (msgs_srvs) StdoutLine: {'line': b'-- Configuring done\n'}
[6.044777] (-) TimerEvent: {}
[6.138890] (msgs_srvs) StdoutLine: {'line': b'-- Generating done\n'}
[6.144909] (-) TimerEvent: {}
[6.176741] (msgs_srvs) StdoutLine: {'line': b'-- Build files have been written to: /ros2_ws/src/build/msgs_srvs\n'}
[6.214433] (msgs_srvs) CommandEnded: {'returncode': 0}
[6.217245] (msgs_srvs) JobProgress: {'identifier': 'msgs_srvs', 'progress': 'build'}
[6.217373] (msgs_srvs) Command: {'cmd': ['/usr/bin/cmake', '--build', '/ros2_ws/src/build/msgs_srvs', '--', '-j4', '-l4'], 'cwd': '/ros2_ws/src/build/msgs_srvs', 'env': OrderedDict([('VNCDESKTOP', 'TurboVNC: tarzan-desktop:1 ()'), ('LESSOPEN', '| /usr/bin/lesspipe %s'), ('HOSTNAME', 'tarzan-desktop'), ('SSH_AGENT_PID', '183'), ('SHLVL', '2'), ('LD_LIBRARY_PATH', '/opt/ros/humble/opt/rviz_ogre_vendor/lib:/opt/ros/humble/lib/aarch64-linux-gnu:/opt/ros/humble/lib'), ('HOME', '/root'), ('OLDPWD', '/ros2_ws'), ('DESKTOP_SESSION', 'xfce'), ('PANEL_GDK_CORE_DEVICE_EVENTS', '0'), ('ROS_PYTHON_VERSION', '3'), ('DBUS_SESSION_BUS_ADDRESS', 'unix:abstract=/tmp/dbus-4CJIhrXuxg,guid=f501d653e06661677ef966f767c66fec'), ('COLORTERM', 'truecolor'), ('ROS_DISTRO', 'humble'), ('VGL_PROBEGLX', '0'), ('WINDOWID', '41943043'), ('FONT_ENCODINGS_DIRECTORY', '/usr/share/fonts/X11/encodings'), ('_', '/usr/bin/colcon'), ('ROS_VERSION', '2'), ('TERM', 'xterm-256color'), ('ROS_LOCALHOST_ONLY', '0'), ('PATH', '/opt/ros/humble/bin:/usr/local/sbin:/usr/local/bin:/usr/sbin:/usr/bin:/sbin:/bin'), ('SESSION_MANAGER', 'local/tarzan-desktop:@/tmp/.ICE-unix/133,unix/tarzan-desktop:/tmp/.ICE-unix/133'), ('XDG_MENU_PREFIX', 'xfce-'), ('VGL_COMPRESS', '0'), ('DISPLAY', ':1.0'), ('LANG', 'en_US.UTF-8'), ('XDG_CURRENT_DESKTOP', 'XFCE'), ('LS_COLORS', 'rs=0:di=01;34:ln=01;36:mh=00:pi=40;33:so=01;35:do=01;35:bd=40;33;01:cd=40;33;01:or=40;31;01:mi=00:su=37;41:sg=30;43:ca=30;41:tw=30;42:ow=34;42:st=37;44:ex=01;32:*.tar=01;31:*.tgz=01;31:*.arc=01;31:*.arj=01;31:*.taz=01;31:*.lha=01;31:*.lz4=01;31:*.lzh=01;31:*.lzma=01;31:*.tlz=01;31:*.txz=01;31:*.tzo=01;31:*.t7z=01;31:*.zip=01;31:*.z=01;31:*.dz=01;31:*.gz=01;31:*.lrz=01;31:*.lz=01;31:*.lzo=01;31:*.xz=01;31:*.zst=01;31:*.tzst=01;31:*.bz2=01;31:*.bz=01;31:*.tbz=01;31:*.tbz2=01;31:*.tz=01;31:*.deb=01;31:*.rpm=01;31:*.jar=01;31:*.war=01;31:*.ear=01;31:*.sar=01;31:*.rar=01;31:*.alz=01;31:*.ace=01;31:*.zoo=01;31:*.cpio=01;31:*.7z=01;31:*.rz=01;31:*.cab=01;31:*.wim=01;31:*.swm=01;31:*.dwm=01;31:*.esd=01;31:*.jpg=01;35:*.jpeg=01;35:*.mjpg=01;35:*.mjpeg=01;35:*.gif=01;35:*.bmp=01;35:*.pbm=01;35:*.pgm=01;35:*.ppm=01;35:*.tga=01;35:*.xbm=01;35:*.xpm=01;35:*.tif=01;35:*.tiff=01;35:*.png=01;35:*.svg=01;35:*.svgz=01;35:*.mng=01;35:*.pcx=01;35:*.mov=01;35:*.mpg=01;35:*.mpeg=01;35:*.m2v=01;35:*.mkv=01;35:*.webm=01;35:*.webp=01;35:*.ogm=01;35:*.mp4=01;35:*.m4v=01;35:*.mp4v=01;35:*.vob=01;35:*.qt=01;35:*.nuv=01;35:*.wmv=01;35:*.asf=01;35:*.rm=01;35:*.rmvb=01;35:*.flc=01;35:*.avi=01;35:*.fli=01;35:*.flv=01;35:*.gl=01;35:*.dl=01;35:*.xcf=01;35:*.xwd=01;35:*.yuv=01;35:*.cgm=01;35:*.emf=01;35:*.ogv=01;35:*.ogx=01;35:*.aac=00;36:*.au=00;36:*.flac=00;36:*.m4a=00;36:*.mid=00;36:*.midi=00;36:*.mka=00;36:*.mp3=00;36:*.mpc=00;36:*.ogg=00;36:*.ra=00;36:*.wav=00;36:*.oga=00;36:*.opus=00;36:*.spx=00;36:*.xspf=00;36:'), ('SSH_AUTH_SOCK', '/ssh-agent'), ('AMENT_PREFIX_PATH', '/opt/ros/humble'), ('DEBIAN_FRONTEND', 'noninteractive'), ('LESSCLOSE', '/usr/bin/lesspipe %s %s'), ('PWD', '/ros2_ws/src/build/msgs_srvs'), ('XDG_CONFIG_DIRS', '/etc/xdg'), ('XDG_DATA_DIRS', '/usr/local/share:/usr/share'), ('PYTHONPATH', '/opt/ros/humble/lib/python3.10/site-packages:/opt/ros/humble/local/lib/python3.10/dist-packages'), ('COLCON', '1'), ('VTE_VERSION', '6800'), ('CMAKE_PREFIX_PATH', '/opt/ros/humble')]), 'shell': False}
[6.247168] (-) TimerEvent: {}
[6.344378] (oradar_lidar) StdoutLine: {'line': b'[ 30%] \x1b[32mBuilding C object sdk/CMakeFiles/oradar_sdk.dir/core/serial/impl/unix/lock.c.o\x1b[0m\n'}
[6.347315] (-) TimerEvent: {}
[6.385951] (msgs_srvs) StdoutLine: {'line': b'[  1%] \x1b[34m\x1b[1mGenerating C code for ROS interfaces\x1b[0m\n'}
[6.414703] (msgs_srvs) StdoutLine: {'line': b'[  2%] \x1b[34m\x1b[1mGenerating C++ code for ROS interfaces\x1b[0m\n'}
[6.429145] (oradar_lidar) StdoutLine: {'line': b'[ 35%] \x1b[32mBuilding CXX object sdk/CMakeFiles/oradar_sdk.dir/core/serial/impl/unix/list_ports_linux.cpp.o\x1b[0m\n'}
[6.449453] (-) TimerEvent: {}
[6.469726] (msgs_srvs) StdoutLine: {'line': b'[  2%] Built target ament_cmake_python_symlink_msgs_srvs\n'}
[6.551612] (-) TimerEvent: {}
[6.653613] (-) TimerEvent: {}
[6.754257] (-) TimerEvent: {}
[6.854805] (-) TimerEvent: {}
[6.959604] (-) TimerEvent: {}
[7.060079] (-) TimerEvent: {}
[7.161072] (-) TimerEvent: {}
[7.175256] (msgs_srvs) StdoutLine: {'line': b'running egg_info\n'}
[7.176888] (msgs_srvs) StdoutLine: {'line': b'creating msgs_srvs.egg-info\n'}
[7.177239] (msgs_srvs) StdoutLine: {'line': b'writing msgs_srvs.egg-info/PKG-INFO\n'}
[7.180683] (msgs_srvs) StdoutLine: {'line': b'writing dependency_links to msgs_srvs.egg-info/dependency_links.txt\n'}
[7.181186] (msgs_srvs) StdoutLine: {'line': b'writing top-level names to msgs_srvs.egg-info/top_level.txt\n'}
[7.181495] (msgs_srvs) StdoutLine: {'line': b"writing manifest file 'msgs_srvs.egg-info/SOURCES.txt'\n"}
[7.187962] (msgs_srvs) StdoutLine: {'line': b"reading manifest file 'msgs_srvs.egg-info/SOURCES.txt'\n"}
[7.189483] (msgs_srvs) StdoutLine: {'line': b"writing manifest file 'msgs_srvs.egg-info/SOURCES.txt'\n"}
[7.261169] (-) TimerEvent: {}
[7.309725] (msgs_srvs) StdoutLine: {'line': b'[  2%] Built target ament_cmake_python_build_msgs_srvs_egg\n'}
[7.363919] (-) TimerEvent: {}
[7.364951] (oradar_lidar) StdoutLine: {'line': b'[ 40%] \x1b[32mBuilding CXX object sdk/CMakeFiles/oradar_sdk.dir/core/serial/impl/unix/unix_serial.cpp.o\x1b[0m\n'}
[7.466595] (-) TimerEvent: {}
[7.569716] (-) TimerEvent: {}
[7.666352] (oradar_lidar) StdoutLine: {'line': b'[ 45%] \x1b[32mBuilding CXX object sdk/CMakeFiles/oradar_sdk.dir/src/ord_lidar_c_api_driver.cpp.o\x1b[0m\n'}
[7.673617] (-) TimerEvent: {}
[7.774286] (-) TimerEvent: {}
[7.874817] (-) TimerEvent: {}
[7.982616] (-) TimerEvent: {}
[8.083105] (-) TimerEvent: {}
[8.183622] (-) TimerEvent: {}
[8.284574] (-) TimerEvent: {}
[8.388067] (-) TimerEvent: {}
[8.488668] (-) TimerEvent: {}
[8.579089] (oradar_lidar) StdoutLine: {'line': b'[ 50%] \x1b[32mBuilding CXX object sdk/CMakeFiles/oradar_sdk.dir/src/ord_lidar_driver.cpp.o\x1b[0m\n'}
[8.592629] (-) TimerEvent: {}
[8.693767] (-) TimerEvent: {}
[8.796848] (-) TimerEvent: {}
[8.899764] (-) TimerEvent: {}
[9.000712] (-) TimerEvent: {}
[9.102922] (-) TimerEvent: {}
[9.205675] (-) TimerEvent: {}
[9.308632] (-) TimerEvent: {}
[9.409309] (-) TimerEvent: {}
[9.523866] (-) TimerEvent: {}
[9.631636] (-) TimerEvent: {}
[9.732166] (-) TimerEvent: {}
[9.833816] (-) TimerEvent: {}
[9.859652] (oradar_lidar) StdoutLine: {'line': b'[ 55%] \x1b[32mBuilding CXX object sdk/CMakeFiles/oradar_sdk.dir/src/filters/FullScanFilter.cpp.o\x1b[0m\n'}
[9.934654] (-) TimerEvent: {}
[10.035626] (-) TimerEvent: {}
[10.116005] (msgs_srvs) StdoutLine: {'line': b'[  3%] \x1b[32mBuilding C object CMakeFiles/msgs_srvs__rosidl_generator_c.dir/rosidl_generator_c/msgs_srvs/msg/detail/button_state__functions.c.o\x1b[0m\n'}
[10.136010] (-) TimerEvent: {}
[10.137741] (msgs_srvs) StdoutLine: {'line': b'[  4%] \x1b[32mBuilding C object CMakeFiles/msgs_srvs__rosidl_generator_c.dir/rosidl_generator_c/msgs_srvs/msg/detail/led_state__functions.c.o\x1b[0m\n'}
[10.147665] (msgs_srvs) StdoutLine: {'line': b'[  5%] \x1b[32mBuilding C object CMakeFiles/msgs_srvs__rosidl_generator_c.dir/rosidl_generator_c/msgs_srvs/msg/detail/buzzer_state__functions.c.o\x1b[0m\n'}
[10.238638] (-) TimerEvent: {}
[10.339346] (-) TimerEvent: {}
[10.411635] (msgs_srvs) StdoutLine: {'line': b'[  6%] \x1b[32mBuilding C object CMakeFiles/msgs_srvs__rosidl_generator_c.dir/rosidl_generator_c/msgs_srvs/msg/detail/motors_state__functions.c.o\x1b[0m\n'}
[10.426926] (msgs_srvs) StdoutLine: {'line': b'[  7%] \x1b[32mBuilding C object CMakeFiles/msgs_srvs__rosidl_generator_c.dir/rosidl_generator_c/msgs_srvs/msg/detail/motor_state__functions.c.o\x1b[0m\n'}
[10.439541] (-) TimerEvent: {}
[10.475063] (msgs_srvs) StdoutLine: {'line': b'[  8%] \x1b[32mBuilding C object CMakeFiles/msgs_srvs__rosidl_generator_c.dir/rosidl_generator_c/msgs_srvs/msg/detail/pwm_servo_state__functions.c.o\x1b[0m\n'}
[10.541638] (-) TimerEvent: {}
[10.555686] (msgs_srvs) StdoutLine: {'line': b'[  8%] Built target msgs_srvs__cpp\n'}
[10.637145] (msgs_srvs) StdoutLine: {'line': b'[  9%] \x1b[34m\x1b[1mGenerating C++ type support dispatch for ROS interfaces\x1b[0m\n'}
[10.641777] (-) TimerEvent: {}
[10.697662] (msgs_srvs) StdoutLine: {'line': b'[ 10%] \x1b[32mBuilding C object CMakeFiles/msgs_srvs__rosidl_generator_c.dir/rosidl_generator_c/msgs_srvs/msg/detail/pwm_servo_state_duration__functions.c.o\x1b[0m\n'}
[10.709752] (msgs_srvs) StdoutLine: {'line': b'[ 11%] \x1b[34m\x1b[1mGenerating C++ type support for eProsima Fast-RTPS\x1b[0m\n'}
[10.724144] (msgs_srvs) StdoutLine: {'line': b'[ 12%] \x1b[34m\x1b[1mGenerating C++ introspection for ROS interfaces\x1b[0m\n'}
[10.744630] (-) TimerEvent: {}
[10.847616] (-) TimerEvent: {}
[10.887474] (msgs_srvs) StdoutLine: {'line': b'[ 13%] \x1b[32mBuilding C object CMakeFiles/msgs_srvs__rosidl_generator_c.dir/rosidl_generator_c/msgs_srvs/msg/detail/sbus__functions.c.o\x1b[0m\n'}
[10.950985] (-) TimerEvent: {}
[11.053256] (-) TimerEvent: {}
[11.098831] (msgs_srvs) StdoutLine: {'line': b'[ 14%] \x1b[32mBuilding C object CMakeFiles/msgs_srvs__rosidl_generator_c.dir/rosidl_generator_c/msgs_srvs/srv/detail/pwm_servo_state__functions.c.o\x1b[0m\n'}
[11.156596] (-) TimerEvent: {}
[11.257053] (-) TimerEvent: {}
[11.289753] (oradar_lidar) StderrLine: {'line': b'\x1b[01m\x1b[K/ros2_ws/src/p2117_ros/oradar_ros/sdk/src/ord_lidar_driver.cpp:\x1b[m\x1b[K In member function \xe2\x80\x98\x1b[01m\x1b[Kbool ordlidar::OrdlidarDriver::uart_data_find_init_info(unsigned char*, int)\x1b[m\x1b[K\xe2\x80\x99:\n'}
[11.290044] (oradar_lidar) StderrLine: {'line': b'\x1b[01m\x1b[K/ros2_ws/src/p2117_ros/oradar_ros/sdk/src/ord_lidar_driver.cpp:203:9:\x1b[m\x1b[K \x1b[01;35m\x1b[Kwarning: \x1b[m\x1b[Kno return statement in function returning non-void [\x1b[01;35m\x1b[K\x1b]8;;https://gcc.gnu.org/onlinedocs/gcc/Warning-Options.html#index-Wreturn-type\x07-Wreturn-type\x1b]8;;\x07\x1b[m\x1b[K]\n'}
[11.290170] (oradar_lidar) StderrLine: {'line': b'  203 |         \x1b[01;35m\x1b[K}\x1b[m\x1b[K\n'}
[11.290254] (oradar_lidar) StderrLine: {'line': b'      |         \x1b[01;35m\x1b[K^\x1b[m\x1b[K\n'}
[11.301713] (msgs_srvs) StdoutLine: {'line': b'[ 15%] \x1b[32m\x1b[1mLinking C shared library libmsgs_srvs__rosidl_generator_c.so\x1b[0m\n'}
[11.357188] (-) TimerEvent: {}
[11.461871] (-) TimerEvent: {}
[11.491084] (msgs_srvs) StdoutLine: {'line': b'[ 15%] Built target msgs_srvs__rosidl_generator_c\n'}
[11.549629] (msgs_srvs) StdoutLine: {'line': b'[ 16%] \x1b[34m\x1b[1mGenerating C type support for eProsima Fast-RTPS\x1b[0m\n'}
[11.561985] (-) TimerEvent: {}
[11.662564] (-) TimerEvent: {}
[11.763768] (-) TimerEvent: {}
[11.864350] (-) TimerEvent: {}
[11.970643] (-) TimerEvent: {}
[12.071171] (-) TimerEvent: {}
[12.172612] (-) TimerEvent: {}
[12.271169] (msgs_srvs) StdoutLine: {'line': b'[ 17%] \x1b[32mBuilding CXX object CMakeFiles/msgs_srvs__rosidl_typesupport_cpp.dir/rosidl_typesupport_cpp/msgs_srvs/msg/button_state__type_support.cpp.o\x1b[0m\n'}
[12.272758] (-) TimerEvent: {}
[12.374608] (-) TimerEvent: {}
[12.477896] (-) TimerEvent: {}
[12.579558] (-) TimerEvent: {}
[12.590760] (msgs_srvs) StdoutLine: {'line': b'[ 18%] \x1b[32mBuilding CXX object CMakeFiles/msgs_srvs__rosidl_typesupport_introspection_cpp.dir/rosidl_typesupport_introspection_cpp/msgs_srvs/msg/detail/button_state__type_support.cpp.o\x1b[0m\n'}
[12.668233] (oradar_lidar) StdoutLine: {'line': b'[ 60%] \x1b[32m\x1b[1mLinking CXX static library ../liboradar_sdk.a\x1b[0m\n'}
[12.681680] (-) TimerEvent: {}
[12.782154] (-) TimerEvent: {}
[12.805387] (msgs_srvs) StdoutLine: {'line': b'[ 20%] \x1b[32mBuilding CXX object CMakeFiles/msgs_srvs__rosidl_typesupport_fastrtps_cpp.dir/rosidl_typesupport_fastrtps_cpp/msgs_srvs/msg/detail/dds_fastrtps/button_state__type_support.cpp.o\x1b[0m\n'}
[12.883667] (-) TimerEvent: {}
[12.896655] (oradar_lidar) StdoutLine: {'line': b'[ 60%] Built target oradar_sdk\n'}
[12.987857] (oradar_lidar) StdoutLine: {'line': b'[ 65%] \x1b[32mBuilding CXX object sdk/samples/CMakeFiles/blocking_test.dir/blocking_test.cpp.o\x1b[0m\n'}
[12.988238] (-) TimerEvent: {}
[12.999676] (oradar_lidar) StdoutLine: {'line': b'[ 70%] \x1b[32mBuilding CXX object CMakeFiles/oradar_scan.dir/src/oradar_scan_node.cpp.o\x1b[0m\n'}
[13.009005] (oradar_lidar) StdoutLine: {'line': b'[ 75%] \x1b[32mBuilding CXX object sdk/samples/CMakeFiles/non-blocking_test.dir/non-blocking_test.cpp.o\x1b[0m\n'}
[13.028679] (oradar_lidar) StdoutLine: {'line': b'[ 80%] \x1b[32mBuilding C object sdk/samples/CMakeFiles/blocking_c_api_test.dir/blocking_c_api_test.c.o\x1b[0m\n'}
[13.090623] (-) TimerEvent: {}
[13.193631] (-) TimerEvent: {}
[13.294217] (-) TimerEvent: {}
[13.402682] (-) TimerEvent: {}
[13.434654] (oradar_lidar) StdoutLine: {'line': b'[ 85%] \x1b[32m\x1b[1mLinking CXX executable ../../blocking_c_api_test\x1b[0m\n'}
[13.504636] (-) TimerEvent: {}
[13.605433] (-) TimerEvent: {}
[13.708633] (-) TimerEvent: {}
[13.727350] (msgs_srvs) StdoutLine: {'line': b'[ 21%] \x1b[32mBuilding CXX object CMakeFiles/msgs_srvs__rosidl_typesupport_cpp.dir/rosidl_typesupport_cpp/msgs_srvs/msg/buzzer_state__type_support.cpp.o\x1b[0m\n'}
[13.763897] (oradar_lidar) StdoutLine: {'line': b'[ 85%] Built target blocking_c_api_test\n'}
[13.808785] (-) TimerEvent: {}
[13.913623] (-) TimerEvent: {}
[14.016799] (-) TimerEvent: {}
[14.126622] (-) TimerEvent: {}
[14.230260] (-) TimerEvent: {}
[14.248664] (msgs_srvs) StdoutLine: {'line': b'[ 22%] \x1b[32mBuilding CXX object CMakeFiles/msgs_srvs__rosidl_typesupport_fastrtps_c.dir/rosidl_typesupport_fastrtps_c/msgs_srvs/msg/detail/button_state__type_support_c.cpp.o\x1b[0m\n'}
[14.330586] (-) TimerEvent: {}
[14.382618] (oradar_lidar) StdoutLine: {'line': b'[ 90%] \x1b[32m\x1b[1mLinking CXX executable ../../blocking_test\x1b[0m\n'}
[14.400914] (msgs_srvs) StdoutLine: {'line': b'[ 23%] \x1b[32mBuilding CXX object CMakeFiles/msgs_srvs__rosidl_typesupport_introspection_cpp.dir/rosidl_typesupport_introspection_cpp/msgs_srvs/msg/detail/buzzer_state__type_support.cpp.o\x1b[0m\n'}
[14.432101] (-) TimerEvent: {}
[14.539611] (-) TimerEvent: {}
[14.643332] (-) TimerEvent: {}
[14.744019] (-) TimerEvent: {}
[14.754700] (msgs_srvs) StdoutLine: {'line': b'[ 24%] \x1b[32mBuilding CXX object CMakeFiles/msgs_srvs__rosidl_typesupport_fastrtps_cpp.dir/rosidl_typesupport_fastrtps_cpp/msgs_srvs/msg/detail/dds_fastrtps/buzzer_state__type_support.cpp.o\x1b[0m\n'}
[14.845800] (-) TimerEvent: {}
[14.900991] (oradar_lidar) StdoutLine: {'line': b'[ 90%] Built target blocking_test\n'}
[14.946084] (-) TimerEvent: {}
[14.993085] (oradar_lidar) StdoutLine: {'line': b'[ 95%] \x1b[32m\x1b[1mLinking CXX executable ../../non-blocking_test\x1b[0m\n'}
[15.046100] (-) TimerEvent: {}
[15.148876] (-) TimerEvent: {}
[15.247740] (oradar_lidar) StdoutLine: {'line': b'[ 95%] Built target non-blocking_test\n'}
[15.249007] (-) TimerEvent: {}
[15.349677] (-) TimerEvent: {}
[15.400424] (msgs_srvs) StdoutLine: {'line': b'[ 25%] \x1b[32mBuilding CXX object CMakeFiles/msgs_srvs__rosidl_typesupport_cpp.dir/rosidl_typesupport_cpp/msgs_srvs/msg/led_state__type_support.cpp.o\x1b[0m\n'}
[15.451961] (-) TimerEvent: {}
[15.518716] (msgs_srvs) StdoutLine: {'line': b'[ 26%] \x1b[32mBuilding CXX object CMakeFiles/msgs_srvs__rosidl_typesupport_introspection_cpp.dir/rosidl_typesupport_introspection_cpp/msgs_srvs/msg/detail/led_state__type_support.cpp.o\x1b[0m\n'}
[15.554647] (-) TimerEvent: {}
[15.655640] (-) TimerEvent: {}
[15.743678] (msgs_srvs) StdoutLine: {'line': b'[ 27%] \x1b[32mBuilding CXX object CMakeFiles/msgs_srvs__rosidl_typesupport_fastrtps_c.dir/rosidl_typesupport_fastrtps_c/msgs_srvs/msg/detail/buzzer_state__type_support_c.cpp.o\x1b[0m\n'}
[15.755780] (-) TimerEvent: {}
[15.858953] (-) TimerEvent: {}
[15.963785] (-) TimerEvent: {}
[16.069634] (-) TimerEvent: {}
[16.170609] (-) TimerEvent: {}
[16.251976] (msgs_srvs) StdoutLine: {'line': b'[ 28%] \x1b[32mBuilding CXX object CMakeFiles/msgs_srvs__rosidl_typesupport_cpp.dir/rosidl_typesupport_cpp/msgs_srvs/msg/motors_state__type_support.cpp.o\x1b[0m\n'}
[16.270767] (-) TimerEvent: {}
[16.371497] (-) TimerEvent: {}
[16.475782] (-) TimerEvent: {}
[16.483084] (msgs_srvs) StdoutLine: {'line': b'[ 29%] \x1b[32mBuilding CXX object CMakeFiles/msgs_srvs__rosidl_typesupport_fastrtps_cpp.dir/rosidl_typesupport_fastrtps_cpp/msgs_srvs/msg/detail/dds_fastrtps/led_state__type_support.cpp.o\x1b[0m\n'}
[16.575944] (-) TimerEvent: {}
[16.680632] (-) TimerEvent: {}
[16.781314] (-) TimerEvent: {}
[16.791281] (msgs_srvs) StdoutLine: {'line': b'[ 30%] \x1b[32mBuilding CXX object CMakeFiles/msgs_srvs__rosidl_typesupport_fastrtps_c.dir/rosidl_typesupport_fastrtps_c/msgs_srvs/msg/detail/led_state__type_support_c.cpp.o\x1b[0m\n'}
[16.881483] (-) TimerEvent: {}
[16.895099] (msgs_srvs) StdoutLine: {'line': b'[ 31%] \x1b[32mBuilding CXX object CMakeFiles/msgs_srvs__rosidl_typesupport_introspection_cpp.dir/rosidl_typesupport_introspection_cpp/msgs_srvs/msg/detail/motors_state__type_support.cpp.o\x1b[0m\n'}
[16.981636] (-) TimerEvent: {}
[17.084883] (-) TimerEvent: {}
[17.185747] (-) TimerEvent: {}
[17.288839] (-) TimerEvent: {}
[17.389940] (-) TimerEvent: {}
[17.397267] (msgs_srvs) StdoutLine: {'line': b'[ 32%] \x1b[32mBuilding CXX object CMakeFiles/msgs_srvs__rosidl_typesupport_cpp.dir/rosidl_typesupport_cpp/msgs_srvs/msg/motor_state__type_support.cpp.o\x1b[0m\n'}
[17.492635] (-) TimerEvent: {}
[17.587745] (msgs_srvs) StdoutLine: {'line': b'[ 33%] \x1b[32mBuilding CXX object CMakeFiles/msgs_srvs__rosidl_typesupport_fastrtps_cpp.dir/rosidl_typesupport_fastrtps_cpp/msgs_srvs/msg/detail/dds_fastrtps/motors_state__type_support.cpp.o\x1b[0m\n'}
[17.597375] (-) TimerEvent: {}
[17.697959] (-) TimerEvent: {}
[17.798517] (-) TimerEvent: {}
[17.899287] (-) TimerEvent: {}
[18.002911] (-) TimerEvent: {}
[18.014775] (msgs_srvs) StdoutLine: {'line': b'[ 34%] \x1b[32mBuilding CXX object CMakeFiles/msgs_srvs__rosidl_typesupport_fastrtps_c.dir/rosidl_typesupport_fastrtps_c/msgs_srvs/msg/detail/motors_state__type_support_c.cpp.o\x1b[0m\n'}
[18.105724] (msgs_srvs) StdoutLine: {'line': b'[ 35%] \x1b[32mBuilding CXX object CMakeFiles/msgs_srvs__rosidl_typesupport_introspection_cpp.dir/rosidl_typesupport_introspection_cpp/msgs_srvs/msg/detail/motor_state__type_support.cpp.o\x1b[0m\n'}
[18.106095] (-) TimerEvent: {}
[18.208620] (-) TimerEvent: {}
[18.311657] (-) TimerEvent: {}
[18.412388] (-) TimerEvent: {}
[18.451690] (msgs_srvs) StdoutLine: {'line': b'[ 36%] \x1b[32mBuilding CXX object CMakeFiles/msgs_srvs__rosidl_typesupport_cpp.dir/rosidl_typesupport_cpp/msgs_srvs/msg/pwm_servo_state__type_support.cpp.o\x1b[0m\n'}
[18.514090] (-) TimerEvent: {}
[18.614603] (-) TimerEvent: {}
[18.715985] (-) TimerEvent: {}
[18.817980] (-) TimerEvent: {}
[18.921626] (-) TimerEvent: {}
[19.022402] (-) TimerEvent: {}
[19.123181] (-) TimerEvent: {}
[19.161632] (msgs_srvs) StdoutLine: {'line': b'[ 37%] \x1b[32mBuilding CXX object CMakeFiles/msgs_srvs__rosidl_typesupport_cpp.dir/rosidl_typesupport_cpp/msgs_srvs/msg/pwm_servo_state_duration__type_support.cpp.o\x1b[0m\n'}
[19.204346] (msgs_srvs) StdoutLine: {'line': b'[ 38%] \x1b[32mBuilding CXX object CMakeFiles/msgs_srvs__rosidl_typesupport_fastrtps_c.dir/rosidl_typesupport_fastrtps_c/msgs_srvs/msg/detail/motor_state__type_support_c.cpp.o\x1b[0m\n'}
[19.225759] (-) TimerEvent: {}
[19.313803] (msgs_srvs) StdoutLine: {'line': b'[ 40%] \x1b[32mBuilding CXX object CMakeFiles/msgs_srvs__rosidl_typesupport_fastrtps_cpp.dir/rosidl_typesupport_fastrtps_cpp/msgs_srvs/msg/detail/dds_fastrtps/motor_state__type_support.cpp.o\x1b[0m\n'}
[19.325896] (-) TimerEvent: {}
[19.426420] (-) TimerEvent: {}
[19.527274] (-) TimerEvent: {}
[19.544756] (msgs_srvs) StdoutLine: {'line': b'[ 41%] \x1b[32mBuilding CXX object CMakeFiles/msgs_srvs__rosidl_typesupport_introspection_cpp.dir/rosidl_typesupport_introspection_cpp/msgs_srvs/msg/detail/pwm_servo_state__type_support.cpp.o\x1b[0m\n'}
[19.631648] (-) TimerEvent: {}
[19.732208] (-) TimerEvent: {}
[19.818806] (msgs_srvs) StdoutLine: {'line': b'[ 42%] \x1b[32mBuilding CXX object CMakeFiles/msgs_srvs__rosidl_typesupport_cpp.dir/rosidl_typesupport_cpp/msgs_srvs/msg/sbus__type_support.cpp.o\x1b[0m\n'}
[19.832364] (-) TimerEvent: {}
[19.934655] (-) TimerEvent: {}
[20.039623] (-) TimerEvent: {}
[20.140145] (-) TimerEvent: {}
[20.240720] (-) TimerEvent: {}
[20.289825] (msgs_srvs) StdoutLine: {'line': b'[ 43%] \x1b[32mBuilding CXX object CMakeFiles/msgs_srvs__rosidl_typesupport_fastrtps_c.dir/rosidl_typesupport_fastrtps_c/msgs_srvs/msg/detail/pwm_servo_state__type_support_c.cpp.o\x1b[0m\n'}
[20.340893] (-) TimerEvent: {}
[20.442293] (-) TimerEvent: {}
[20.453012] (msgs_srvs) StdoutLine: {'line': b'[ 44%] \x1b[32mBuilding CXX object CMakeFiles/msgs_srvs__rosidl_typesupport_fastrtps_cpp.dir/rosidl_typesupport_fastrtps_cpp/msgs_srvs/msg/detail/dds_fastrtps/pwm_servo_state__type_support.cpp.o\x1b[0m\n'}
[20.541779] (-) TimerEvent: {}
[20.644211] (-) TimerEvent: {}
[20.747654] (-) TimerEvent: {}
[20.783939] (msgs_srvs) StdoutLine: {'line': b'[ 45%] \x1b[32mBuilding CXX object CMakeFiles/msgs_srvs__rosidl_typesupport_cpp.dir/rosidl_typesupport_cpp/msgs_srvs/srv/pwm_servo_state__type_support.cpp.o\x1b[0m\n'}
[20.850621] (-) TimerEvent: {}
[20.951135] (-) TimerEvent: {}
[21.051697] (-) TimerEvent: {}
[21.102895] (msgs_srvs) StdoutLine: {'line': b'[ 46%] \x1b[32mBuilding CXX object CMakeFiles/msgs_srvs__rosidl_typesupport_introspection_cpp.dir/rosidl_typesupport_introspection_cpp/msgs_srvs/msg/detail/pwm_servo_state_duration__type_support.cpp.o\x1b[0m\n'}
[21.154676] (-) TimerEvent: {}
[21.233871] (msgs_srvs) StdoutLine: {'line': b'[ 47%] \x1b[32mBuilding CXX object CMakeFiles/msgs_srvs__rosidl_typesupport_fastrtps_c.dir/rosidl_typesupport_fastrtps_c/msgs_srvs/msg/detail/pwm_servo_state_duration__type_support_c.cpp.o\x1b[0m\n'}
[21.254822] (-) TimerEvent: {}
[21.355379] (-) TimerEvent: {}
[21.456074] (-) TimerEvent: {}
[21.557958] (-) TimerEvent: {}
[21.658695] (-) TimerEvent: {}
[21.712419] (msgs_srvs) StdoutLine: {'line': b'[ 48%] \x1b[32mBuilding CXX object CMakeFiles/msgs_srvs__rosidl_typesupport_fastrtps_cpp.dir/rosidl_typesupport_fastrtps_cpp/msgs_srvs/msg/detail/dds_fastrtps/pwm_servo_state_duration__type_support.cpp.o\x1b[0m\n'}
[21.758881] (-) TimerEvent: {}
[21.827764] (msgs_srvs) StdoutLine: {'line': b'[ 49%] \x1b[32m\x1b[1mLinking CXX shared library libmsgs_srvs__rosidl_typesupport_cpp.so\x1b[0m\n'}
[21.859038] (-) TimerEvent: {}
[21.959709] (-) TimerEvent: {}
[22.060910] (-) TimerEvent: {}
[22.071067] (msgs_srvs) StdoutLine: {'line': b'[ 49%] Built target msgs_srvs__rosidl_typesupport_cpp\n'}
[22.138787] (msgs_srvs) StdoutLine: {'line': b'[ 50%] \x1b[32mBuilding CXX object CMakeFiles/msgs_srvs__rosidl_typesupport_fastrtps_c.dir/rosidl_typesupport_fastrtps_c/msgs_srvs/msg/detail/sbus__type_support_c.cpp.o\x1b[0m\n'}
[22.163723] (-) TimerEvent: {}
[22.264256] (-) TimerEvent: {}
[22.279947] (msgs_srvs) StdoutLine: {'line': b'[ 51%] \x1b[32mBuilding CXX object CMakeFiles/msgs_srvs__rosidl_typesupport_fastrtps_c.dir/rosidl_typesupport_fastrtps_c/msgs_srvs/srv/detail/pwm_servo_state__type_support_c.cpp.o\x1b[0m\n'}
[22.364705] (-) TimerEvent: {}
[22.465803] (-) TimerEvent: {}
[22.567645] (-) TimerEvent: {}
[22.668438] (-) TimerEvent: {}
[22.673629] (msgs_srvs) StdoutLine: {'line': b'[ 52%] \x1b[32mBuilding CXX object CMakeFiles/msgs_srvs__rosidl_typesupport_introspection_cpp.dir/rosidl_typesupport_introspection_cpp/msgs_srvs/msg/detail/sbus__type_support.cpp.o\x1b[0m\n'}
[22.768643] (-) TimerEvent: {}
[22.869208] (-) TimerEvent: {}
[22.969910] (-) TimerEvent: {}
[23.070434] (-) TimerEvent: {}
[23.174181] (-) TimerEvent: {}
[23.278541] (-) TimerEvent: {}
[23.285748] (msgs_srvs) StdoutLine: {'line': b'[ 53%] \x1b[32mBuilding CXX object CMakeFiles/msgs_srvs__rosidl_typesupport_fastrtps_cpp.dir/rosidl_typesupport_fastrtps_cpp/msgs_srvs/msg/detail/dds_fastrtps/sbus__type_support.cpp.o\x1b[0m\n'}
[23.379588] (-) TimerEvent: {}
[23.401871] (msgs_srvs) StdoutLine: {'line': b'[ 54%] \x1b[32m\x1b[1mLinking CXX shared library libmsgs_srvs__rosidl_typesupport_fastrtps_c.so\x1b[0m\n'}
[23.418614] (msgs_srvs) StdoutLine: {'line': b'[ 55%] \x1b[34m\x1b[1mGenerating C introspection for ROS interfaces\x1b[0m\n'}
[23.479710] (-) TimerEvent: {}
[23.584642] (-) TimerEvent: {}
[23.685243] (-) TimerEvent: {}
[23.786166] (-) TimerEvent: {}
[23.792675] (msgs_srvs) StdoutLine: {'line': b'[ 55%] Built target msgs_srvs__rosidl_typesupport_fastrtps_c\n'}
[23.858263] (msgs_srvs) StdoutLine: {'line': b'[ 56%] \x1b[34m\x1b[1mGenerating C type support dispatch for ROS interfaces\x1b[0m\n'}
[23.890603] (-) TimerEvent: {}
[23.991117] (-) TimerEvent: {}
[24.091613] (-) TimerEvent: {}
[24.192304] (-) TimerEvent: {}
[24.295234] (-) TimerEvent: {}
[24.376890] (msgs_srvs) StdoutLine: {'line': b'[ 57%] \x1b[32mBuilding CXX object CMakeFiles/msgs_srvs__rosidl_typesupport_introspection_cpp.dir/rosidl_typesupport_introspection_cpp/msgs_srvs/srv/detail/pwm_servo_state__type_support.cpp.o\x1b[0m\n'}
[24.395369] (-) TimerEvent: {}
[24.496435] (-) TimerEvent: {}
[24.601844] (-) TimerEvent: {}
[24.702607] (-) TimerEvent: {}
[24.726561] (msgs_srvs) StdoutLine: {'line': b'[ 58%] \x1b[32mBuilding CXX object CMakeFiles/msgs_srvs__rosidl_typesupport_fastrtps_cpp.dir/rosidl_typesupport_fastrtps_cpp/msgs_srvs/srv/detail/dds_fastrtps/pwm_servo_state__type_support.cpp.o\x1b[0m\n'}
[24.802734] (-) TimerEvent: {}
[24.903339] (-) TimerEvent: {}
[25.007664] (-) TimerEvent: {}
[25.108287] (-) TimerEvent: {}
[25.209196] (-) TimerEvent: {}
[25.304908] (msgs_srvs) StdoutLine: {'line': b'[ 60%] \x1b[32mBuilding CXX object CMakeFiles/msgs_srvs__rosidl_typesupport_c.dir/rosidl_typesupport_c/msgs_srvs/msg/button_state__type_support.cpp.o\x1b[0m\n'}
[25.309873] (-) TimerEvent: {}
[25.410638] (-) TimerEvent: {}
[25.466113] (msgs_srvs) StdoutLine: {'line': b'[ 61%] \x1b[32mBuilding CXX object CMakeFiles/msgs_srvs__rosidl_typesupport_c.dir/rosidl_typesupport_c/msgs_srvs/msg/buzzer_state__type_support.cpp.o\x1b[0m\n'}
[25.513644] (-) TimerEvent: {}
[25.578017] (msgs_srvs) StdoutLine: {'line': b'[ 62%] \x1b[32mBuilding CXX object CMakeFiles/msgs_srvs__rosidl_typesupport_c.dir/rosidl_typesupport_c/msgs_srvs/msg/led_state__type_support.cpp.o\x1b[0m\n'}
[25.613846] (-) TimerEvent: {}
[25.718643] (-) TimerEvent: {}
[25.730177] (msgs_srvs) StdoutLine: {'line': b'[ 63%] \x1b[32mBuilding CXX object CMakeFiles/msgs_srvs__rosidl_typesupport_c.dir/rosidl_typesupport_c/msgs_srvs/msg/motors_state__type_support.cpp.o\x1b[0m\n'}
[25.818819] (-) TimerEvent: {}
[25.850135] (msgs_srvs) StdoutLine: {'line': b'[ 64%] \x1b[32mBuilding CXX object CMakeFiles/msgs_srvs__rosidl_typesupport_c.dir/rosidl_typesupport_c/msgs_srvs/msg/motor_state__type_support.cpp.o\x1b[0m\n'}
[25.921632] (-) TimerEvent: {}
[26.003787] (msgs_srvs) StdoutLine: {'line': b'[ 65%] \x1b[32mBuilding CXX object CMakeFiles/msgs_srvs__rosidl_typesupport_c.dir/rosidl_typesupport_c/msgs_srvs/msg/pwm_servo_state__type_support.cpp.o\x1b[0m\n'}
[26.012583] (msgs_srvs) StdoutLine: {'line': b'[ 66%] \x1b[32mBuilding C object CMakeFiles/msgs_srvs__rosidl_typesupport_introspection_c.dir/rosidl_typesupport_introspection_c/msgs_srvs/msg/detail/button_state__type_support.c.o\x1b[0m\n'}
[26.021814] (-) TimerEvent: {}
[26.052121] (msgs_srvs) StdoutLine: {'line': b'[ 67%] \x1b[32m\x1b[1mLinking CXX shared library libmsgs_srvs__rosidl_typesupport_introspection_cpp.so\x1b[0m\n'}
[26.122005] (-) TimerEvent: {}
[26.129097] (msgs_srvs) StdoutLine: {'line': b'[ 68%] \x1b[32mBuilding CXX object CMakeFiles/msgs_srvs__rosidl_typesupport_c.dir/rosidl_typesupport_c/msgs_srvs/msg/pwm_servo_state_duration__type_support.cpp.o\x1b[0m\n'}
[26.140724] (msgs_srvs) StdoutLine: {'line': b'[ 69%] \x1b[32mBuilding C object CMakeFiles/msgs_srvs__rosidl_typesupport_introspection_c.dir/rosidl_typesupport_introspection_c/msgs_srvs/msg/detail/buzzer_state__type_support.c.o\x1b[0m\n'}
[26.222190] (-) TimerEvent: {}
[26.307394] (msgs_srvs) StdoutLine: {'line': b'[ 70%] \x1b[32mBuilding CXX object CMakeFiles/msgs_srvs__rosidl_typesupport_c.dir/rosidl_typesupport_c/msgs_srvs/msg/sbus__type_support.cpp.o\x1b[0m\n'}
[26.322365] (-) TimerEvent: {}
[26.354766] (msgs_srvs) StdoutLine: {'line': b'[ 71%] \x1b[32mBuilding C object CMakeFiles/msgs_srvs__rosidl_typesupport_introspection_c.dir/rosidl_typesupport_introspection_c/msgs_srvs/msg/detail/led_state__type_support.c.o\x1b[0m\n'}
[26.422528] (-) TimerEvent: {}
[26.435276] (msgs_srvs) StdoutLine: {'line': b'[ 71%] Built target msgs_srvs__rosidl_typesupport_introspection_cpp\n'}
[26.445273] (msgs_srvs) StdoutLine: {'line': b'[ 72%] \x1b[32mBuilding CXX object CMakeFiles/msgs_srvs__rosidl_typesupport_c.dir/rosidl_typesupport_c/msgs_srvs/srv/pwm_servo_state__type_support.cpp.o\x1b[0m\n'}
[26.446030] (msgs_srvs) StdoutLine: {'line': b'[ 73%] \x1b[32m\x1b[1mLinking CXX shared library libmsgs_srvs__rosidl_typesupport_fastrtps_cpp.so\x1b[0m\n'}
[26.461878] (msgs_srvs) StdoutLine: {'line': b'[ 74%] \x1b[32mBuilding C object CMakeFiles/msgs_srvs__rosidl_typesupport_introspection_c.dir/rosidl_typesupport_introspection_c/msgs_srvs/msg/detail/motors_state__type_support.c.o\x1b[0m\n'}
[26.486951] (msgs_srvs) StdoutLine: {'line': b'[ 75%] \x1b[32mBuilding C object CMakeFiles/msgs_srvs__rosidl_typesupport_introspection_c.dir/rosidl_typesupport_introspection_c/msgs_srvs/msg/detail/motor_state__type_support.c.o\x1b[0m\n'}
[26.522783] (-) TimerEvent: {}
[26.601131] (msgs_srvs) StdoutLine: {'line': b'[ 76%] \x1b[32mBuilding C object CMakeFiles/msgs_srvs__rosidl_typesupport_introspection_c.dir/rosidl_typesupport_introspection_c/msgs_srvs/msg/detail/pwm_servo_state__type_support.c.o\x1b[0m\n'}
[26.602538] (msgs_srvs) StdoutLine: {'line': b'[ 77%] \x1b[32m\x1b[1mLinking CXX shared library libmsgs_srvs__rosidl_typesupport_c.so\x1b[0m\n'}
[26.623006] (-) TimerEvent: {}
[26.626891] (msgs_srvs) StdoutLine: {'line': b'[ 78%] \x1b[32mBuilding C object CMakeFiles/msgs_srvs__rosidl_typesupport_introspection_c.dir/rosidl_typesupport_introspection_c/msgs_srvs/msg/detail/pwm_servo_state_duration__type_support.c.o\x1b[0m\n'}
[26.725679] (-) TimerEvent: {}
[26.729654] (msgs_srvs) StdoutLine: {'line': b'[ 80%] \x1b[32mBuilding C object CMakeFiles/msgs_srvs__rosidl_typesupport_introspection_c.dir/rosidl_typesupport_introspection_c/msgs_srvs/msg/detail/sbus__type_support.c.o\x1b[0m\n'}
[26.759786] (msgs_srvs) StdoutLine: {'line': b'[ 80%] Built target msgs_srvs__rosidl_typesupport_c\n'}
[26.769181] (msgs_srvs) StdoutLine: {'line': b'[ 80%] Built target msgs_srvs__rosidl_typesupport_fastrtps_cpp\n'}
[26.783011] (msgs_srvs) StdoutLine: {'line': b'[ 81%] \x1b[32mBuilding C object CMakeFiles/msgs_srvs__rosidl_typesupport_introspection_c.dir/rosidl_typesupport_introspection_c/msgs_srvs/srv/detail/pwm_servo_state__type_support.c.o\x1b[0m\n'}
[26.825998] (-) TimerEvent: {}
[26.882660] (msgs_srvs) StdoutLine: {'line': b'[ 82%] \x1b[32m\x1b[1mLinking C shared library libmsgs_srvs__rosidl_typesupport_introspection_c.so\x1b[0m\n'}
[26.926117] (-) TimerEvent: {}
[26.970418] (msgs_srvs) StdoutLine: {'line': b'[ 82%] Built target msgs_srvs__rosidl_typesupport_introspection_c\n'}
[27.013649] (msgs_srvs) StdoutLine: {'line': b'[ 82%] Built target msgs_srvs\n'}
[27.026284] (-) TimerEvent: {}
[27.049316] (msgs_srvs) StdoutLine: {'line': b'[ 83%] \x1b[34m\x1b[1mGenerating Python code for ROS interfaces\x1b[0m\n'}
[27.126389] (-) TimerEvent: {}
[27.226794] (-) TimerEvent: {}
[27.327174] (-) TimerEvent: {}
[27.427569] (-) TimerEvent: {}
[27.527933] (-) TimerEvent: {}
[27.628333] (-) TimerEvent: {}
[27.728736] (-) TimerEvent: {}
[27.829106] (-) TimerEvent: {}
[27.929498] (-) TimerEvent: {}
[28.029887] (-) TimerEvent: {}
[28.130277] (-) TimerEvent: {}
[28.230674] (-) TimerEvent: {}
[28.331058] (-) TimerEvent: {}
[28.431483] (-) TimerEvent: {}
[28.531920] (-) TimerEvent: {}
[28.632365] (-) TimerEvent: {}
[28.732822] (-) TimerEvent: {}
[28.834619] (-) TimerEvent: {}
[28.935118] (-) TimerEvent: {}
[28.938032] (msgs_srvs) StdoutLine: {'line': b'[ 83%] Built target msgs_srvs__py\n'}
[28.982860] (msgs_srvs) StdoutLine: {'line': b'[ 85%] \x1b[32mBuilding C object CMakeFiles/msgs_srvs__rosidl_generator_py.dir/rosidl_generator_py/msgs_srvs/msg/_button_state_s.c.o\x1b[0m\n'}
[28.983212] (msgs_srvs) StdoutLine: {'line': b'[ 85%] \x1b[32mBuilding C object CMakeFiles/msgs_srvs__rosidl_generator_py.dir/rosidl_generator_py/msgs_srvs/msg/_buzzer_state_s.c.o\x1b[0m\n'}
[29.007608] (msgs_srvs) StdoutLine: {'line': b'[ 86%] \x1b[32mBuilding C object CMakeFiles/msgs_srvs__rosidl_generator_py.dir/rosidl_generator_py/msgs_srvs/msg/_led_state_s.c.o\x1b[0m\n'}
[29.016597] (msgs_srvs) StdoutLine: {'line': b'[ 87%] \x1b[32mBuilding C object CMakeFiles/msgs_srvs__rosidl_generator_py.dir/rosidl_generator_py/msgs_srvs/msg/_motors_state_s.c.o\x1b[0m\n'}
[29.035694] (-) TimerEvent: {}
[29.137811] (-) TimerEvent: {}
[29.239108] (-) TimerEvent: {}
[29.344659] (-) TimerEvent: {}
[29.368930] (msgs_srvs) StdoutLine: {'line': b'[ 88%] \x1b[32mBuilding C object CMakeFiles/msgs_srvs__rosidl_generator_py.dir/rosidl_generator_py/msgs_srvs/msg/_pwm_servo_state_s.c.o\x1b[0m\n'}
[29.370319] (msgs_srvs) StdoutLine: {'line': b'[ 89%] \x1b[32mBuilding C object CMakeFiles/msgs_srvs__rosidl_generator_py.dir/rosidl_generator_py/msgs_srvs/msg/_pwm_servo_state_duration_s.c.o\x1b[0m\n'}
[29.386527] (msgs_srvs) StdoutLine: {'line': b'[ 90%] \x1b[32mBuilding C object CMakeFiles/msgs_srvs__rosidl_generator_py.dir/rosidl_generator_py/msgs_srvs/msg/_motor_state_s.c.o\x1b[0m\n'}
[29.419194] (msgs_srvs) StdoutLine: {'line': b'[ 91%] \x1b[32mBuilding C object CMakeFiles/msgs_srvs__rosidl_generator_py.dir/rosidl_generator_py/msgs_srvs/msg/_sbus_s.c.o\x1b[0m\n'}
[29.446633] (-) TimerEvent: {}
[29.549622] (-) TimerEvent: {}
[29.650445] (-) TimerEvent: {}
[29.674734] (msgs_srvs) StdoutLine: {'line': b'[ 92%] \x1b[32mBuilding C object CMakeFiles/msgs_srvs__rosidl_generator_py.dir/rosidl_generator_py/msgs_srvs/srv/_pwm_servo_state_s.c.o\x1b[0m\n'}
[29.750470] (-) TimerEvent: {}
[29.850959] (-) TimerEvent: {}
[29.916256] (msgs_srvs) StdoutLine: {'line': b'[ 93%] \x1b[32m\x1b[1mLinking C shared library rosidl_generator_py/msgs_srvs/libmsgs_srvs__rosidl_generator_py.so\x1b[0m\n'}
[29.951118] (-) TimerEvent: {}
[30.043448] (msgs_srvs) StdoutLine: {'line': b'[ 93%] Built target msgs_srvs__rosidl_generator_py\n'}
[30.051336] (-) TimerEvent: {}
[30.095951] (msgs_srvs) StdoutLine: {'line': b'[ 94%] \x1b[32mBuilding C object CMakeFiles/msgs_srvs__rosidl_typesupport_c__pyext.dir/rosidl_generator_py/msgs_srvs/_msgs_srvs_s.ep.rosidl_typesupport_c.c.o\x1b[0m\n'}
[30.100630] (msgs_srvs) StdoutLine: {'line': b'[ 95%] \x1b[32mBuilding C object CMakeFiles/msgs_srvs__rosidl_typesupport_fastrtps_c__pyext.dir/rosidl_generator_py/msgs_srvs/_msgs_srvs_s.ep.rosidl_typesupport_fastrtps_c.c.o\x1b[0m\n'}
[30.124531] (msgs_srvs) StdoutLine: {'line': b'[ 96%] \x1b[32mBuilding C object CMakeFiles/msgs_srvs__rosidl_typesupport_introspection_c__pyext.dir/rosidl_generator_py/msgs_srvs/_msgs_srvs_s.ep.rosidl_typesupport_introspection_c.c.o\x1b[0m\n'}
[30.151480] (-) TimerEvent: {}
[30.252062] (-) TimerEvent: {}
[30.352813] (-) TimerEvent: {}
[30.420856] (msgs_srvs) StdoutLine: {'line': b'[ 97%] \x1b[32m\x1b[1mLinking C shared library rosidl_generator_py/msgs_srvs/msgs_srvs_s__rosidl_typesupport_c.cpython-310-aarch64-linux-gnu.so\x1b[0m\n'}
[30.440294] (msgs_srvs) StdoutLine: {'line': b'[ 98%] \x1b[32m\x1b[1mLinking C shared library rosidl_generator_py/msgs_srvs/msgs_srvs_s__rosidl_typesupport_fastrtps_c.cpython-310-aarch64-linux-gnu.so\x1b[0m\n'}
[30.453013] (-) TimerEvent: {}
[30.469742] (msgs_srvs) StdoutLine: {'line': b'[100%] \x1b[32m\x1b[1mLinking C shared library rosidl_generator_py/msgs_srvs/msgs_srvs_s__rosidl_typesupport_introspection_c.cpython-310-aarch64-linux-gnu.so\x1b[0m\n'}
[30.555665] (-) TimerEvent: {}
[30.565047] (msgs_srvs) StdoutLine: {'line': b'[100%] Built target msgs_srvs__rosidl_typesupport_c__pyext\n'}
[30.576170] (msgs_srvs) StdoutLine: {'line': b'[100%] Built target msgs_srvs__rosidl_typesupport_fastrtps_c__pyext\n'}
[30.632567] (msgs_srvs) StdoutLine: {'line': b'[100%] Built target msgs_srvs__rosidl_typesupport_introspection_c__pyext\n'}
[30.655796] (-) TimerEvent: {}
[30.656523] (msgs_srvs) CommandEnded: {'returncode': 0}
[30.657389] (msgs_srvs) JobProgress: {'identifier': 'msgs_srvs', 'progress': 'install'}
[30.675330] (msgs_srvs) Command: {'cmd': ['/usr/bin/cmake', '--install', '/ros2_ws/src/build/msgs_srvs'], 'cwd': '/ros2_ws/src/build/msgs_srvs', 'env': OrderedDict([('VNCDESKTOP', 'TurboVNC: tarzan-desktop:1 ()'), ('LESSOPEN', '| /usr/bin/lesspipe %s'), ('HOSTNAME', 'tarzan-desktop'), ('SSH_AGENT_PID', '183'), ('SHLVL', '2'), ('LD_LIBRARY_PATH', '/opt/ros/humble/opt/rviz_ogre_vendor/lib:/opt/ros/humble/lib/aarch64-linux-gnu:/opt/ros/humble/lib'), ('HOME', '/root'), ('OLDPWD', '/ros2_ws'), ('DESKTOP_SESSION', 'xfce'), ('PANEL_GDK_CORE_DEVICE_EVENTS', '0'), ('ROS_PYTHON_VERSION', '3'), ('DBUS_SESSION_BUS_ADDRESS', 'unix:abstract=/tmp/dbus-4CJIhrXuxg,guid=f501d653e06661677ef966f767c66fec'), ('COLORTERM', 'truecolor'), ('ROS_DISTRO', 'humble'), ('VGL_PROBEGLX', '0'), ('WINDOWID', '41943043'), ('FONT_ENCODINGS_DIRECTORY', '/usr/share/fonts/X11/encodings'), ('_', '/usr/bin/colcon'), ('ROS_VERSION', '2'), ('TERM', 'xterm-256color'), ('ROS_LOCALHOST_ONLY', '0'), ('PATH', '/opt/ros/humble/bin:/usr/local/sbin:/usr/local/bin:/usr/sbin:/usr/bin:/sbin:/bin'), ('SESSION_MANAGER', 'local/tarzan-desktop:@/tmp/.ICE-unix/133,unix/tarzan-desktop:/tmp/.ICE-unix/133'), ('XDG_MENU_PREFIX', 'xfce-'), ('VGL_COMPRESS', '0'), ('DISPLAY', ':1.0'), ('LANG', 'en_US.UTF-8'), ('XDG_CURRENT_DESKTOP', 'XFCE'), ('LS_COLORS', 'rs=0:di=01;34:ln=01;36:mh=00:pi=40;33:so=01;35:do=01;35:bd=40;33;01:cd=40;33;01:or=40;31;01:mi=00:su=37;41:sg=30;43:ca=30;41:tw=30;42:ow=34;42:st=37;44:ex=01;32:*.tar=01;31:*.tgz=01;31:*.arc=01;31:*.arj=01;31:*.taz=01;31:*.lha=01;31:*.lz4=01;31:*.lzh=01;31:*.lzma=01;31:*.tlz=01;31:*.txz=01;31:*.tzo=01;31:*.t7z=01;31:*.zip=01;31:*.z=01;31:*.dz=01;31:*.gz=01;31:*.lrz=01;31:*.lz=01;31:*.lzo=01;31:*.xz=01;31:*.zst=01;31:*.tzst=01;31:*.bz2=01;31:*.bz=01;31:*.tbz=01;31:*.tbz2=01;31:*.tz=01;31:*.deb=01;31:*.rpm=01;31:*.jar=01;31:*.war=01;31:*.ear=01;31:*.sar=01;31:*.rar=01;31:*.alz=01;31:*.ace=01;31:*.zoo=01;31:*.cpio=01;31:*.7z=01;31:*.rz=01;31:*.cab=01;31:*.wim=01;31:*.swm=01;31:*.dwm=01;31:*.esd=01;31:*.jpg=01;35:*.jpeg=01;35:*.mjpg=01;35:*.mjpeg=01;35:*.gif=01;35:*.bmp=01;35:*.pbm=01;35:*.pgm=01;35:*.ppm=01;35:*.tga=01;35:*.xbm=01;35:*.xpm=01;35:*.tif=01;35:*.tiff=01;35:*.png=01;35:*.svg=01;35:*.svgz=01;35:*.mng=01;35:*.pcx=01;35:*.mov=01;35:*.mpg=01;35:*.mpeg=01;35:*.m2v=01;35:*.mkv=01;35:*.webm=01;35:*.webp=01;35:*.ogm=01;35:*.mp4=01;35:*.m4v=01;35:*.mp4v=01;35:*.vob=01;35:*.qt=01;35:*.nuv=01;35:*.wmv=01;35:*.asf=01;35:*.rm=01;35:*.rmvb=01;35:*.flc=01;35:*.avi=01;35:*.fli=01;35:*.flv=01;35:*.gl=01;35:*.dl=01;35:*.xcf=01;35:*.xwd=01;35:*.yuv=01;35:*.cgm=01;35:*.emf=01;35:*.ogv=01;35:*.ogx=01;35:*.aac=00;36:*.au=00;36:*.flac=00;36:*.m4a=00;36:*.mid=00;36:*.midi=00;36:*.mka=00;36:*.mp3=00;36:*.mpc=00;36:*.ogg=00;36:*.ra=00;36:*.wav=00;36:*.oga=00;36:*.opus=00;36:*.spx=00;36:*.xspf=00;36:'), ('SSH_AUTH_SOCK', '/ssh-agent'), ('AMENT_PREFIX_PATH', '/opt/ros/humble'), ('DEBIAN_FRONTEND', 'noninteractive'), ('LESSCLOSE', '/usr/bin/lesspipe %s %s'), ('PWD', '/ros2_ws/src/build/msgs_srvs'), ('XDG_CONFIG_DIRS', '/etc/xdg'), ('XDG_DATA_DIRS', '/usr/local/share:/usr/share'), ('PYTHONPATH', '/opt/ros/humble/lib/python3.10/site-packages:/opt/ros/humble/local/lib/python3.10/dist-packages'), ('COLCON', '1'), ('VTE_VERSION', '6800'), ('CMAKE_PREFIX_PATH', '/opt/ros/humble')]), 'shell': False}
[30.694628] (msgs_srvs) StdoutLine: {'line': b'-- Install configuration: ""\n'}
[30.695524] (msgs_srvs) StdoutLine: {'line': b'-- Execute custom install script\n'}
[30.695978] (msgs_srvs) StdoutLine: {'line': b'-- Symlinking: /ros2_ws/src/install/msgs_srvs/share/ament_index/resource_index/rosidl_interfaces/msgs_srvs\n'}
[30.726290] (msgs_srvs) StdoutLine: {'line': b'-- Symlinking: /ros2_ws/src/install/msgs_srvs/include/msgs_srvs/msgs_srvs/msg/button_state.h\n'}
[30.741667] (msgs_srvs) StdoutLine: {'line': b'-- Symlinking: /ros2_ws/src/install/msgs_srvs/include/msgs_srvs/msgs_srvs/msg/buzzer_state.h\n'}
[30.755995] (-) TimerEvent: {}
[30.758520] (msgs_srvs) StdoutLine: {'line': b'-- Symlinking: /ros2_ws/src/install/msgs_srvs/include/msgs_srvs/msgs_srvs/msg/detail/button_state__functions.h\n'}
[30.774225] (msgs_srvs) StdoutLine: {'line': b'-- Symlinking: /ros2_ws/src/install/msgs_srvs/include/msgs_srvs/msgs_srvs/msg/detail/button_state__struct.h\n'}
[30.799127] (msgs_srvs) StdoutLine: {'line': b'-- Symlinking: /ros2_ws/src/install/msgs_srvs/include/msgs_srvs/msgs_srvs/msg/detail/button_state__type_support.h\n'}
[30.826930] (msgs_srvs) StdoutLine: {'line': b'-- Symlinking: /ros2_ws/src/install/msgs_srvs/include/msgs_srvs/msgs_srvs/msg/detail/buzzer_state__functions.h\n'}
[30.844072] (msgs_srvs) StdoutLine: {'line': b'-- Symlinking: /ros2_ws/src/install/msgs_srvs/include/msgs_srvs/msgs_srvs/msg/detail/buzzer_state__struct.h\n'}
[30.856094] (-) TimerEvent: {}
[30.859934] (msgs_srvs) StdoutLine: {'line': b'-- Symlinking: /ros2_ws/src/install/msgs_srvs/include/msgs_srvs/msgs_srvs/msg/detail/buzzer_state__type_support.h\n'}
[30.876448] (msgs_srvs) StdoutLine: {'line': b'-- Symlinking: /ros2_ws/src/install/msgs_srvs/include/msgs_srvs/msgs_srvs/msg/detail/led_state__functions.h\n'}
[30.910349] (msgs_srvs) StdoutLine: {'line': b'-- Symlinking: /ros2_ws/src/install/msgs_srvs/include/msgs_srvs/msgs_srvs/msg/detail/led_state__struct.h\n'}
[30.927809] (msgs_srvs) StdoutLine: {'line': b'-- Symlinking: /ros2_ws/src/install/msgs_srvs/include/msgs_srvs/msgs_srvs/msg/detail/led_state__type_support.h\n'}
[30.943309] (msgs_srvs) StdoutLine: {'line': b'-- Symlinking: /ros2_ws/src/install/msgs_srvs/include/msgs_srvs/msgs_srvs/msg/detail/motor_state__functions.h\n'}
[30.956221] (-) TimerEvent: {}
[30.958988] (msgs_srvs) StdoutLine: {'line': b'-- Symlinking: /ros2_ws/src/install/msgs_srvs/include/msgs_srvs/msgs_srvs/msg/detail/motor_state__struct.h\n'}
[30.975019] (msgs_srvs) StdoutLine: {'line': b'-- Symlinking: /ros2_ws/src/install/msgs_srvs/include/msgs_srvs/msgs_srvs/msg/detail/motor_state__type_support.h\n'}
[30.998368] (msgs_srvs) StdoutLine: {'line': b'-- Symlinking: /ros2_ws/src/install/msgs_srvs/include/msgs_srvs/msgs_srvs/msg/detail/motors_state__functions.h\n'}
[31.026287] (msgs_srvs) StdoutLine: {'line': b'-- Symlinking: /ros2_ws/src/install/msgs_srvs/include/msgs_srvs/msgs_srvs/msg/detail/motors_state__struct.h\n'}
[31.043916] (msgs_srvs) StdoutLine: {'line': b'-- Symlinking: /ros2_ws/src/install/msgs_srvs/include/msgs_srvs/msgs_srvs/msg/detail/motors_state__type_support.h\n'}
[31.056396] (-) TimerEvent: {}
[31.061936] (msgs_srvs) StdoutLine: {'line': b'-- Symlinking: /ros2_ws/src/install/msgs_srvs/include/msgs_srvs/msgs_srvs/msg/detail/pwm_servo_state__functions.h\n'}
[31.078116] (msgs_srvs) StdoutLine: {'line': b'-- Symlinking: /ros2_ws/src/install/msgs_srvs/include/msgs_srvs/msgs_srvs/msg/detail/pwm_servo_state__struct.h\n'}
[31.110615] (msgs_srvs) StdoutLine: {'line': b'-- Symlinking: /ros2_ws/src/install/msgs_srvs/include/msgs_srvs/msgs_srvs/msg/detail/pwm_servo_state__type_support.h\n'}
[31.126168] (msgs_srvs) StdoutLine: {'line': b'-- Symlinking: /ros2_ws/src/install/msgs_srvs/include/msgs_srvs/msgs_srvs/msg/detail/pwm_servo_state_duration__functions.h\n'}
[31.141096] (msgs_srvs) StdoutLine: {'line': b'-- Symlinking: /ros2_ws/src/install/msgs_srvs/include/msgs_srvs/msgs_srvs/msg/detail/pwm_servo_state_duration__struct.h\n'}
[31.155344] (msgs_srvs) StdoutLine: {'line': b'-- Symlinking: /ros2_ws/src/install/msgs_srvs/include/msgs_srvs/msgs_srvs/msg/detail/pwm_servo_state_duration__type_support.h\n'}
[31.156441] (-) TimerEvent: {}
[31.173577] (msgs_srvs) StdoutLine: {'line': b'-- Symlinking: /ros2_ws/src/install/msgs_srvs/include/msgs_srvs/msgs_srvs/msg/detail/sbus__functions.h\n'}
[31.197052] (msgs_srvs) StdoutLine: {'line': b'-- Symlinking: /ros2_ws/src/install/msgs_srvs/include/msgs_srvs/msgs_srvs/msg/detail/sbus__struct.h\n'}
[31.213188] (oradar_lidar) StdoutLine: {'line': b'[100%] \x1b[32m\x1b[1mLinking CXX executable oradar_scan\x1b[0m\n'}
[31.224564] (msgs_srvs) StdoutLine: {'line': b'-- Symlinking: /ros2_ws/src/install/msgs_srvs/include/msgs_srvs/msgs_srvs/msg/detail/sbus__type_support.h\n'}
[31.240125] (msgs_srvs) StdoutLine: {'line': b'-- Symlinking: /ros2_ws/src/install/msgs_srvs/include/msgs_srvs/msgs_srvs/msg/led_state.h\n'}
[31.254936] (msgs_srvs) StdoutLine: {'line': b'-- Symlinking: /ros2_ws/src/install/msgs_srvs/include/msgs_srvs/msgs_srvs/msg/motor_state.h\n'}
[31.256535] (-) TimerEvent: {}
[31.271454] (msgs_srvs) StdoutLine: {'line': b'-- Symlinking: /ros2_ws/src/install/msgs_srvs/include/msgs_srvs/msgs_srvs/msg/motors_state.h\n'}
[31.293250] (msgs_srvs) StdoutLine: {'line': b'-- Symlinking: /ros2_ws/src/install/msgs_srvs/include/msgs_srvs/msgs_srvs/msg/pwm_servo_state.h\n'}
[31.326725] (msgs_srvs) StdoutLine: {'line': b'-- Symlinking: /ros2_ws/src/install/msgs_srvs/include/msgs_srvs/msgs_srvs/msg/pwm_servo_state_duration.h\n'}
[31.346217] (msgs_srvs) StdoutLine: {'line': b'-- Symlinking: /ros2_ws/src/install/msgs_srvs/include/msgs_srvs/msgs_srvs/msg/rosidl_generator_c__visibility_control.h\n'}
[31.356843] (-) TimerEvent: {}
[31.363933] (msgs_srvs) StdoutLine: {'line': b'-- Symlinking: /ros2_ws/src/install/msgs_srvs/include/msgs_srvs/msgs_srvs/msg/sbus.h\n'}
[31.382479] (msgs_srvs) StdoutLine: {'line': b'-- Symlinking: /ros2_ws/src/install/msgs_srvs/include/msgs_srvs/msgs_srvs/srv/detail/pwm_servo_state__functions.h\n'}
[31.420969] (msgs_srvs) StdoutLine: {'line': b'-- Symlinking: /ros2_ws/src/install/msgs_srvs/include/msgs_srvs/msgs_srvs/srv/detail/pwm_servo_state__struct.h\n'}
[31.438412] (msgs_srvs) StdoutLine: {'line': b'-- Symlinking: /ros2_ws/src/install/msgs_srvs/include/msgs_srvs/msgs_srvs/srv/detail/pwm_servo_state__type_support.h\n'}
[31.456725] (msgs_srvs) StdoutLine: {'line': b'-- Symlinking: /ros2_ws/src/install/msgs_srvs/include/msgs_srvs/msgs_srvs/srv/pwm_servo_state.h\n'}
[31.457130] (-) TimerEvent: {}
[31.476743] (msgs_srvs) StdoutLine: {'line': b'-- Symlinking: /ros2_ws/src/install/msgs_srvs/share/msgs_srvs/environment/library_path.sh\n'}
[31.511758] (msgs_srvs) StdoutLine: {'line': b'-- Symlinking: /ros2_ws/src/install/msgs_srvs/share/msgs_srvs/environment/library_path.dsv\n'}
[31.533358] (msgs_srvs) StdoutLine: {'line': b'-- Symlinking: /ros2_ws/src/install/msgs_srvs/include/msgs_srvs/msgs_srvs/msg/detail/button_state__rosidl_typesupport_fastrtps_c.h\n'}
[31.548163] (msgs_srvs) StdoutLine: {'line': b'-- Symlinking: /ros2_ws/src/install/msgs_srvs/include/msgs_srvs/msgs_srvs/msg/detail/buzzer_state__rosidl_typesupport_fastrtps_c.h\n'}
[31.557268] (-) TimerEvent: {}
[31.564767] (msgs_srvs) StdoutLine: {'line': b'-- Symlinking: /ros2_ws/src/install/msgs_srvs/include/msgs_srvs/msgs_srvs/msg/detail/led_state__rosidl_typesupport_fastrtps_c.h\n'}
[31.582024] (msgs_srvs) StdoutLine: {'line': b'-- Symlinking: /ros2_ws/src/install/msgs_srvs/include/msgs_srvs/msgs_srvs/msg/detail/motor_state__rosidl_typesupport_fastrtps_c.h\n'}
[31.617262] (msgs_srvs) StdoutLine: {'line': b'-- Symlinking: /ros2_ws/src/install/msgs_srvs/include/msgs_srvs/msgs_srvs/msg/detail/motors_state__rosidl_typesupport_fastrtps_c.h\n'}
[31.632352] (msgs_srvs) StdoutLine: {'line': b'-- Symlinking: /ros2_ws/src/install/msgs_srvs/include/msgs_srvs/msgs_srvs/msg/detail/pwm_servo_state__rosidl_typesupport_fastrtps_c.h\n'}
[31.648612] (msgs_srvs) StdoutLine: {'line': b'-- Symlinking: /ros2_ws/src/install/msgs_srvs/include/msgs_srvs/msgs_srvs/msg/detail/pwm_servo_state_duration__rosidl_typesupport_fastrtps_c.h\n'}
[31.656004] (oradar_lidar) StdoutLine: {'line': b'[100%] Built target oradar_scan\n'}
[31.657359] (-) TimerEvent: {}
[31.664318] (msgs_srvs) StdoutLine: {'line': b'-- Symlinking: /ros2_ws/src/install/msgs_srvs/include/msgs_srvs/msgs_srvs/msg/detail/sbus__rosidl_typesupport_fastrtps_c.h\n'}
[31.676833] (oradar_lidar) CommandEnded: {'returncode': 0}
[31.677935] (oradar_lidar) JobProgress: {'identifier': 'oradar_lidar', 'progress': 'install'}
[31.678318] (oradar_lidar) Command: {'cmd': ['/usr/bin/cmake', '--install', '/ros2_ws/src/build/oradar_lidar'], 'cwd': '/ros2_ws/src/build/oradar_lidar', 'env': OrderedDict([('VNCDESKTOP', 'TurboVNC: tarzan-desktop:1 ()'), ('LESSOPEN', '| /usr/bin/lesspipe %s'), ('HOSTNAME', 'tarzan-desktop'), ('SSH_AGENT_PID', '183'), ('SHLVL', '2'), ('LD_LIBRARY_PATH', '/opt/ros/humble/opt/rviz_ogre_vendor/lib:/opt/ros/humble/lib/aarch64-linux-gnu:/opt/ros/humble/lib'), ('HOME', '/root'), ('OLDPWD', '/ros2_ws'), ('DESKTOP_SESSION', 'xfce'), ('PANEL_GDK_CORE_DEVICE_EVENTS', '0'), ('ROS_PYTHON_VERSION', '3'), ('DBUS_SESSION_BUS_ADDRESS', 'unix:abstract=/tmp/dbus-4CJIhrXuxg,guid=f501d653e06661677ef966f767c66fec'), ('COLORTERM', 'truecolor'), ('ROS_DISTRO', 'humble'), ('VGL_PROBEGLX', '0'), ('WINDOWID', '41943043'), ('FONT_ENCODINGS_DIRECTORY', '/usr/share/fonts/X11/encodings'), ('_', '/usr/bin/colcon'), ('ROS_VERSION', '2'), ('TERM', 'xterm-256color'), ('ROS_LOCALHOST_ONLY', '0'), ('PATH', '/opt/ros/humble/bin:/usr/local/sbin:/usr/local/bin:/usr/sbin:/usr/bin:/sbin:/bin'), ('SESSION_MANAGER', 'local/tarzan-desktop:@/tmp/.ICE-unix/133,unix/tarzan-desktop:/tmp/.ICE-unix/133'), ('XDG_MENU_PREFIX', 'xfce-'), ('VGL_COMPRESS', '0'), ('DISPLAY', ':1.0'), ('LANG', 'en_US.UTF-8'), ('XDG_CURRENT_DESKTOP', 'XFCE'), ('LS_COLORS', 'rs=0:di=01;34:ln=01;36:mh=00:pi=40;33:so=01;35:do=01;35:bd=40;33;01:cd=40;33;01:or=40;31;01:mi=00:su=37;41:sg=30;43:ca=30;41:tw=30;42:ow=34;42:st=37;44:ex=01;32:*.tar=01;31:*.tgz=01;31:*.arc=01;31:*.arj=01;31:*.taz=01;31:*.lha=01;31:*.lz4=01;31:*.lzh=01;31:*.lzma=01;31:*.tlz=01;31:*.txz=01;31:*.tzo=01;31:*.t7z=01;31:*.zip=01;31:*.z=01;31:*.dz=01;31:*.gz=01;31:*.lrz=01;31:*.lz=01;31:*.lzo=01;31:*.xz=01;31:*.zst=01;31:*.tzst=01;31:*.bz2=01;31:*.bz=01;31:*.tbz=01;31:*.tbz2=01;31:*.tz=01;31:*.deb=01;31:*.rpm=01;31:*.jar=01;31:*.war=01;31:*.ear=01;31:*.sar=01;31:*.rar=01;31:*.alz=01;31:*.ace=01;31:*.zoo=01;31:*.cpio=01;31:*.7z=01;31:*.rz=01;31:*.cab=01;31:*.wim=01;31:*.swm=01;31:*.dwm=01;31:*.esd=01;31:*.jpg=01;35:*.jpeg=01;35:*.mjpg=01;35:*.mjpeg=01;35:*.gif=01;35:*.bmp=01;35:*.pbm=01;35:*.pgm=01;35:*.ppm=01;35:*.tga=01;35:*.xbm=01;35:*.xpm=01;35:*.tif=01;35:*.tiff=01;35:*.png=01;35:*.svg=01;35:*.svgz=01;35:*.mng=01;35:*.pcx=01;35:*.mov=01;35:*.mpg=01;35:*.mpeg=01;35:*.m2v=01;35:*.mkv=01;35:*.webm=01;35:*.webp=01;35:*.ogm=01;35:*.mp4=01;35:*.m4v=01;35:*.mp4v=01;35:*.vob=01;35:*.qt=01;35:*.nuv=01;35:*.wmv=01;35:*.asf=01;35:*.rm=01;35:*.rmvb=01;35:*.flc=01;35:*.avi=01;35:*.fli=01;35:*.flv=01;35:*.gl=01;35:*.dl=01;35:*.xcf=01;35:*.xwd=01;35:*.yuv=01;35:*.cgm=01;35:*.emf=01;35:*.ogv=01;35:*.ogx=01;35:*.aac=00;36:*.au=00;36:*.flac=00;36:*.m4a=00;36:*.mid=00;36:*.midi=00;36:*.mka=00;36:*.mp3=00;36:*.mpc=00;36:*.ogg=00;36:*.ra=00;36:*.wav=00;36:*.oga=00;36:*.opus=00;36:*.spx=00;36:*.xspf=00;36:'), ('SSH_AUTH_SOCK', '/ssh-agent'), ('AMENT_PREFIX_PATH', '/opt/ros/humble'), ('DEBIAN_FRONTEND', 'noninteractive'), ('LESSCLOSE', '/usr/bin/lesspipe %s %s'), ('PWD', '/ros2_ws/src/build/oradar_lidar'), ('XDG_CONFIG_DIRS', '/etc/xdg'), ('XDG_DATA_DIRS', '/usr/local/share:/usr/share'), ('PYTHONPATH', '/opt/ros/humble/lib/python3.10/site-packages:/opt/ros/humble/local/lib/python3.10/dist-packages'), ('COLCON', '1'), ('VTE_VERSION', '6800'), ('CMAKE_PREFIX_PATH', '/opt/ros/humble')]), 'shell': False}
[31.681554] (msgs_srvs) StdoutLine: {'line': b'-- Symlinking: /ros2_ws/src/install/msgs_srvs/include/msgs_srvs/msgs_srvs/msg/rosidl_typesupport_fastrtps_c__visibility_control.h\n'}
[31.705425] (oradar_lidar) StdoutLine: {'line': b'-- Install configuration: "RELEASE"\n'}
[31.707878] (oradar_lidar) StdoutLine: {'line': b'-- Execute custom install script\n'}
[31.710042] (oradar_lidar) StdoutLine: {'line': b'-- Symlinking: /ros2_ws/src/install/oradar_lidar/bin/blocking_test\n'}
[31.715109] (msgs_srvs) StdoutLine: {'line': b'-- Symlinking: /ros2_ws/src/install/msgs_srvs/include/msgs_srvs/msgs_srvs/srv/detail/pwm_servo_state__rosidl_typesupport_fastrtps_c.h\n'}
[31.728018] (oradar_lidar) StdoutLine: {'line': b'-- Symlinking: /ros2_ws/src/install/oradar_lidar/bin/non-blocking_test\n'}
[31.730270] (msgs_srvs) StdoutLine: {'line': b'-- Symlinking: /ros2_ws/src/install/msgs_srvs/include/msgs_srvs/msgs_srvs/msg/button_state.hpp\n'}
[31.743827] (oradar_lidar) StdoutLine: {'line': b'-- Symlinking: /ros2_ws/src/install/oradar_lidar/bin/blocking_c_api_test\n'}
[31.746001] (msgs_srvs) StdoutLine: {'line': b'-- Symlinking: /ros2_ws/src/install/msgs_srvs/include/msgs_srvs/msgs_srvs/msg/buzzer_state.hpp\n'}
[31.757459] (-) TimerEvent: {}
[31.760065] (oradar_lidar) StdoutLine: {'line': b'-- Symlinking: /ros2_ws/src/install/oradar_lidar/include/core/base/datatype.h\n'}
[31.760862] (msgs_srvs) StdoutLine: {'line': b'-- Symlinking: /ros2_ws/src/install/msgs_srvs/include/msgs_srvs/msgs_srvs/msg/detail/button_state__builder.hpp\n'}
[31.775172] (oradar_lidar) StdoutLine: {'line': b'-- Symlinking: /ros2_ws/src/install/oradar_lidar/include/core/base/locker.h\n'}
[31.775528] (msgs_srvs) StdoutLine: {'line': b'-- Symlinking: /ros2_ws/src/install/msgs_srvs/include/msgs_srvs/msgs_srvs/msg/detail/button_state__struct.hpp\n'}
[31.795390] (msgs_srvs) StdoutLine: {'line': b'-- Symlinking: /ros2_ws/src/install/msgs_srvs/include/msgs_srvs/msgs_srvs/msg/detail/button_state__traits.hpp\n'}
[31.795738] (oradar_lidar) StdoutLine: {'line': b'-- Symlinking: /ros2_ws/src/install/oradar_lidar/include/core/base/thread.h\n'}
[31.821440] (msgs_srvs) StdoutLine: {'line': b'-- Symlinking: /ros2_ws/src/install/msgs_srvs/include/msgs_srvs/msgs_srvs/msg/detail/button_state__type_support.hpp\n'}
[31.821706] (oradar_lidar) StdoutLine: {'line': b'-- Symlinking: /ros2_ws/src/install/oradar_lidar/include/core/base/timer.h\n'}
[31.836822] (msgs_srvs) StdoutLine: {'line': b'-- Symlinking: /ros2_ws/src/install/msgs_srvs/include/msgs_srvs/msgs_srvs/msg/detail/buzzer_state__builder.hpp\n'}
[31.837100] (oradar_lidar) StdoutLine: {'line': b'-- Symlinking: /ros2_ws/src/install/oradar_lidar/include/core/base/typedef.h\n'}
[31.851755] (msgs_srvs) StdoutLine: {'line': b'-- Symlinking: /ros2_ws/src/install/msgs_srvs/include/msgs_srvs/msgs_srvs/msg/detail/buzzer_state__struct.hpp\n'}
[31.852489] (oradar_lidar) StdoutLine: {'line': b'-- Symlinking: /ros2_ws/src/install/oradar_lidar/include/core/base/utils.h\n'}
[31.857603] (-) TimerEvent: {}
[31.867116] (oradar_lidar) StdoutLine: {'line': b'-- Symlinking: /ros2_ws/src/install/oradar_lidar/include/core/base/v8stdint.h\n'}
[31.867446] (msgs_srvs) StdoutLine: {'line': b'-- Symlinking: /ros2_ws/src/install/msgs_srvs/include/msgs_srvs/msgs_srvs/msg/detail/buzzer_state__traits.hpp\n'}
[31.882789] (msgs_srvs) StdoutLine: {'line': b'-- Symlinking: /ros2_ws/src/install/msgs_srvs/include/msgs_srvs/msgs_srvs/msg/detail/buzzer_state__type_support.hpp\n'}
[31.883081] (oradar_lidar) StdoutLine: {'line': b'-- Symlinking: /ros2_ws/src/install/oradar_lidar/include/core/common/ChannelDevice.h\n'}
[31.914229] (msgs_srvs) StdoutLine: {'line': b'-- Symlinking: /ros2_ws/src/install/msgs_srvs/include/msgs_srvs/msgs_srvs/msg/detail/led_state__builder.hpp\n'}
[31.914556] (oradar_lidar) StdoutLine: {'line': b'-- Symlinking: /ros2_ws/src/install/oradar_lidar/include/core/math/angles.h\n'}
[31.929684] (oradar_lidar) StdoutLine: {'line': b'-- Symlinking: /ros2_ws/src/install/oradar_lidar/include/core/network/ActiveSocket.h\n'}
[31.929942] (msgs_srvs) StdoutLine: {'line': b'-- Symlinking: /ros2_ws/src/install/msgs_srvs/include/msgs_srvs/msgs_srvs/msg/detail/led_state__struct.hpp\n'}
[31.944262] (msgs_srvs) StdoutLine: {'line': b'-- Symlinking: /ros2_ws/src/install/msgs_srvs/include/msgs_srvs/msgs_srvs/msg/detail/led_state__traits.hpp\n'}
[31.944992] (oradar_lidar) StdoutLine: {'line': b'-- Symlinking: /ros2_ws/src/install/oradar_lidar/include/core/network/PassiveSocket.h\n'}
[31.957715] (-) TimerEvent: {}
[31.959589] (oradar_lidar) StdoutLine: {'line': b'-- Symlinking: /ros2_ws/src/install/oradar_lidar/include/core/network/SimpleSocket.h\n'}
[31.959825] (msgs_srvs) StdoutLine: {'line': b'-- Symlinking: /ros2_ws/src/install/msgs_srvs/include/msgs_srvs/msgs_srvs/msg/detail/led_state__type_support.hpp\n'}
[31.975019] (oradar_lidar) StdoutLine: {'line': b'-- Symlinking: /ros2_ws/src/install/oradar_lidar/include/core/network/StatTimer.h\n'}
[31.975339] (msgs_srvs) StdoutLine: {'line': b'-- Symlinking: /ros2_ws/src/install/msgs_srvs/include/msgs_srvs/msgs_srvs/msg/detail/motor_state__builder.hpp\n'}
[31.995581] (oradar_lidar) StdoutLine: {'line': b'-- Symlinking: /ros2_ws/src/install/oradar_lidar/include/core/serial/common.h\n'}
[31.995921] (msgs_srvs) StdoutLine: {'line': b'-- Symlinking: /ros2_ws/src/install/msgs_srvs/include/msgs_srvs/msgs_srvs/msg/detail/motor_state__struct.hpp\n'}
[32.021962] (msgs_srvs) StdoutLine: {'line': b'-- Symlinking: /ros2_ws/src/install/msgs_srvs/include/msgs_srvs/msgs_srvs/msg/detail/motor_state__traits.hpp\n'}
[32.022212] (oradar_lidar) StdoutLine: {'line': b'-- Symlinking: /ros2_ws/src/install/oradar_lidar/include/core/serial/serial.h\n'}
[32.037000] (msgs_srvs) StdoutLine: {'line': b'-- Symlinking: /ros2_ws/src/install/msgs_srvs/include/msgs_srvs/msgs_srvs/msg/detail/motor_state__type_support.hpp\n'}
[32.037331] (oradar_lidar) StdoutLine: {'line': b'-- Symlinking: /ros2_ws/src/install/oradar_lidar/include/core/serial/impl/unix/lock.h\n'}
[32.052196] (msgs_srvs) StdoutLine: {'line': b'-- Symlinking: /ros2_ws/src/install/msgs_srvs/include/msgs_srvs/msgs_srvs/msg/detail/motors_state__builder.hpp\n'}
[32.052450] (oradar_lidar) StdoutLine: {'line': b'-- Symlinking: /ros2_ws/src/install/oradar_lidar/include/core/serial/impl/unix/unix.h\n'}
[32.057820] (-) TimerEvent: {}
[32.067377] (msgs_srvs) StdoutLine: {'line': b'-- Symlinking: /ros2_ws/src/install/msgs_srvs/include/msgs_srvs/msgs_srvs/msg/detail/motors_state__struct.hpp\n'}
[32.067649] (oradar_lidar) StdoutLine: {'line': b'-- Symlinking: /ros2_ws/src/install/oradar_lidar/include/core/serial/impl/unix/unix_serial.h\n'}
[32.083148] (oradar_lidar) StdoutLine: {'line': b'-- Symlinking: /ros2_ws/src/install/oradar_lidar/include/src/ord_lidar_c_api_driver.h\n'}
[32.083537] (msgs_srvs) StdoutLine: {'line': b'-- Symlinking: /ros2_ws/src/install/msgs_srvs/include/msgs_srvs/msgs_srvs/msg/detail/motors_state__traits.hpp\n'}
[32.114994] (msgs_srvs) StdoutLine: {'line': b'-- Symlinking: /ros2_ws/src/install/msgs_srvs/include/msgs_srvs/msgs_srvs/msg/detail/motors_state__type_support.hpp\n'}
[32.115299] (oradar_lidar) StdoutLine: {'line': b'-- Symlinking: /ros2_ws/src/install/oradar_lidar/include/src/ord_lidar_driver.h\n'}
[32.129959] (oradar_lidar) StdoutLine: {'line': b'-- Symlinking: /ros2_ws/src/install/oradar_lidar/include/src/ordlidar_protocol.h\n'}
[32.130212] (msgs_srvs) StdoutLine: {'line': b'-- Symlinking: /ros2_ws/src/install/msgs_srvs/include/msgs_srvs/msgs_srvs/msg/detail/pwm_servo_state__builder.hpp\n'}
[32.145039] (msgs_srvs) StdoutLine: {'line': b'-- Symlinking: /ros2_ws/src/install/msgs_srvs/include/msgs_srvs/msgs_srvs/msg/detail/pwm_servo_state__struct.hpp\n'}
[32.145354] (oradar_lidar) StdoutLine: {'line': b'-- Symlinking: /ros2_ws/src/install/oradar_lidar/include/src/filters/FullScanFilter.h\n'}
[32.157945] (-) TimerEvent: {}
[32.160492] (oradar_lidar) StdoutLine: {'line': b'-- Symlinking: /ros2_ws/src/install/oradar_lidar/lib/liboradar_sdk.a\n'}
[32.160761] (msgs_srvs) StdoutLine: {'line': b'-- Symlinking: /ros2_ws/src/install/msgs_srvs/include/msgs_srvs/msgs_srvs/msg/detail/pwm_servo_state__traits.hpp\n'}
[32.175705] (msgs_srvs) StdoutLine: {'line': b'-- Symlinking: /ros2_ws/src/install/msgs_srvs/include/msgs_srvs/msgs_srvs/msg/detail/pwm_servo_state__type_support.hpp\n'}
[32.176033] (oradar_lidar) StdoutLine: {'line': b'-- Symlinking: /ros2_ws/src/install/oradar_lidar/lib/oradar_lidar/oradar_scan\n'}
[32.196462] (msgs_srvs) StdoutLine: {'line': b'-- Symlinking: /ros2_ws/src/install/msgs_srvs/include/msgs_srvs/msgs_srvs/msg/detail/pwm_servo_state_duration__builder.hpp\n'}
[32.196950] (oradar_lidar) StdoutLine: {'line': b'-- Symlinking: /ros2_ws/src/install/oradar_lidar/share/oradar_lidar//launch/ms200_scan.launch\n'}
[32.223125] (oradar_lidar) StdoutLine: {'line': b'-- Symlinking: /ros2_ws/src/install/oradar_lidar/share/oradar_lidar//launch/ms200_scan.launch.py\n'}
[32.223374] (msgs_srvs) StdoutLine: {'line': b'-- Symlinking: /ros2_ws/src/install/msgs_srvs/include/msgs_srvs/msgs_srvs/msg/detail/pwm_servo_state_duration__struct.hpp\n'}
[32.238647] (oradar_lidar) StdoutLine: {'line': b'-- Symlinking: /ros2_ws/src/install/oradar_lidar/share/oradar_lidar//launch/ms200_scan_view.launch\n'}
[32.238902] (msgs_srvs) StdoutLine: {'line': b'-- Symlinking: /ros2_ws/src/install/msgs_srvs/include/msgs_srvs/msgs_srvs/msg/detail/pwm_servo_state_duration__traits.hpp\n'}
[32.253961] (oradar_lidar) StdoutLine: {'line': b'-- Symlinking: /ros2_ws/src/install/oradar_lidar/share/oradar_lidar//launch/ms200_scan_view.launch.py\n'}
[32.254214] (msgs_srvs) StdoutLine: {'line': b'-- Symlinking: /ros2_ws/src/install/msgs_srvs/include/msgs_srvs/msgs_srvs/msg/detail/pwm_servo_state_duration__type_support.hpp\n'}
[32.258069] (-) TimerEvent: {}
[32.269372] (msgs_srvs) StdoutLine: {'line': b'-- Symlinking: /ros2_ws/src/install/msgs_srvs/include/msgs_srvs/msgs_srvs/msg/detail/sbus__builder.hpp\n'}
[32.269743] (oradar_lidar) StdoutLine: {'line': b'-- Symlinking: /ros2_ws/src/install/oradar_lidar/share/oradar_lidar//rviz2/oradar_scan.rviz\n'}
[32.284526] (msgs_srvs) StdoutLine: {'line': b'-- Symlinking: /ros2_ws/src/install/msgs_srvs/include/msgs_srvs/msgs_srvs/msg/detail/sbus__struct.hpp\n'}
[32.284829] (oradar_lidar) StdoutLine: {'line': b'-- Symlinking: /ros2_ws/src/install/oradar_lidar/share/ament_index/resource_index/package_run_dependencies/oradar_lidar\n'}
[32.315797] (msgs_srvs) StdoutLine: {'line': b'-- Symlinking: /ros2_ws/src/install/msgs_srvs/include/msgs_srvs/msgs_srvs/msg/detail/sbus__traits.hpp\n'}
[32.316111] (oradar_lidar) StdoutLine: {'line': b'-- Symlinking: /ros2_ws/src/install/oradar_lidar/share/ament_index/resource_index/parent_prefix_path/oradar_lidar\n'}
[32.331320] (msgs_srvs) StdoutLine: {'line': b'-- Symlinking: /ros2_ws/src/install/msgs_srvs/include/msgs_srvs/msgs_srvs/msg/detail/sbus__type_support.hpp\n'}
[32.331658] (oradar_lidar) StdoutLine: {'line': b'-- Symlinking: /ros2_ws/src/install/oradar_lidar/share/oradar_lidar/environment/ament_prefix_path.sh\n'}
[32.346431] (oradar_lidar) StdoutLine: {'line': b'-- Symlinking: /ros2_ws/src/install/oradar_lidar/share/oradar_lidar/environment/ament_prefix_path.dsv\n'}
[32.346716] (msgs_srvs) StdoutLine: {'line': b'-- Symlinking: /ros2_ws/src/install/msgs_srvs/include/msgs_srvs/msgs_srvs/msg/led_state.hpp\n'}
[32.358181] (-) TimerEvent: {}
[32.362365] (msgs_srvs) StdoutLine: {'line': b'-- Symlinking: /ros2_ws/src/install/msgs_srvs/include/msgs_srvs/msgs_srvs/msg/motor_state.hpp\n'}
[32.362626] (oradar_lidar) StdoutLine: {'line': b'-- Symlinking: /ros2_ws/src/install/oradar_lidar/share/oradar_lidar/environment/path.sh\n'}
[32.377444] (msgs_srvs) StdoutLine: {'line': b'-- Symlinking: /ros2_ws/src/install/msgs_srvs/include/msgs_srvs/msgs_srvs/msg/motors_state.hpp\n'}
[32.377716] (oradar_lidar) StdoutLine: {'line': b'-- Symlinking: /ros2_ws/src/install/oradar_lidar/share/oradar_lidar/environment/path.dsv\n'}
[32.401686] (msgs_srvs) StdoutLine: {'line': b'-- Symlinking: /ros2_ws/src/install/msgs_srvs/include/msgs_srvs/msgs_srvs/msg/pwm_servo_state.hpp\n'}
[32.403254] (oradar_lidar) StdoutLine: {'line': b'-- Symlinking: /ros2_ws/src/install/oradar_lidar/share/oradar_lidar/local_setup.bash\n'}
[32.424614] (oradar_lidar) StdoutLine: {'line': b'-- Symlinking: /ros2_ws/src/install/oradar_lidar/share/oradar_lidar/local_setup.sh\n'}
[32.424911] (msgs_srvs) StdoutLine: {'line': b'-- Symlinking: /ros2_ws/src/install/msgs_srvs/include/msgs_srvs/msgs_srvs/msg/pwm_servo_state_duration.hpp\n'}
[32.439993] (msgs_srvs) StdoutLine: {'line': b'-- Symlinking: /ros2_ws/src/install/msgs_srvs/include/msgs_srvs/msgs_srvs/msg/rosidl_generator_cpp__visibility_control.hpp\n'}
[32.440251] (oradar_lidar) StdoutLine: {'line': b'-- Symlinking: /ros2_ws/src/install/oradar_lidar/share/oradar_lidar/local_setup.zsh\n'}
[32.455634] (msgs_srvs) StdoutLine: {'line': b'-- Symlinking: /ros2_ws/src/install/msgs_srvs/include/msgs_srvs/msgs_srvs/msg/sbus.hpp\n'}
[32.456012] (oradar_lidar) StdoutLine: {'line': b'-- Symlinking: /ros2_ws/src/install/oradar_lidar/share/oradar_lidar/local_setup.dsv\n'}
[32.458292] (-) TimerEvent: {}
[32.470931] (msgs_srvs) StdoutLine: {'line': b'-- Symlinking: /ros2_ws/src/install/msgs_srvs/include/msgs_srvs/msgs_srvs/srv/detail/pwm_servo_state__builder.hpp\n'}
[32.471183] (oradar_lidar) StdoutLine: {'line': b'-- Symlinking: /ros2_ws/src/install/oradar_lidar/share/oradar_lidar/package.dsv\n'}
[32.487656] (msgs_srvs) StdoutLine: {'line': b'-- Symlinking: /ros2_ws/src/install/msgs_srvs/include/msgs_srvs/msgs_srvs/srv/detail/pwm_servo_state__struct.hpp\n'}
[32.488295] (oradar_lidar) StdoutLine: {'line': b'-- Symlinking: /ros2_ws/src/install/oradar_lidar/share/ament_index/resource_index/packages/oradar_lidar\n'}
[32.518549] (msgs_srvs) StdoutLine: {'line': b'-- Symlinking: /ros2_ws/src/install/msgs_srvs/include/msgs_srvs/msgs_srvs/srv/detail/pwm_servo_state__traits.hpp\n'}
[32.518885] (oradar_lidar) StdoutLine: {'line': b'-- Symlinking: /ros2_ws/src/install/oradar_lidar/share/oradar_lidar/cmake/oradar_lidarConfig.cmake\n'}
[32.533637] (msgs_srvs) StdoutLine: {'line': b'-- Symlinking: /ros2_ws/src/install/msgs_srvs/include/msgs_srvs/msgs_srvs/srv/detail/pwm_servo_state__type_support.hpp\n'}
[32.533913] (oradar_lidar) StdoutLine: {'line': b'-- Symlinking: /ros2_ws/src/install/oradar_lidar/share/oradar_lidar/cmake/oradar_lidarConfig-version.cmake\n'}
[32.549094] (msgs_srvs) StdoutLine: {'line': b'-- Symlinking: /ros2_ws/src/install/msgs_srvs/include/msgs_srvs/msgs_srvs/srv/pwm_servo_state.hpp\n'}
[32.549417] (oradar_lidar) StdoutLine: {'line': b'-- Symlinking: /ros2_ws/src/install/oradar_lidar/share/oradar_lidar/package.xml\n'}
[32.558461] (-) TimerEvent: {}
[32.565529] (msgs_srvs) StdoutLine: {'line': b'-- Symlinking: /ros2_ws/src/install/msgs_srvs/include/msgs_srvs/msgs_srvs/msg/detail/button_state__rosidl_typesupport_fastrtps_cpp.hpp\n'}
[32.569008] (oradar_lidar) CommandEnded: {'returncode': 0}
[32.581567] (msgs_srvs) StdoutLine: {'line': b'-- Symlinking: /ros2_ws/src/install/msgs_srvs/include/msgs_srvs/msgs_srvs/msg/detail/buzzer_state__rosidl_typesupport_fastrtps_cpp.hpp\n'}
[32.615872] (msgs_srvs) StdoutLine: {'line': b'-- Symlinking: /ros2_ws/src/install/msgs_srvs/include/msgs_srvs/msgs_srvs/msg/detail/led_state__rosidl_typesupport_fastrtps_cpp.hpp\n'}
[32.631079] (oradar_lidar) JobEnded: {'identifier': 'oradar_lidar', 'rc': 0}
[32.631862] (msgs_srvs) StdoutLine: {'line': b'-- Symlinking: /ros2_ws/src/install/msgs_srvs/include/msgs_srvs/msgs_srvs/msg/detail/motor_state__rosidl_typesupport_fastrtps_cpp.hpp\n'}
[32.646992] (msgs_srvs) StdoutLine: {'line': b'-- Symlinking: /ros2_ws/src/install/msgs_srvs/include/msgs_srvs/msgs_srvs/msg/detail/motors_state__rosidl_typesupport_fastrtps_cpp.hpp\n'}
[32.658556] (-) TimerEvent: {}
[32.661585] (msgs_srvs) StdoutLine: {'line': b'-- Symlinking: /ros2_ws/src/install/msgs_srvs/include/msgs_srvs/msgs_srvs/msg/detail/pwm_servo_state__rosidl_typesupport_fastrtps_cpp.hpp\n'}
[32.677863] (msgs_srvs) StdoutLine: {'line': b'-- Symlinking: /ros2_ws/src/install/msgs_srvs/include/msgs_srvs/msgs_srvs/msg/detail/pwm_servo_state_duration__rosidl_typesupport_fastrtps_cpp.hpp\n'}
[32.714077] (msgs_srvs) StdoutLine: {'line': b'-- Symlinking: /ros2_ws/src/install/msgs_srvs/include/msgs_srvs/msgs_srvs/msg/detail/sbus__rosidl_typesupport_fastrtps_cpp.hpp\n'}
[32.756248] (msgs_srvs) StdoutLine: {'line': b'-- Symlinking: /ros2_ws/src/install/msgs_srvs/include/msgs_srvs/msgs_srvs/msg/rosidl_typesupport_fastrtps_cpp__visibility_control.h\n'}
[32.758699] (-) TimerEvent: {}
[32.771939] (msgs_srvs) StdoutLine: {'line': b'-- Symlinking: /ros2_ws/src/install/msgs_srvs/include/msgs_srvs/msgs_srvs/srv/detail/pwm_servo_state__rosidl_typesupport_fastrtps_cpp.hpp\n'}
[32.788062] (msgs_srvs) StdoutLine: {'line': b'-- Symlinking: /ros2_ws/src/install/msgs_srvs/include/msgs_srvs/msgs_srvs/msg/detail/button_state__rosidl_typesupport_introspection_c.h\n'}
[32.817800] (msgs_srvs) StdoutLine: {'line': b'-- Symlinking: /ros2_ws/src/install/msgs_srvs/include/msgs_srvs/msgs_srvs/msg/detail/buzzer_state__rosidl_typesupport_introspection_c.h\n'}
[32.832342] (msgs_srvs) StdoutLine: {'line': b'-- Symlinking: /ros2_ws/src/install/msgs_srvs/include/msgs_srvs/msgs_srvs/msg/detail/led_state__rosidl_typesupport_introspection_c.h\n'}
[32.846649] (msgs_srvs) StdoutLine: {'line': b'-- Symlinking: /ros2_ws/src/install/msgs_srvs/include/msgs_srvs/msgs_srvs/msg/detail/motor_state__rosidl_typesupport_introspection_c.h\n'}
[32.858798] (-) TimerEvent: {}
[32.861492] (msgs_srvs) StdoutLine: {'line': b'-- Symlinking: /ros2_ws/src/install/msgs_srvs/include/msgs_srvs/msgs_srvs/msg/detail/motors_state__rosidl_typesupport_introspection_c.h\n'}
[32.876459] (msgs_srvs) StdoutLine: {'line': b'-- Symlinking: /ros2_ws/src/install/msgs_srvs/include/msgs_srvs/msgs_srvs/msg/detail/pwm_servo_state__rosidl_typesupport_introspection_c.h\n'}
[32.898452] (msgs_srvs) StdoutLine: {'line': b'-- Symlinking: /ros2_ws/src/install/msgs_srvs/include/msgs_srvs/msgs_srvs/msg/detail/pwm_servo_state_duration__rosidl_typesupport_introspection_c.h\n'}
[32.922975] (msgs_srvs) StdoutLine: {'line': b'-- Symlinking: /ros2_ws/src/install/msgs_srvs/include/msgs_srvs/msgs_srvs/msg/detail/sbus__rosidl_typesupport_introspection_c.h\n'}
[32.937146] (msgs_srvs) StdoutLine: {'line': b'-- Symlinking: /ros2_ws/src/install/msgs_srvs/include/msgs_srvs/msgs_srvs/msg/rosidl_typesupport_introspection_c__visibility_control.h\n'}
[32.952158] (msgs_srvs) StdoutLine: {'line': b'-- Symlinking: /ros2_ws/src/install/msgs_srvs/include/msgs_srvs/msgs_srvs/srv/detail/pwm_servo_state__rosidl_typesupport_introspection_c.h\n'}
[32.958915] (-) TimerEvent: {}
[32.967769] (msgs_srvs) StdoutLine: {'line': b'-- Symlinking: /ros2_ws/src/install/msgs_srvs/include/msgs_srvs/msgs_srvs/msg/detail/button_state__rosidl_typesupport_introspection_cpp.hpp\n'}
[32.983467] (msgs_srvs) StdoutLine: {'line': b'-- Symlinking: /ros2_ws/src/install/msgs_srvs/include/msgs_srvs/msgs_srvs/msg/detail/buzzer_state__rosidl_typesupport_introspection_cpp.hpp\n'}
[33.015091] (msgs_srvs) StdoutLine: {'line': b'-- Symlinking: /ros2_ws/src/install/msgs_srvs/include/msgs_srvs/msgs_srvs/msg/detail/led_state__rosidl_typesupport_introspection_cpp.hpp\n'}
[33.029784] (msgs_srvs) StdoutLine: {'line': b'-- Symlinking: /ros2_ws/src/install/msgs_srvs/include/msgs_srvs/msgs_srvs/msg/detail/motor_state__rosidl_typesupport_introspection_cpp.hpp\n'}
[33.045513] (msgs_srvs) StdoutLine: {'line': b'-- Symlinking: /ros2_ws/src/install/msgs_srvs/include/msgs_srvs/msgs_srvs/msg/detail/motors_state__rosidl_typesupport_introspection_cpp.hpp\n'}
[33.059016] (-) TimerEvent: {}
[33.060939] (msgs_srvs) StdoutLine: {'line': b'-- Symlinking: /ros2_ws/src/install/msgs_srvs/include/msgs_srvs/msgs_srvs/msg/detail/pwm_servo_state__rosidl_typesupport_introspection_cpp.hpp\n'}
[33.075596] (msgs_srvs) StdoutLine: {'line': b'-- Symlinking: /ros2_ws/src/install/msgs_srvs/include/msgs_srvs/msgs_srvs/msg/detail/pwm_servo_state_duration__rosidl_typesupport_introspection_cpp.hpp\n'}
[33.095553] (msgs_srvs) StdoutLine: {'line': b'-- Symlinking: /ros2_ws/src/install/msgs_srvs/include/msgs_srvs/msgs_srvs/msg/detail/sbus__rosidl_typesupport_introspection_cpp.hpp\n'}
[33.121222] (msgs_srvs) StdoutLine: {'line': b'-- Symlinking: /ros2_ws/src/install/msgs_srvs/include/msgs_srvs/msgs_srvs/srv/detail/pwm_servo_state__rosidl_typesupport_introspection_cpp.hpp\n'}
[33.135912] (msgs_srvs) StdoutLine: {'line': b'-- Symlinking: /ros2_ws/src/install/msgs_srvs/share/msgs_srvs/environment/pythonpath.sh\n'}
[33.151305] (msgs_srvs) StdoutLine: {'line': b'-- Symlinking: /ros2_ws/src/install/msgs_srvs/share/msgs_srvs/environment/pythonpath.dsv\n'}
[33.159164] (-) TimerEvent: {}
[33.166210] (msgs_srvs) StdoutLine: {'line': b'-- Symlinking: /ros2_ws/src/install/msgs_srvs/local/lib/python3.10/dist-packages/msgs_srvs-0.0.0-py3.10.egg-info/PKG-INFO\n'}
[33.181048] (msgs_srvs) StdoutLine: {'line': b'-- Symlinking: /ros2_ws/src/install/msgs_srvs/local/lib/python3.10/dist-packages/msgs_srvs-0.0.0-py3.10.egg-info/SOURCES.txt\n'}
[33.196068] (msgs_srvs) StdoutLine: {'line': b'-- Symlinking: /ros2_ws/src/install/msgs_srvs/local/lib/python3.10/dist-packages/msgs_srvs-0.0.0-py3.10.egg-info/dependency_links.txt\n'}
[33.220287] (msgs_srvs) StdoutLine: {'line': b'-- Symlinking: /ros2_ws/src/install/msgs_srvs/local/lib/python3.10/dist-packages/msgs_srvs-0.0.0-py3.10.egg-info/top_level.txt\n'}
[33.242688] (msgs_srvs) StdoutLine: {'line': b'-- Symlinking: /ros2_ws/src/install/msgs_srvs/local/lib/python3.10/dist-packages/msgs_srvs/__init__.py\n'}
[33.257298] (msgs_srvs) StdoutLine: {'line': b'-- Symlinking: /ros2_ws/src/install/msgs_srvs/local/lib/python3.10/dist-packages/msgs_srvs/_msgs_srvs_s.ep.rosidl_typesupport_c.c\n'}
[33.259227] (-) TimerEvent: {}
[33.272953] (msgs_srvs) StdoutLine: {'line': b'-- Symlinking: /ros2_ws/src/install/msgs_srvs/local/lib/python3.10/dist-packages/msgs_srvs/_msgs_srvs_s.ep.rosidl_typesupport_fastrtps_c.c\n'}
[33.287903] (msgs_srvs) StdoutLine: {'line': b'-- Symlinking: /ros2_ws/src/install/msgs_srvs/local/lib/python3.10/dist-packages/msgs_srvs/_msgs_srvs_s.ep.rosidl_typesupport_introspection_c.c\n'}
[33.317885] (msgs_srvs) StdoutLine: {'line': b'-- Symlinking: /ros2_ws/src/install/msgs_srvs/local/lib/python3.10/dist-packages/msgs_srvs/libmsgs_srvs__rosidl_generator_py.so\n'}
[33.332144] (msgs_srvs) StdoutLine: {'line': b'-- Symlinking: /ros2_ws/src/install/msgs_srvs/local/lib/python3.10/dist-packages/msgs_srvs/msg/__init__.py\n'}
[33.347104] (msgs_srvs) StdoutLine: {'line': b'-- Symlinking: /ros2_ws/src/install/msgs_srvs/local/lib/python3.10/dist-packages/msgs_srvs/msg/_button_state.py\n'}
[33.359334] (-) TimerEvent: {}
[33.361848] (msgs_srvs) StdoutLine: {'line': b'-- Symlinking: /ros2_ws/src/install/msgs_srvs/local/lib/python3.10/dist-packages/msgs_srvs/msg/_button_state_s.c\n'}
[33.377413] (msgs_srvs) StdoutLine: {'line': b'-- Symlinking: /ros2_ws/src/install/msgs_srvs/local/lib/python3.10/dist-packages/msgs_srvs/msg/_buzzer_state.py\n'}
[33.399638] (msgs_srvs) StdoutLine: {'line': b'-- Symlinking: /ros2_ws/src/install/msgs_srvs/local/lib/python3.10/dist-packages/msgs_srvs/msg/_buzzer_state_s.c\n'}
[33.421407] (msgs_srvs) StdoutLine: {'line': b'-- Symlinking: /ros2_ws/src/install/msgs_srvs/local/lib/python3.10/dist-packages/msgs_srvs/msg/_led_state.py\n'}
[33.436018] (msgs_srvs) StdoutLine: {'line': b'-- Symlinking: /ros2_ws/src/install/msgs_srvs/local/lib/python3.10/dist-packages/msgs_srvs/msg/_led_state_s.c\n'}
[33.450993] (msgs_srvs) StdoutLine: {'line': b'-- Symlinking: /ros2_ws/src/install/msgs_srvs/local/lib/python3.10/dist-packages/msgs_srvs/msg/_motor_state.py\n'}
[33.459414] (-) TimerEvent: {}
[33.465731] (msgs_srvs) StdoutLine: {'line': b'-- Symlinking: /ros2_ws/src/install/msgs_srvs/local/lib/python3.10/dist-packages/msgs_srvs/msg/_motor_state_s.c\n'}
[33.481879] (msgs_srvs) StdoutLine: {'line': b'-- Symlinking: /ros2_ws/src/install/msgs_srvs/local/lib/python3.10/dist-packages/msgs_srvs/msg/_motors_state.py\n'}
[33.513304] (msgs_srvs) StdoutLine: {'line': b'-- Symlinking: /ros2_ws/src/install/msgs_srvs/local/lib/python3.10/dist-packages/msgs_srvs/msg/_motors_state_s.c\n'}
[33.527889] (msgs_srvs) StdoutLine: {'line': b'-- Symlinking: /ros2_ws/src/install/msgs_srvs/local/lib/python3.10/dist-packages/msgs_srvs/msg/_pwm_servo_state.py\n'}
[33.543616] (msgs_srvs) StdoutLine: {'line': b'-- Symlinking: /ros2_ws/src/install/msgs_srvs/local/lib/python3.10/dist-packages/msgs_srvs/msg/_pwm_servo_state_duration.py\n'}
[33.558578] (msgs_srvs) StdoutLine: {'line': b'-- Symlinking: /ros2_ws/src/install/msgs_srvs/local/lib/python3.10/dist-packages/msgs_srvs/msg/_pwm_servo_state_duration_s.c\n'}
[33.559480] (-) TimerEvent: {}
[33.573237] (msgs_srvs) StdoutLine: {'line': b'-- Symlinking: /ros2_ws/src/install/msgs_srvs/local/lib/python3.10/dist-packages/msgs_srvs/msg/_pwm_servo_state_s.c\n'}
[33.588959] (msgs_srvs) StdoutLine: {'line': b'-- Symlinking: /ros2_ws/src/install/msgs_srvs/local/lib/python3.10/dist-packages/msgs_srvs/msg/_sbus.py\n'}
[33.618730] (msgs_srvs) StdoutLine: {'line': b'-- Symlinking: /ros2_ws/src/install/msgs_srvs/local/lib/python3.10/dist-packages/msgs_srvs/msg/_sbus_s.c\n'}
[33.633377] (msgs_srvs) StdoutLine: {'line': b'-- Symlinking: /ros2_ws/src/install/msgs_srvs/local/lib/python3.10/dist-packages/msgs_srvs/msgs_srvs_s__rosidl_typesupport_c.cpython-310-aarch64-linux-gnu.so\n'}
[33.648461] (msgs_srvs) StdoutLine: {'line': b'-- Symlinking: /ros2_ws/src/install/msgs_srvs/local/lib/python3.10/dist-packages/msgs_srvs/msgs_srvs_s__rosidl_typesupport_fastrtps_c.cpython-310-aarch64-linux-gnu.so\n'}
[33.659606] (-) TimerEvent: {}
[33.663009] (msgs_srvs) StdoutLine: {'line': b'-- Symlinking: /ros2_ws/src/install/msgs_srvs/local/lib/python3.10/dist-packages/msgs_srvs/msgs_srvs_s__rosidl_typesupport_introspection_c.cpython-310-aarch64-linux-gnu.so\n'}
[33.679156] (msgs_srvs) StdoutLine: {'line': b'-- Symlinking: /ros2_ws/src/install/msgs_srvs/local/lib/python3.10/dist-packages/msgs_srvs/srv/__init__.py\n'}
[33.704237] (msgs_srvs) StdoutLine: {'line': b'-- Symlinking: /ros2_ws/src/install/msgs_srvs/local/lib/python3.10/dist-packages/msgs_srvs/srv/_pwm_servo_state.py\n'}
[33.724898] (msgs_srvs) StdoutLine: {'line': b'-- Symlinking: /ros2_ws/src/install/msgs_srvs/local/lib/python3.10/dist-packages/msgs_srvs/srv/_pwm_servo_state_s.c\n'}
[33.739209] (msgs_srvs) StdoutLine: {'line': b'-- Up-to-date symlink: /ros2_ws/src/install/msgs_srvs/local/lib/python3.10/dist-packages/msgs_srvs/msgs_srvs_s__rosidl_typesupport_fastrtps_c.cpython-310-aarch64-linux-gnu.so\n'}
[33.739456] (msgs_srvs) StdoutLine: {'line': b'-- Up-to-date symlink: /ros2_ws/src/install/msgs_srvs/local/lib/python3.10/dist-packages/msgs_srvs/msgs_srvs_s__rosidl_typesupport_introspection_c.cpython-310-aarch64-linux-gnu.so\n'}
[33.739880] (msgs_srvs) StdoutLine: {'line': b'-- Up-to-date symlink: /ros2_ws/src/install/msgs_srvs/local/lib/python3.10/dist-packages/msgs_srvs/msgs_srvs_s__rosidl_typesupport_c.cpython-310-aarch64-linux-gnu.so\n'}
[33.740010] (msgs_srvs) StdoutLine: {'line': b'-- Symlinking: /ros2_ws/src/install/msgs_srvs/share/msgs_srvs/msg/ButtonState.idl\n'}
[33.755202] (msgs_srvs) StdoutLine: {'line': b'-- Symlinking: /ros2_ws/src/install/msgs_srvs/share/msgs_srvs/msg/BuzzerState.idl\n'}
[33.759704] (-) TimerEvent: {}
[33.769839] (msgs_srvs) StdoutLine: {'line': b'-- Symlinking: /ros2_ws/src/install/msgs_srvs/share/msgs_srvs/msg/LedState.idl\n'}
[33.784709] (msgs_srvs) StdoutLine: {'line': b'-- Symlinking: /ros2_ws/src/install/msgs_srvs/share/msgs_srvs/msg/MotorsState.idl\n'}
[33.815385] (msgs_srvs) StdoutLine: {'line': b'-- Symlinking: /ros2_ws/src/install/msgs_srvs/share/msgs_srvs/msg/MotorState.idl\n'}
[33.829744] (msgs_srvs) StdoutLine: {'line': b'-- Symlinking: /ros2_ws/src/install/msgs_srvs/share/msgs_srvs/msg/PWMServoState.idl\n'}
[33.844794] (msgs_srvs) StdoutLine: {'line': b'-- Symlinking: /ros2_ws/src/install/msgs_srvs/share/msgs_srvs/msg/PWMServoStateDuration.idl\n'}
[33.859216] (msgs_srvs) StdoutLine: {'line': b'-- Symlinking: /ros2_ws/src/install/msgs_srvs/share/msgs_srvs/msg/Sbus.idl\n'}
[33.859774] (-) TimerEvent: {}
[33.874423] (msgs_srvs) StdoutLine: {'line': b'-- Symlinking: /ros2_ws/src/install/msgs_srvs/share/msgs_srvs/srv/PWMServoState.idl\n'}
[33.890665] (msgs_srvs) StdoutLine: {'line': b'-- Symlinking: /ros2_ws/src/install/msgs_srvs/share/msgs_srvs/msg/ButtonState.msg\n'}
[33.919871] (msgs_srvs) StdoutLine: {'line': b'-- Symlinking: /ros2_ws/src/install/msgs_srvs/share/msgs_srvs/msg/BuzzerState.msg\n'}
[33.934786] (msgs_srvs) StdoutLine: {'line': b'-- Symlinking: /ros2_ws/src/install/msgs_srvs/share/msgs_srvs/msg/LedState.msg\n'}
[33.949061] (msgs_srvs) StdoutLine: {'line': b'-- Symlinking: /ros2_ws/src/install/msgs_srvs/share/msgs_srvs/msg/MotorsState.msg\n'}
[33.959868] (-) TimerEvent: {}
[33.963902] (msgs_srvs) StdoutLine: {'line': b'-- Symlinking: /ros2_ws/src/install/msgs_srvs/share/msgs_srvs/msg/MotorState.msg\n'}
[33.979020] (msgs_srvs) StdoutLine: {'line': b'-- Symlinking: /ros2_ws/src/install/msgs_srvs/share/msgs_srvs/msg/PWMServoState.msg\n'}
[34.004042] (msgs_srvs) StdoutLine: {'line': b'-- Symlinking: /ros2_ws/src/install/msgs_srvs/share/msgs_srvs/msg/PWMServoStateDuration.msg\n'}
[34.025636] (msgs_srvs) StdoutLine: {'line': b'-- Symlinking: /ros2_ws/src/install/msgs_srvs/share/msgs_srvs/msg/Sbus.msg\n'}
[34.040585] (msgs_srvs) StdoutLine: {'line': b'-- Symlinking: /ros2_ws/src/install/msgs_srvs/share/msgs_srvs/srv/PWMServoState.srv\n'}
[34.055342] (msgs_srvs) StdoutLine: {'line': b'-- Symlinking: /ros2_ws/src/install/msgs_srvs/share/msgs_srvs/srv/PWMServoState_Request.msg\n'}
[34.059948] (-) TimerEvent: {}
[34.071371] (msgs_srvs) StdoutLine: {'line': b'-- Symlinking: /ros2_ws/src/install/msgs_srvs/share/msgs_srvs/srv/PWMServoState_Response.msg\n'}
[34.086297] (msgs_srvs) StdoutLine: {'line': b'-- Symlinking: /ros2_ws/src/install/msgs_srvs/share/ament_index/resource_index/package_run_dependencies/msgs_srvs\n'}
[34.117923] (msgs_srvs) StdoutLine: {'line': b'-- Symlinking: /ros2_ws/src/install/msgs_srvs/share/ament_index/resource_index/parent_prefix_path/msgs_srvs\n'}
[34.132489] (msgs_srvs) StdoutLine: {'line': b'-- Symlinking: /ros2_ws/src/install/msgs_srvs/share/msgs_srvs/environment/ament_prefix_path.sh\n'}
[34.147424] (msgs_srvs) StdoutLine: {'line': b'-- Symlinking: /ros2_ws/src/install/msgs_srvs/share/msgs_srvs/environment/ament_prefix_path.dsv\n'}
[34.160044] (-) TimerEvent: {}
[34.162817] (msgs_srvs) StdoutLine: {'line': b'-- Symlinking: /ros2_ws/src/install/msgs_srvs/share/msgs_srvs/environment/path.sh\n'}
[34.177383] (msgs_srvs) StdoutLine: {'line': b'-- Symlinking: /ros2_ws/src/install/msgs_srvs/share/msgs_srvs/environment/path.dsv\n'}
[34.197308] (msgs_srvs) StdoutLine: {'line': b'-- Symlinking: /ros2_ws/src/install/msgs_srvs/share/msgs_srvs/local_setup.bash\n'}
[34.222792] (msgs_srvs) StdoutLine: {'line': b'-- Symlinking: /ros2_ws/src/install/msgs_srvs/share/msgs_srvs/local_setup.sh\n'}
[34.236872] (msgs_srvs) StdoutLine: {'line': b'-- Symlinking: /ros2_ws/src/install/msgs_srvs/share/msgs_srvs/local_setup.zsh\n'}
[34.252318] (msgs_srvs) StdoutLine: {'line': b'-- Symlinking: /ros2_ws/src/install/msgs_srvs/share/msgs_srvs/local_setup.dsv\n'}
[34.260160] (-) TimerEvent: {}
[34.267136] (msgs_srvs) StdoutLine: {'line': b'-- Symlinking: /ros2_ws/src/install/msgs_srvs/share/msgs_srvs/package.dsv\n'}
[34.282179] (msgs_srvs) StdoutLine: {'line': b'-- Symlinking: /ros2_ws/src/install/msgs_srvs/share/ament_index/resource_index/packages/msgs_srvs\n'}
[34.313751] (msgs_srvs) StdoutLine: {'line': b'-- Symlinking: /ros2_ws/src/install/msgs_srvs/share/msgs_srvs/cmake/rosidl_cmake-extras.cmake\n'}
[34.328716] (msgs_srvs) StdoutLine: {'line': b'-- Symlinking: /ros2_ws/src/install/msgs_srvs/share/msgs_srvs/cmake/ament_cmake_export_dependencies-extras.cmake\n'}
[34.343603] (msgs_srvs) StdoutLine: {'line': b'-- Symlinking: /ros2_ws/src/install/msgs_srvs/share/msgs_srvs/cmake/ament_cmake_export_include_directories-extras.cmake\n'}
[34.358294] (msgs_srvs) StdoutLine: {'line': b'-- Symlinking: /ros2_ws/src/install/msgs_srvs/share/msgs_srvs/cmake/ament_cmake_export_libraries-extras.cmake\n'}
[34.360223] (-) TimerEvent: {}
[34.373087] (msgs_srvs) StdoutLine: {'line': b'-- Symlinking: /ros2_ws/src/install/msgs_srvs/share/msgs_srvs/cmake/ament_cmake_export_targets-extras.cmake\n'}
[34.389473] (msgs_srvs) StdoutLine: {'line': b'-- Symlinking: /ros2_ws/src/install/msgs_srvs/share/msgs_srvs/cmake/rosidl_cmake_export_typesupport_targets-extras.cmake\n'}
[34.420062] (msgs_srvs) StdoutLine: {'line': b'-- Symlinking: /ros2_ws/src/install/msgs_srvs/share/msgs_srvs/cmake/rosidl_cmake_export_typesupport_libraries-extras.cmake\n'}
[34.434826] (msgs_srvs) StdoutLine: {'line': b'-- Symlinking: /ros2_ws/src/install/msgs_srvs/share/msgs_srvs/cmake/msgs_srvsConfig.cmake\n'}
[34.449923] (msgs_srvs) StdoutLine: {'line': b'-- Symlinking: /ros2_ws/src/install/msgs_srvs/share/msgs_srvs/cmake/msgs_srvsConfig-version.cmake\n'}
[34.460337] (-) TimerEvent: {}
[34.464789] (msgs_srvs) StdoutLine: {'line': b'-- Symlinking: /ros2_ws/src/install/msgs_srvs/share/msgs_srvs/package.xml\n'}
[34.480592] (msgs_srvs) StdoutLine: {'line': b'-- Installing: /ros2_ws/src/install/msgs_srvs/lib/libmsgs_srvs__rosidl_generator_c.so\n'}
[34.481230] (msgs_srvs) StdoutLine: {'line': b'-- Set runtime path of "/ros2_ws/src/install/msgs_srvs/lib/libmsgs_srvs__rosidl_generator_c.so" to ""\n'}
[34.481364] (msgs_srvs) StdoutLine: {'line': b'-- Installing: /ros2_ws/src/install/msgs_srvs/lib/libmsgs_srvs__rosidl_typesupport_fastrtps_c.so\n'}
[34.481958] (msgs_srvs) StdoutLine: {'line': b'-- Set runtime path of "/ros2_ws/src/install/msgs_srvs/lib/libmsgs_srvs__rosidl_typesupport_fastrtps_c.so" to ""\n'}
[34.482081] (msgs_srvs) StdoutLine: {'line': b'-- Installing: /ros2_ws/src/install/msgs_srvs/lib/libmsgs_srvs__rosidl_typesupport_fastrtps_cpp.so\n'}
[34.482941] (msgs_srvs) StdoutLine: {'line': b'-- Set runtime path of "/ros2_ws/src/install/msgs_srvs/lib/libmsgs_srvs__rosidl_typesupport_fastrtps_cpp.so" to ""\n'}
[34.483060] (msgs_srvs) StdoutLine: {'line': b'-- Installing: /ros2_ws/src/install/msgs_srvs/lib/libmsgs_srvs__rosidl_typesupport_introspection_c.so\n'}
[34.483594] (msgs_srvs) StdoutLine: {'line': b'-- Set runtime path of "/ros2_ws/src/install/msgs_srvs/lib/libmsgs_srvs__rosidl_typesupport_introspection_c.so" to ""\n'}
[34.483711] (msgs_srvs) StdoutLine: {'line': b'-- Installing: /ros2_ws/src/install/msgs_srvs/lib/libmsgs_srvs__rosidl_typesupport_c.so\n'}
[34.484179] (msgs_srvs) StdoutLine: {'line': b'-- Set runtime path of "/ros2_ws/src/install/msgs_srvs/lib/libmsgs_srvs__rosidl_typesupport_c.so" to ""\n'}
[34.484277] (msgs_srvs) StdoutLine: {'line': b'-- Installing: /ros2_ws/src/install/msgs_srvs/lib/libmsgs_srvs__rosidl_typesupport_introspection_cpp.so\n'}
[34.485074] (msgs_srvs) StdoutLine: {'line': b'-- Set runtime path of "/ros2_ws/src/install/msgs_srvs/lib/libmsgs_srvs__rosidl_typesupport_introspection_cpp.so" to ""\n'}
[34.485184] (msgs_srvs) StdoutLine: {'line': b'-- Installing: /ros2_ws/src/install/msgs_srvs/lib/libmsgs_srvs__rosidl_typesupport_cpp.so\n'}
[34.485678] (msgs_srvs) StdoutLine: {'line': b'-- Set runtime path of "/ros2_ws/src/install/msgs_srvs/lib/libmsgs_srvs__rosidl_typesupport_cpp.so" to ""\n'}
[34.560449] (-) TimerEvent: {}
[34.625676] (msgs_srvs) StdoutLine: {'line': b"Listing '/ros2_ws/src/install/msgs_srvs/local/lib/python3.10/dist-packages/msgs_srvs'...\n"}
[34.626052] (msgs_srvs) StdoutLine: {'line': b"Compiling '/ros2_ws/src/install/msgs_srvs/local/lib/python3.10/dist-packages/msgs_srvs/__init__.py'...\n"}
[34.626254] (msgs_srvs) StdoutLine: {'line': b"Listing '/ros2_ws/src/install/msgs_srvs/local/lib/python3.10/dist-packages/msgs_srvs/msg'...\n"}
[34.626358] (msgs_srvs) StdoutLine: {'line': b"Compiling '/ros2_ws/src/install/msgs_srvs/local/lib/python3.10/dist-packages/msgs_srvs/msg/__init__.py'...\n"}
[34.626441] (msgs_srvs) StdoutLine: {'line': b"Compiling '/ros2_ws/src/install/msgs_srvs/local/lib/python3.10/dist-packages/msgs_srvs/msg/_button_state.py'...\n"}
[34.626542] (msgs_srvs) StdoutLine: {'line': b"Compiling '/ros2_ws/src/install/msgs_srvs/local/lib/python3.10/dist-packages/msgs_srvs/msg/_buzzer_state.py'...\n"}
[34.626639] (msgs_srvs) StdoutLine: {'line': b"Compiling '/ros2_ws/src/install/msgs_srvs/local/lib/python3.10/dist-packages/msgs_srvs/msg/_led_state.py'...\n"}
[34.626718] (msgs_srvs) StdoutLine: {'line': b"Compiling '/ros2_ws/src/install/msgs_srvs/local/lib/python3.10/dist-packages/msgs_srvs/msg/_motor_state.py'...\n"}
[34.626792] (msgs_srvs) StdoutLine: {'line': b"Compiling '/ros2_ws/src/install/msgs_srvs/local/lib/python3.10/dist-packages/msgs_srvs/msg/_motors_state.py'...\n"}
[34.626863] (msgs_srvs) StdoutLine: {'line': b"Compiling '/ros2_ws/src/install/msgs_srvs/local/lib/python3.10/dist-packages/msgs_srvs/msg/_pwm_servo_state.py'...\n"}
[34.626933] (msgs_srvs) StdoutLine: {'line': b"Compiling '/ros2_ws/src/install/msgs_srvs/local/lib/python3.10/dist-packages/msgs_srvs/msg/_pwm_servo_state_duration.py'...\n"}
[34.627003] (msgs_srvs) StdoutLine: {'line': b"Compiling '/ros2_ws/src/install/msgs_srvs/local/lib/python3.10/dist-packages/msgs_srvs/msg/_sbus.py'...\n"}
[34.627072] (msgs_srvs) StdoutLine: {'line': b"Listing '/ros2_ws/src/install/msgs_srvs/local/lib/python3.10/dist-packages/msgs_srvs/srv'...\n"}
[34.627144] (msgs_srvs) StdoutLine: {'line': b"Compiling '/ros2_ws/src/install/msgs_srvs/local/lib/python3.10/dist-packages/msgs_srvs/srv/__init__.py'...\n"}
[34.627213] (msgs_srvs) StdoutLine: {'line': b"Compiling '/ros2_ws/src/install/msgs_srvs/local/lib/python3.10/dist-packages/msgs_srvs/srv/_pwm_servo_state.py'...\n"}
[34.637265] (msgs_srvs) StdoutLine: {'line': b'-- Installing: /ros2_ws/src/install/msgs_srvs/lib/libmsgs_srvs__rosidl_generator_py.so\n'}
[34.638031] (msgs_srvs) StdoutLine: {'line': b'-- Set runtime path of "/ros2_ws/src/install/msgs_srvs/lib/libmsgs_srvs__rosidl_generator_py.so" to ""\n'}
[34.638214] (msgs_srvs) StdoutLine: {'line': b'-- Installing: /ros2_ws/src/install/msgs_srvs/share/msgs_srvs/cmake/export_msgs_srvs__rosidl_generator_cExport.cmake\n'}
[34.638337] (msgs_srvs) StdoutLine: {'line': b'-- Installing: /ros2_ws/src/install/msgs_srvs/share/msgs_srvs/cmake/export_msgs_srvs__rosidl_generator_cExport-noconfig.cmake\n'}
[34.638528] (msgs_srvs) StdoutLine: {'line': b'-- Installing: /ros2_ws/src/install/msgs_srvs/share/msgs_srvs/cmake/export_msgs_srvs__rosidl_typesupport_fastrtps_cExport.cmake\n'}
[34.638703] (msgs_srvs) StdoutLine: {'line': b'-- Installing: /ros2_ws/src/install/msgs_srvs/share/msgs_srvs/cmake/export_msgs_srvs__rosidl_typesupport_fastrtps_cExport-noconfig.cmake\n'}
[34.638876] (msgs_srvs) StdoutLine: {'line': b'-- Installing: /ros2_ws/src/install/msgs_srvs/share/msgs_srvs/cmake/export_msgs_srvs__rosidl_generator_cppExport.cmake\n'}
[34.639057] (msgs_srvs) StdoutLine: {'line': b'-- Installing: /ros2_ws/src/install/msgs_srvs/share/msgs_srvs/cmake/export_msgs_srvs__rosidl_typesupport_fastrtps_cppExport.cmake\n'}
[34.639230] (msgs_srvs) StdoutLine: {'line': b'-- Installing: /ros2_ws/src/install/msgs_srvs/share/msgs_srvs/cmake/export_msgs_srvs__rosidl_typesupport_fastrtps_cppExport-noconfig.cmake\n'}
[34.639403] (msgs_srvs) StdoutLine: {'line': b'-- Installing: /ros2_ws/src/install/msgs_srvs/share/msgs_srvs/cmake/msgs_srvs__rosidl_typesupport_introspection_cExport.cmake\n'}
[34.639601] (msgs_srvs) StdoutLine: {'line': b'-- Installing: /ros2_ws/src/install/msgs_srvs/share/msgs_srvs/cmake/msgs_srvs__rosidl_typesupport_introspection_cExport-noconfig.cmake\n'}
[34.639781] (msgs_srvs) StdoutLine: {'line': b'-- Installing: /ros2_ws/src/install/msgs_srvs/share/msgs_srvs/cmake/msgs_srvs__rosidl_typesupport_cExport.cmake\n'}
[34.639948] (msgs_srvs) StdoutLine: {'line': b'-- Installing: /ros2_ws/src/install/msgs_srvs/share/msgs_srvs/cmake/msgs_srvs__rosidl_typesupport_cExport-noconfig.cmake\n'}
[34.640124] (msgs_srvs) StdoutLine: {'line': b'-- Installing: /ros2_ws/src/install/msgs_srvs/share/msgs_srvs/cmake/msgs_srvs__rosidl_typesupport_introspection_cppExport.cmake\n'}
[34.640311] (msgs_srvs) StdoutLine: {'line': b'-- Installing: /ros2_ws/src/install/msgs_srvs/share/msgs_srvs/cmake/msgs_srvs__rosidl_typesupport_introspection_cppExport-noconfig.cmake\n'}
[34.640486] (msgs_srvs) StdoutLine: {'line': b'-- Installing: /ros2_ws/src/install/msgs_srvs/share/msgs_srvs/cmake/msgs_srvs__rosidl_typesupport_cppExport.cmake\n'}
[34.640673] (msgs_srvs) StdoutLine: {'line': b'-- Installing: /ros2_ws/src/install/msgs_srvs/share/msgs_srvs/cmake/msgs_srvs__rosidl_typesupport_cppExport-noconfig.cmake\n'}
[34.640850] (msgs_srvs) StdoutLine: {'line': b'-- Installing: /ros2_ws/src/install/msgs_srvs/share/msgs_srvs/cmake/export_msgs_srvs__rosidl_generator_pyExport.cmake\n'}
[34.641024] (msgs_srvs) StdoutLine: {'line': b'-- Installing: /ros2_ws/src/install/msgs_srvs/share/msgs_srvs/cmake/export_msgs_srvs__rosidl_generator_pyExport-noconfig.cmake\n'}
[34.644265] (msgs_srvs) CommandEnded: {'returncode': 0}
[34.660569] (-) TimerEvent: {}
[34.667491] (msgs_srvs) JobEnded: {'identifier': 'msgs_srvs', 'rc': 0}
[34.668358] (-) EventReactorShutdown: {}
