[0.000000] (-) TimerEvent: {}
[0.000395] (driver) JobQueued: {'identifier': 'driver', 'dependencies': OrderedDict()}
[0.000742] (msgs_srvs) JobQueued: {'identifier': 'msgs_srvs', 'dependencies': OrderedDict()}
[0.001072] (oradar_lidar) JobQueued: {'identifier': 'oradar_lidar', 'dependencies': OrderedDict()}
[0.001096] (driver) JobStarted: {'identifier': 'driver'}
[0.018504] (msgs_srvs) JobStarted: {'identifier': 'msgs_srvs'}
[0.024772] (oradar_lidar) JobStarted: {'identifier': 'oradar_lidar'}
[0.099632] (-) TimerEvent: {}
[0.200039] (-) TimerEvent: {}
[0.300633] (-) TimerEvent: {}
[0.401115] (-) TimerEvent: {}
[0.500542] (msgs_srvs) JobProgress: {'identifier': 'msgs_srvs', 'progress': 'cmake'}
[0.501180] (-) TimerEvent: {}
[0.501917] (msgs_srvs) JobProgress: {'identifier': 'msgs_srvs', 'progress': 'build'}
[0.503034] (msgs_srvs) Command: {'cmd': ['/usr/bin/cmake', '--build', '/ros2_ws/build/msgs_srvs', '--', '-j4', '-l4'], 'cwd': '/ros2_ws/build/msgs_srvs', 'env': OrderedDict([('VNCDESKTOP', 'TurboVNC: tarzan-desktop:1 ()'), ('LESSOPEN', '| /usr/bin/lesspipe %s'), ('HOSTNAME', 'tarzan-desktop'), ('SSH_AGENT_PID', '183'), ('SHLVL', '2'), ('LD_LIBRARY_PATH', '/ros2_ws/install/msgs_srvs/lib:/opt/ros/humble/opt/rviz_ogre_vendor/lib:/opt/ros/humble/lib/aarch64-linux-gnu:/opt/ros/humble/lib'), ('HOME', '/root'), ('DESKTOP_SESSION', 'xfce'), ('PANEL_GDK_CORE_DEVICE_EVENTS', '0'), ('ROS_PYTHON_VERSION', '3'), ('DBUS_SESSION_BUS_ADDRESS', 'unix:abstract=/tmp/dbus-wO67F6SAYB,guid=fd8027fa05f1ceab7ac91ac467ba2ea2'), ('COLORTERM', 'truecolor'), ('COLCON_PREFIX_PATH', '/ros2_ws/install'), ('ROS_DISTRO', 'humble'), ('VGL_PROBEGLX', '0'), ('WINDOWID', '41943043'), ('FONT_ENCODINGS_DIRECTORY', '/usr/share/fonts/X11/encodings'), ('_', '/usr/bin/colcon'), ('ROS_VERSION', '2'), ('TERM', 'xterm-256color'), ('ROS_LOCALHOST_ONLY', '0'), ('PATH', '/ros2_ws/install/oradar_lidar/bin:/opt/ros/humble/bin:/usr/local/sbin:/usr/local/bin:/usr/sbin:/usr/bin:/sbin:/bin'), ('SESSION_MANAGER', 'local/tarzan-desktop:@/tmp/.ICE-unix/133,unix/tarzan-desktop:/tmp/.ICE-unix/133'), ('XDG_MENU_PREFIX', 'xfce-'), ('VGL_COMPRESS', '0'), ('DISPLAY', ':1.0'), ('LANG', 'en_US.UTF-8'), ('XDG_CURRENT_DESKTOP', 'XFCE'), ('LS_COLORS', 'rs=0:di=01;34:ln=01;36:mh=00:pi=40;33:so=01;35:do=01;35:bd=40;33;01:cd=40;33;01:or=40;31;01:mi=00:su=37;41:sg=30;43:ca=30;41:tw=30;42:ow=34;42:st=37;44:ex=01;32:*.tar=01;31:*.tgz=01;31:*.arc=01;31:*.arj=01;31:*.taz=01;31:*.lha=01;31:*.lz4=01;31:*.lzh=01;31:*.lzma=01;31:*.tlz=01;31:*.txz=01;31:*.tzo=01;31:*.t7z=01;31:*.zip=01;31:*.z=01;31:*.dz=01;31:*.gz=01;31:*.lrz=01;31:*.lz=01;31:*.lzo=01;31:*.xz=01;31:*.zst=01;31:*.tzst=01;31:*.bz2=01;31:*.bz=01;31:*.tbz=01;31:*.tbz2=01;31:*.tz=01;31:*.deb=01;31:*.rpm=01;31:*.jar=01;31:*.war=01;31:*.ear=01;31:*.sar=01;31:*.rar=01;31:*.alz=01;31:*.ace=01;31:*.zoo=01;31:*.cpio=01;31:*.7z=01;31:*.rz=01;31:*.cab=01;31:*.wim=01;31:*.swm=01;31:*.dwm=01;31:*.esd=01;31:*.jpg=01;35:*.jpeg=01;35:*.mjpg=01;35:*.mjpeg=01;35:*.gif=01;35:*.bmp=01;35:*.pbm=01;35:*.pgm=01;35:*.ppm=01;35:*.tga=01;35:*.xbm=01;35:*.xpm=01;35:*.tif=01;35:*.tiff=01;35:*.png=01;35:*.svg=01;35:*.svgz=01;35:*.mng=01;35:*.pcx=01;35:*.mov=01;35:*.mpg=01;35:*.mpeg=01;35:*.m2v=01;35:*.mkv=01;35:*.webm=01;35:*.webp=01;35:*.ogm=01;35:*.mp4=01;35:*.m4v=01;35:*.mp4v=01;35:*.vob=01;35:*.qt=01;35:*.nuv=01;35:*.wmv=01;35:*.asf=01;35:*.rm=01;35:*.rmvb=01;35:*.flc=01;35:*.avi=01;35:*.fli=01;35:*.flv=01;35:*.gl=01;35:*.dl=01;35:*.xcf=01;35:*.xwd=01;35:*.yuv=01;35:*.cgm=01;35:*.emf=01;35:*.ogv=01;35:*.ogx=01;35:*.aac=00;36:*.au=00;36:*.flac=00;36:*.m4a=00;36:*.mid=00;36:*.midi=00;36:*.mka=00;36:*.mp3=00;36:*.mpc=00;36:*.ogg=00;36:*.ra=00;36:*.wav=00;36:*.oga=00;36:*.opus=00;36:*.spx=00;36:*.xspf=00;36:'), ('SSH_AUTH_SOCK', '/ssh-agent'), ('AMENT_PREFIX_PATH', '/ros2_ws/install/oradar_lidar:/ros2_ws/install/msgs_srvs:/ros2_ws/install/driver:/opt/ros/humble'), ('DEBIAN_FRONTEND', 'noninteractive'), ('LESSCLOSE', '/usr/bin/lesspipe %s %s'), ('PWD', '/ros2_ws/build/msgs_srvs'), ('XDG_CONFIG_DIRS', '/etc/xdg'), ('XDG_DATA_DIRS', '/usr/local/share:/usr/share'), ('PYTHONPATH', '/ros2_ws/install/msgs_srvs/local/lib/python3.10/dist-packages:/ros2_ws/build/driver:/ros2_ws/install/driver/lib/python3.10/site-packages:/opt/ros/humble/lib/python3.10/site-packages:/opt/ros/humble/local/lib/python3.10/dist-packages'), ('COLCON', '1'), ('VTE_VERSION', '6800'), ('CMAKE_PREFIX_PATH', '/ros2_ws/install/oradar_lidar:/ros2_ws/install/msgs_srvs:/ros2_ws/install/driver:/opt/ros/humble')]), 'shell': False}
[0.509622] (oradar_lidar) JobProgress: {'identifier': 'oradar_lidar', 'progress': 'cmake'}
[0.510798] (oradar_lidar) JobProgress: {'identifier': 'oradar_lidar', 'progress': 'build'}
[0.511248] (oradar_lidar) Command: {'cmd': ['/usr/bin/cmake', '--build', '/ros2_ws/build/oradar_lidar', '--', '-j4', '-l4'], 'cwd': '/ros2_ws/build/oradar_lidar', 'env': OrderedDict([('VNCDESKTOP', 'TurboVNC: tarzan-desktop:1 ()'), ('LESSOPEN', '| /usr/bin/lesspipe %s'), ('HOSTNAME', 'tarzan-desktop'), ('SSH_AGENT_PID', '183'), ('SHLVL', '2'), ('LD_LIBRARY_PATH', '/ros2_ws/install/msgs_srvs/lib:/opt/ros/humble/opt/rviz_ogre_vendor/lib:/opt/ros/humble/lib/aarch64-linux-gnu:/opt/ros/humble/lib'), ('HOME', '/root'), ('DESKTOP_SESSION', 'xfce'), ('PANEL_GDK_CORE_DEVICE_EVENTS', '0'), ('ROS_PYTHON_VERSION', '3'), ('DBUS_SESSION_BUS_ADDRESS', 'unix:abstract=/tmp/dbus-wO67F6SAYB,guid=fd8027fa05f1ceab7ac91ac467ba2ea2'), ('COLORTERM', 'truecolor'), ('COLCON_PREFIX_PATH', '/ros2_ws/install'), ('ROS_DISTRO', 'humble'), ('VGL_PROBEGLX', '0'), ('WINDOWID', '41943043'), ('FONT_ENCODINGS_DIRECTORY', '/usr/share/fonts/X11/encodings'), ('_', '/usr/bin/colcon'), ('ROS_VERSION', '2'), ('TERM', 'xterm-256color'), ('ROS_LOCALHOST_ONLY', '0'), ('PATH', '/ros2_ws/install/oradar_lidar/bin:/opt/ros/humble/bin:/usr/local/sbin:/usr/local/bin:/usr/sbin:/usr/bin:/sbin:/bin'), ('SESSION_MANAGER', 'local/tarzan-desktop:@/tmp/.ICE-unix/133,unix/tarzan-desktop:/tmp/.ICE-unix/133'), ('XDG_MENU_PREFIX', 'xfce-'), ('VGL_COMPRESS', '0'), ('DISPLAY', ':1.0'), ('LANG', 'en_US.UTF-8'), ('XDG_CURRENT_DESKTOP', 'XFCE'), ('LS_COLORS', 'rs=0:di=01;34:ln=01;36:mh=00:pi=40;33:so=01;35:do=01;35:bd=40;33;01:cd=40;33;01:or=40;31;01:mi=00:su=37;41:sg=30;43:ca=30;41:tw=30;42:ow=34;42:st=37;44:ex=01;32:*.tar=01;31:*.tgz=01;31:*.arc=01;31:*.arj=01;31:*.taz=01;31:*.lha=01;31:*.lz4=01;31:*.lzh=01;31:*.lzma=01;31:*.tlz=01;31:*.txz=01;31:*.tzo=01;31:*.t7z=01;31:*.zip=01;31:*.z=01;31:*.dz=01;31:*.gz=01;31:*.lrz=01;31:*.lz=01;31:*.lzo=01;31:*.xz=01;31:*.zst=01;31:*.tzst=01;31:*.bz2=01;31:*.bz=01;31:*.tbz=01;31:*.tbz2=01;31:*.tz=01;31:*.deb=01;31:*.rpm=01;31:*.jar=01;31:*.war=01;31:*.ear=01;31:*.sar=01;31:*.rar=01;31:*.alz=01;31:*.ace=01;31:*.zoo=01;31:*.cpio=01;31:*.7z=01;31:*.rz=01;31:*.cab=01;31:*.wim=01;31:*.swm=01;31:*.dwm=01;31:*.esd=01;31:*.jpg=01;35:*.jpeg=01;35:*.mjpg=01;35:*.mjpeg=01;35:*.gif=01;35:*.bmp=01;35:*.pbm=01;35:*.pgm=01;35:*.ppm=01;35:*.tga=01;35:*.xbm=01;35:*.xpm=01;35:*.tif=01;35:*.tiff=01;35:*.png=01;35:*.svg=01;35:*.svgz=01;35:*.mng=01;35:*.pcx=01;35:*.mov=01;35:*.mpg=01;35:*.mpeg=01;35:*.m2v=01;35:*.mkv=01;35:*.webm=01;35:*.webp=01;35:*.ogm=01;35:*.mp4=01;35:*.m4v=01;35:*.mp4v=01;35:*.vob=01;35:*.qt=01;35:*.nuv=01;35:*.wmv=01;35:*.asf=01;35:*.rm=01;35:*.rmvb=01;35:*.flc=01;35:*.avi=01;35:*.fli=01;35:*.flv=01;35:*.gl=01;35:*.dl=01;35:*.xcf=01;35:*.xwd=01;35:*.yuv=01;35:*.cgm=01;35:*.emf=01;35:*.ogv=01;35:*.ogx=01;35:*.aac=00;36:*.au=00;36:*.flac=00;36:*.m4a=00;36:*.mid=00;36:*.midi=00;36:*.mka=00;36:*.mp3=00;36:*.mpc=00;36:*.ogg=00;36:*.ra=00;36:*.wav=00;36:*.oga=00;36:*.opus=00;36:*.spx=00;36:*.xspf=00;36:'), ('SSH_AUTH_SOCK', '/ssh-agent'), ('AMENT_PREFIX_PATH', '/ros2_ws/install/oradar_lidar:/ros2_ws/install/msgs_srvs:/ros2_ws/install/driver:/opt/ros/humble'), ('DEBIAN_FRONTEND', 'noninteractive'), ('LESSCLOSE', '/usr/bin/lesspipe %s %s'), ('PWD', '/ros2_ws/build/oradar_lidar'), ('XDG_CONFIG_DIRS', '/etc/xdg'), ('XDG_DATA_DIRS', '/usr/local/share:/usr/share'), ('PYTHONPATH', '/ros2_ws/install/msgs_srvs/local/lib/python3.10/dist-packages:/ros2_ws/build/driver:/ros2_ws/install/driver/lib/python3.10/site-packages:/opt/ros/humble/lib/python3.10/site-packages:/opt/ros/humble/local/lib/python3.10/dist-packages'), ('COLCON', '1'), ('VTE_VERSION', '6800'), ('CMAKE_PREFIX_PATH', '/ros2_ws/install/oradar_lidar:/ros2_ws/install/msgs_srvs:/ros2_ws/install/driver:/opt/ros/humble')]), 'shell': False}
[0.587256] (msgs_srvs) StdoutLine: {'line': b'-- Found ament_cmake: 1.3.11 (/opt/ros/humble/share/ament_cmake/cmake)\n'}
[0.601320] (-) TimerEvent: {}
[0.653742] (oradar_lidar) StdoutLine: {'line': b'[ 60%] Built target oradar_sdk\n'}
[0.705656] (-) TimerEvent: {}
[0.755929] (oradar_lidar) StdoutLine: {'line': b'[ 70%] Built target blocking_c_api_test\n'}
[0.756246] (oradar_lidar) StdoutLine: {'line': b'[ 80%] Built target blocking_test\n'}
[0.766259] (oradar_lidar) StdoutLine: {'line': b'[ 90%] Built target non-blocking_test\n'}
[0.787000] (oradar_lidar) StdoutLine: {'line': b'[100%] Built target oradar_scan\n'}
[0.807667] (-) TimerEvent: {}
[0.809082] (oradar_lidar) CommandEnded: {'returncode': 0}
[0.811595] (oradar_lidar) JobProgress: {'identifier': 'oradar_lidar', 'progress': 'install'}
[0.829506] (oradar_lidar) Command: {'cmd': ['/usr/bin/cmake', '--install', '/ros2_ws/build/oradar_lidar'], 'cwd': '/ros2_ws/build/oradar_lidar', 'env': OrderedDict([('VNCDESKTOP', 'TurboVNC: tarzan-desktop:1 ()'), ('LESSOPEN', '| /usr/bin/lesspipe %s'), ('HOSTNAME', 'tarzan-desktop'), ('SSH_AGENT_PID', '183'), ('SHLVL', '2'), ('LD_LIBRARY_PATH', '/ros2_ws/install/msgs_srvs/lib:/opt/ros/humble/opt/rviz_ogre_vendor/lib:/opt/ros/humble/lib/aarch64-linux-gnu:/opt/ros/humble/lib'), ('HOME', '/root'), ('DESKTOP_SESSION', 'xfce'), ('PANEL_GDK_CORE_DEVICE_EVENTS', '0'), ('ROS_PYTHON_VERSION', '3'), ('DBUS_SESSION_BUS_ADDRESS', 'unix:abstract=/tmp/dbus-wO67F6SAYB,guid=fd8027fa05f1ceab7ac91ac467ba2ea2'), ('COLORTERM', 'truecolor'), ('COLCON_PREFIX_PATH', '/ros2_ws/install'), ('ROS_DISTRO', 'humble'), ('VGL_PROBEGLX', '0'), ('WINDOWID', '41943043'), ('FONT_ENCODINGS_DIRECTORY', '/usr/share/fonts/X11/encodings'), ('_', '/usr/bin/colcon'), ('ROS_VERSION', '2'), ('TERM', 'xterm-256color'), ('ROS_LOCALHOST_ONLY', '0'), ('PATH', '/ros2_ws/install/oradar_lidar/bin:/opt/ros/humble/bin:/usr/local/sbin:/usr/local/bin:/usr/sbin:/usr/bin:/sbin:/bin'), ('SESSION_MANAGER', 'local/tarzan-desktop:@/tmp/.ICE-unix/133,unix/tarzan-desktop:/tmp/.ICE-unix/133'), ('XDG_MENU_PREFIX', 'xfce-'), ('VGL_COMPRESS', '0'), ('DISPLAY', ':1.0'), ('LANG', 'en_US.UTF-8'), ('XDG_CURRENT_DESKTOP', 'XFCE'), ('LS_COLORS', 'rs=0:di=01;34:ln=01;36:mh=00:pi=40;33:so=01;35:do=01;35:bd=40;33;01:cd=40;33;01:or=40;31;01:mi=00:su=37;41:sg=30;43:ca=30;41:tw=30;42:ow=34;42:st=37;44:ex=01;32:*.tar=01;31:*.tgz=01;31:*.arc=01;31:*.arj=01;31:*.taz=01;31:*.lha=01;31:*.lz4=01;31:*.lzh=01;31:*.lzma=01;31:*.tlz=01;31:*.txz=01;31:*.tzo=01;31:*.t7z=01;31:*.zip=01;31:*.z=01;31:*.dz=01;31:*.gz=01;31:*.lrz=01;31:*.lz=01;31:*.lzo=01;31:*.xz=01;31:*.zst=01;31:*.tzst=01;31:*.bz2=01;31:*.bz=01;31:*.tbz=01;31:*.tbz2=01;31:*.tz=01;31:*.deb=01;31:*.rpm=01;31:*.jar=01;31:*.war=01;31:*.ear=01;31:*.sar=01;31:*.rar=01;31:*.alz=01;31:*.ace=01;31:*.zoo=01;31:*.cpio=01;31:*.7z=01;31:*.rz=01;31:*.cab=01;31:*.wim=01;31:*.swm=01;31:*.dwm=01;31:*.esd=01;31:*.jpg=01;35:*.jpeg=01;35:*.mjpg=01;35:*.mjpeg=01;35:*.gif=01;35:*.bmp=01;35:*.pbm=01;35:*.pgm=01;35:*.ppm=01;35:*.tga=01;35:*.xbm=01;35:*.xpm=01;35:*.tif=01;35:*.tiff=01;35:*.png=01;35:*.svg=01;35:*.svgz=01;35:*.mng=01;35:*.pcx=01;35:*.mov=01;35:*.mpg=01;35:*.mpeg=01;35:*.m2v=01;35:*.mkv=01;35:*.webm=01;35:*.webp=01;35:*.ogm=01;35:*.mp4=01;35:*.m4v=01;35:*.mp4v=01;35:*.vob=01;35:*.qt=01;35:*.nuv=01;35:*.wmv=01;35:*.asf=01;35:*.rm=01;35:*.rmvb=01;35:*.flc=01;35:*.avi=01;35:*.fli=01;35:*.flv=01;35:*.gl=01;35:*.dl=01;35:*.xcf=01;35:*.xwd=01;35:*.yuv=01;35:*.cgm=01;35:*.emf=01;35:*.ogv=01;35:*.ogx=01;35:*.aac=00;36:*.au=00;36:*.flac=00;36:*.m4a=00;36:*.mid=00;36:*.midi=00;36:*.mka=00;36:*.mp3=00;36:*.mpc=00;36:*.ogg=00;36:*.ra=00;36:*.wav=00;36:*.oga=00;36:*.opus=00;36:*.spx=00;36:*.xspf=00;36:'), ('SSH_AUTH_SOCK', '/ssh-agent'), ('AMENT_PREFIX_PATH', '/ros2_ws/install/oradar_lidar:/ros2_ws/install/msgs_srvs:/ros2_ws/install/driver:/opt/ros/humble'), ('DEBIAN_FRONTEND', 'noninteractive'), ('LESSCLOSE', '/usr/bin/lesspipe %s %s'), ('PWD', '/ros2_ws/build/oradar_lidar'), ('XDG_CONFIG_DIRS', '/etc/xdg'), ('XDG_DATA_DIRS', '/usr/local/share:/usr/share'), ('PYTHONPATH', '/ros2_ws/install/msgs_srvs/local/lib/python3.10/dist-packages:/ros2_ws/build/driver:/ros2_ws/install/driver/lib/python3.10/site-packages:/opt/ros/humble/lib/python3.10/site-packages:/opt/ros/humble/local/lib/python3.10/dist-packages'), ('COLCON', '1'), ('VTE_VERSION', '6800'), ('CMAKE_PREFIX_PATH', '/ros2_ws/install/oradar_lidar:/ros2_ws/install/msgs_srvs:/ros2_ws/install/driver:/opt/ros/humble')]), 'shell': False}
[0.863056] (oradar_lidar) StdoutLine: {'line': b'-- Install configuration: "RELEASE"\n'}
[0.863310] (oradar_lidar) StdoutLine: {'line': b'-- Execute custom install script\n'}
[0.863395] (oradar_lidar) StdoutLine: {'line': b'-- Up-to-date symlink: /ros2_ws/install/oradar_lidar/bin/blocking_test\n'}
[0.863479] (oradar_lidar) StdoutLine: {'line': b'-- Up-to-date symlink: /ros2_ws/install/oradar_lidar/bin/non-blocking_test\n'}
[0.863578] (oradar_lidar) StdoutLine: {'line': b'-- Up-to-date symlink: /ros2_ws/install/oradar_lidar/bin/blocking_c_api_test\n'}
[0.863669] (oradar_lidar) StdoutLine: {'line': b'-- Up-to-date symlink: /ros2_ws/install/oradar_lidar/include/core/base/datatype.h\n'}
[0.863845] (oradar_lidar) StdoutLine: {'line': b'-- Up-to-date symlink: /ros2_ws/install/oradar_lidar/include/core/base/locker.h\n'}
[0.863945] (oradar_lidar) StdoutLine: {'line': b'-- Up-to-date symlink: /ros2_ws/install/oradar_lidar/include/core/base/thread.h\n'}
[0.865061] (oradar_lidar) StdoutLine: {'line': b'-- Up-to-date symlink: /ros2_ws/install/oradar_lidar/include/core/base/timer.h\n'}
[0.865182] (oradar_lidar) StdoutLine: {'line': b'-- Up-to-date symlink: /ros2_ws/install/oradar_lidar/include/core/base/typedef.h\n'}
[0.865491] (oradar_lidar) StdoutLine: {'line': b'-- Up-to-date symlink: /ros2_ws/install/oradar_lidar/include/core/base/utils.h\n'}
[0.865746] (oradar_lidar) StdoutLine: {'line': b'-- Up-to-date symlink: /ros2_ws/install/oradar_lidar/include/core/base/v8stdint.h\n'}
[0.865881] (oradar_lidar) StdoutLine: {'line': b'-- Up-to-date symlink: /ros2_ws/install/oradar_lidar/include/core/common/ChannelDevice.h\n'}
[0.866009] (oradar_lidar) StdoutLine: {'line': b'-- Up-to-date symlink: /ros2_ws/install/oradar_lidar/include/core/math/angles.h\n'}
[0.866390] (oradar_lidar) StdoutLine: {'line': b'-- Up-to-date symlink: /ros2_ws/install/oradar_lidar/include/core/network/ActiveSocket.h\n'}
[0.866864] (oradar_lidar) StdoutLine: {'line': b'-- Up-to-date symlink: /ros2_ws/install/oradar_lidar/include/core/network/PassiveSocket.h\n'}
[0.867102] (oradar_lidar) StdoutLine: {'line': b'-- Up-to-date symlink: /ros2_ws/install/oradar_lidar/include/core/network/SimpleSocket.h\n'}
[0.867245] (oradar_lidar) StdoutLine: {'line': b'-- Up-to-date symlink: /ros2_ws/install/oradar_lidar/include/core/network/StatTimer.h\n'}
[0.867697] (oradar_lidar) StdoutLine: {'line': b'-- Up-to-date symlink: /ros2_ws/install/oradar_lidar/include/core/serial/common.h\n'}
[0.868605] (oradar_lidar) StdoutLine: {'line': b'-- Up-to-date symlink: /ros2_ws/install/oradar_lidar/include/core/serial/serial.h\n'}
[0.868732] (oradar_lidar) StdoutLine: {'line': b'-- Up-to-date symlink: /ros2_ws/install/oradar_lidar/include/core/serial/impl/unix/lock.h\n'}
[0.870179] (oradar_lidar) StdoutLine: {'line': b'-- Up-to-date symlink: /ros2_ws/install/oradar_lidar/include/core/serial/impl/unix/unix.h\n'}
[0.870327] (oradar_lidar) StdoutLine: {'line': b'-- Up-to-date symlink: /ros2_ws/install/oradar_lidar/include/core/serial/impl/unix/unix_serial.h\n'}
[0.871245] (oradar_lidar) StdoutLine: {'line': b'-- Up-to-date symlink: /ros2_ws/install/oradar_lidar/include/src/ord_lidar_c_api_driver.h\n'}
[0.872775] (oradar_lidar) StdoutLine: {'line': b'-- Up-to-date symlink: /ros2_ws/install/oradar_lidar/include/src/ord_lidar_driver.h\n'}
[0.873341] (oradar_lidar) StdoutLine: {'line': b'-- Up-to-date symlink: /ros2_ws/install/oradar_lidar/include/src/ordlidar_protocol.h\n'}
[0.873470] (oradar_lidar) StdoutLine: {'line': b'-- Up-to-date symlink: /ros2_ws/install/oradar_lidar/include/src/filters/FullScanFilter.h\n'}
[0.873584] (oradar_lidar) StdoutLine: {'line': b'-- Up-to-date symlink: /ros2_ws/install/oradar_lidar/lib/liboradar_sdk.a\n'}
[0.873699] (oradar_lidar) StdoutLine: {'line': b'-- Up-to-date symlink: /ros2_ws/install/oradar_lidar/lib/oradar_lidar/oradar_scan\n'}
[0.875311] (oradar_lidar) StdoutLine: {'line': b'-- Up-to-date symlink: /ros2_ws/install/oradar_lidar/share/oradar_lidar//launch/ms200_scan.launch\n'}
[0.875433] (oradar_lidar) StdoutLine: {'line': b'-- Up-to-date symlink: /ros2_ws/install/oradar_lidar/share/oradar_lidar//launch/ms200_scan.launch.py\n'}
[0.875510] (oradar_lidar) StdoutLine: {'line': b'-- Up-to-date symlink: /ros2_ws/install/oradar_lidar/share/oradar_lidar//launch/ms200_scan_view.launch\n'}
[0.875632] (oradar_lidar) StdoutLine: {'line': b'-- Up-to-date symlink: /ros2_ws/install/oradar_lidar/share/oradar_lidar//launch/ms200_scan_view.launch.py\n'}
[0.875711] (oradar_lidar) StdoutLine: {'line': b'-- Up-to-date symlink: /ros2_ws/install/oradar_lidar/share/oradar_lidar//rviz2/oradar_scan.rviz\n'}
[0.875776] (oradar_lidar) StdoutLine: {'line': b'-- Up-to-date symlink: /ros2_ws/install/oradar_lidar/share/ament_index/resource_index/package_run_dependencies/oradar_lidar\n'}
[0.875838] (oradar_lidar) StdoutLine: {'line': b'-- Up-to-date symlink: /ros2_ws/install/oradar_lidar/share/ament_index/resource_index/parent_prefix_path/oradar_lidar\n'}
[0.875929] (oradar_lidar) StdoutLine: {'line': b'-- Up-to-date symlink: /ros2_ws/install/oradar_lidar/share/oradar_lidar/environment/ament_prefix_path.sh\n'}
[0.876011] (oradar_lidar) StdoutLine: {'line': b'-- Up-to-date symlink: /ros2_ws/install/oradar_lidar/share/oradar_lidar/environment/ament_prefix_path.dsv\n'}
[0.876079] (oradar_lidar) StdoutLine: {'line': b'-- Up-to-date symlink: /ros2_ws/install/oradar_lidar/share/oradar_lidar/environment/path.sh\n'}
[0.876145] (oradar_lidar) StdoutLine: {'line': b'-- Up-to-date symlink: /ros2_ws/install/oradar_lidar/share/oradar_lidar/environment/path.dsv\n'}
[0.876207] (oradar_lidar) StdoutLine: {'line': b'-- Up-to-date symlink: /ros2_ws/install/oradar_lidar/share/oradar_lidar/local_setup.bash\n'}
[0.876267] (oradar_lidar) StdoutLine: {'line': b'-- Up-to-date symlink: /ros2_ws/install/oradar_lidar/share/oradar_lidar/local_setup.sh\n'}
[0.876329] (oradar_lidar) StdoutLine: {'line': b'-- Up-to-date symlink: /ros2_ws/install/oradar_lidar/share/oradar_lidar/local_setup.zsh\n'}
[0.876390] (oradar_lidar) StdoutLine: {'line': b'-- Up-to-date symlink: /ros2_ws/install/oradar_lidar/share/oradar_lidar/local_setup.dsv\n'}
[0.876449] (oradar_lidar) StdoutLine: {'line': b'-- Symlinking: /ros2_ws/install/oradar_lidar/share/oradar_lidar/package.dsv\n'}
[0.895613] (oradar_lidar) StdoutLine: {'line': b'-- Up-to-date symlink: /ros2_ws/install/oradar_lidar/share/ament_index/resource_index/packages/oradar_lidar\n'}
[0.896180] (oradar_lidar) StdoutLine: {'line': b'-- Up-to-date symlink: /ros2_ws/install/oradar_lidar/share/oradar_lidar/cmake/oradar_lidarConfig.cmake\n'}
[0.896395] (oradar_lidar) StdoutLine: {'line': b'-- Up-to-date symlink: /ros2_ws/install/oradar_lidar/share/oradar_lidar/cmake/oradar_lidarConfig-version.cmake\n'}
[0.896522] (oradar_lidar) StdoutLine: {'line': b'-- Up-to-date symlink: /ros2_ws/install/oradar_lidar/share/oradar_lidar/package.xml\n'}
[0.903169] (oradar_lidar) CommandEnded: {'returncode': 0}
[0.908003] (-) TimerEvent: {}
[0.983010] (msgs_srvs) StdoutLine: {'line': b'-- Override CMake install command with custom implementation using symlinks instead of copying resources\n'}
[0.992768] (oradar_lidar) JobEnded: {'identifier': 'oradar_lidar', 'rc': 0}
[0.995882] (msgs_srvs) StdoutLine: {'line': b'-- Found builtin_interfaces: 1.2.1 (/opt/ros/humble/share/builtin_interfaces/cmake)\n'}
[1.008096] (-) TimerEvent: {}
[1.072757] (msgs_srvs) StdoutLine: {'line': b'-- Found rosidl_generator_c: 3.1.6 (/opt/ros/humble/share/rosidl_generator_c/cmake)\n'}
[1.082012] (msgs_srvs) StdoutLine: {'line': b'-- Found rosidl_adapter: 3.1.6 (/opt/ros/humble/share/rosidl_adapter/cmake)\n'}
[1.092288] (msgs_srvs) StdoutLine: {'line': b'-- Found rosidl_generator_cpp: 3.1.6 (/opt/ros/humble/share/rosidl_generator_cpp/cmake)\n'}
[1.108221] (-) TimerEvent: {}
[1.110082] (msgs_srvs) StdoutLine: {'line': b'-- Using all available rosidl_typesupport_c: rosidl_typesupport_fastrtps_c;rosidl_typesupport_introspection_c\n'}
[1.131412] (msgs_srvs) StdoutLine: {'line': b'-- Using all available rosidl_typesupport_cpp: rosidl_typesupport_fastrtps_cpp;rosidl_typesupport_introspection_cpp\n'}
[1.155364] (msgs_srvs) StdoutLine: {'line': b'-- Found rosidl_default_generators: 1.2.0 (/opt/ros/humble/share/rosidl_default_generators/cmake)\n'}
[1.170933] (msgs_srvs) StdoutLine: {'line': b'-- Found std_msgs: 4.2.4 (/opt/ros/humble/share/std_msgs/cmake)\n'}
[1.208372] (-) TimerEvent: {}
[1.279974] (driver) Command: {'cmd': ['/usr/bin/python3', '-W', 'ignore:setup.py install is deprecated', '-W', 'ignore:easy_install command is deprecated', 'setup.py', 'develop', '--editable', '--build-directory', '/ros2_ws/build/driver/build', '--no-deps', 'symlink_data'], 'cwd': '/ros2_ws/build/driver', 'env': {'VNCDESKTOP': 'TurboVNC: tarzan-desktop:1 ()', 'LESSOPEN': '| /usr/bin/lesspipe %s', 'HOSTNAME': 'tarzan-desktop', 'SSH_AGENT_PID': '183', 'SHLVL': '2', 'LD_LIBRARY_PATH': '/ros2_ws/install/msgs_srvs/lib:/opt/ros/humble/opt/rviz_ogre_vendor/lib:/opt/ros/humble/lib/aarch64-linux-gnu:/opt/ros/humble/lib', 'HOME': '/root', 'DESKTOP_SESSION': 'xfce', 'PANEL_GDK_CORE_DEVICE_EVENTS': '0', 'ROS_PYTHON_VERSION': '3', 'DBUS_SESSION_BUS_ADDRESS': 'unix:abstract=/tmp/dbus-wO67F6SAYB,guid=fd8027fa05f1ceab7ac91ac467ba2ea2', 'COLORTERM': 'truecolor', 'COLCON_PREFIX_PATH': '/ros2_ws/install', 'ROS_DISTRO': 'humble', 'VGL_PROBEGLX': '0', 'WINDOWID': '41943043', 'FONT_ENCODINGS_DIRECTORY': '/usr/share/fonts/X11/encodings', '_': '/usr/bin/colcon', 'ROS_VERSION': '2', 'TERM': 'xterm-256color', 'ROS_LOCALHOST_ONLY': '0', 'PATH': '/ros2_ws/install/oradar_lidar/bin:/opt/ros/humble/bin:/usr/local/sbin:/usr/local/bin:/usr/sbin:/usr/bin:/sbin:/bin', 'SESSION_MANAGER': 'local/tarzan-desktop:@/tmp/.ICE-unix/133,unix/tarzan-desktop:/tmp/.ICE-unix/133', 'XDG_MENU_PREFIX': 'xfce-', 'VGL_COMPRESS': '0', 'DISPLAY': ':1.0', 'LANG': 'en_US.UTF-8', 'XDG_CURRENT_DESKTOP': 'XFCE', 'LS_COLORS': 'rs=0:di=01;34:ln=01;36:mh=00:pi=40;33:so=01;35:do=01;35:bd=40;33;01:cd=40;33;01:or=40;31;01:mi=00:su=37;41:sg=30;43:ca=30;41:tw=30;42:ow=34;42:st=37;44:ex=01;32:*.tar=01;31:*.tgz=01;31:*.arc=01;31:*.arj=01;31:*.taz=01;31:*.lha=01;31:*.lz4=01;31:*.lzh=01;31:*.lzma=01;31:*.tlz=01;31:*.txz=01;31:*.tzo=01;31:*.t7z=01;31:*.zip=01;31:*.z=01;31:*.dz=01;31:*.gz=01;31:*.lrz=01;31:*.lz=01;31:*.lzo=01;31:*.xz=01;31:*.zst=01;31:*.tzst=01;31:*.bz2=01;31:*.bz=01;31:*.tbz=01;31:*.tbz2=01;31:*.tz=01;31:*.deb=01;31:*.rpm=01;31:*.jar=01;31:*.war=01;31:*.ear=01;31:*.sar=01;31:*.rar=01;31:*.alz=01;31:*.ace=01;31:*.zoo=01;31:*.cpio=01;31:*.7z=01;31:*.rz=01;31:*.cab=01;31:*.wim=01;31:*.swm=01;31:*.dwm=01;31:*.esd=01;31:*.jpg=01;35:*.jpeg=01;35:*.mjpg=01;35:*.mjpeg=01;35:*.gif=01;35:*.bmp=01;35:*.pbm=01;35:*.pgm=01;35:*.ppm=01;35:*.tga=01;35:*.xbm=01;35:*.xpm=01;35:*.tif=01;35:*.tiff=01;35:*.png=01;35:*.svg=01;35:*.svgz=01;35:*.mng=01;35:*.pcx=01;35:*.mov=01;35:*.mpg=01;35:*.mpeg=01;35:*.m2v=01;35:*.mkv=01;35:*.webm=01;35:*.webp=01;35:*.ogm=01;35:*.mp4=01;35:*.m4v=01;35:*.mp4v=01;35:*.vob=01;35:*.qt=01;35:*.nuv=01;35:*.wmv=01;35:*.asf=01;35:*.rm=01;35:*.rmvb=01;35:*.flc=01;35:*.avi=01;35:*.fli=01;35:*.flv=01;35:*.gl=01;35:*.dl=01;35:*.xcf=01;35:*.xwd=01;35:*.yuv=01;35:*.cgm=01;35:*.emf=01;35:*.ogv=01;35:*.ogx=01;35:*.aac=00;36:*.au=00;36:*.flac=00;36:*.m4a=00;36:*.mid=00;36:*.midi=00;36:*.mka=00;36:*.mp3=00;36:*.mpc=00;36:*.ogg=00;36:*.ra=00;36:*.wav=00;36:*.oga=00;36:*.opus=00;36:*.spx=00;36:*.xspf=00;36:', 'SSH_AUTH_SOCK': '/ssh-agent', 'AMENT_PREFIX_PATH': '/ros2_ws/install/oradar_lidar:/ros2_ws/install/msgs_srvs:/ros2_ws/install/driver:/opt/ros/humble', 'DEBIAN_FRONTEND': 'noninteractive', 'LESSCLOSE': '/usr/bin/lesspipe %s %s', 'PWD': '/ros2_ws/build/driver', 'XDG_CONFIG_DIRS': '/etc/xdg', 'XDG_DATA_DIRS': '/usr/local/share:/usr/share', 'PYTHONPATH': '/ros2_ws/build/driver/prefix_override:/usr/lib/python3/dist-packages/colcon_core/task/python/colcon_distutils_commands:/ros2_ws/install/driver/lib/python3.10/site-packages:/ros2_ws/install/msgs_srvs/local/lib/python3.10/dist-packages:/ros2_ws/build/driver:/ros2_ws/install/driver/lib/python3.10/site-packages:/opt/ros/humble/lib/python3.10/site-packages:/opt/ros/humble/local/lib/python3.10/dist-packages', 'COLCON': '1', 'VTE_VERSION': '6800', 'CMAKE_PREFIX_PATH': '/ros2_ws/install/oradar_lidar:/ros2_ws/install/msgs_srvs'}, 'shell': False}
[1.308474] (-) TimerEvent: {}
[1.408899] (-) TimerEvent: {}
[1.511821] (-) TimerEvent: {}
[1.612432] (-) TimerEvent: {}
[1.712890] (-) TimerEvent: {}
[1.722058] (driver) StdoutLine: {'line': b'running develop\n'}
[1.812616] (msgs_srvs) StdoutLine: {'line': b'-- Found ament_cmake_ros: 0.10.0 (/opt/ros/humble/share/ament_cmake_ros/cmake)\n'}
[1.812927] (-) TimerEvent: {}
[1.913260] (-) TimerEvent: {}
[1.975872] (driver) StdoutLine: {'line': b'running egg_info\n'}
[1.976116] (driver) StdoutLine: {'line': b'writing driver.egg-info/PKG-INFO\n'}
[1.976204] (driver) StdoutLine: {'line': b'writing dependency_links to driver.egg-info/dependency_links.txt\n'}
[1.982168] (driver) StdoutLine: {'line': b'writing entry points to driver.egg-info/entry_points.txt\n'}
[1.982825] (driver) StdoutLine: {'line': b'writing requirements to driver.egg-info/requires.txt\n'}
[1.983598] (driver) StdoutLine: {'line': b'writing top-level names to driver.egg-info/top_level.txt\n'}
[1.987733] (driver) StdoutLine: {'line': b"reading manifest file 'driver.egg-info/SOURCES.txt'\n"}
[1.989593] (driver) StdoutLine: {'line': b"writing manifest file 'driver.egg-info/SOURCES.txt'\n"}
[1.991897] (driver) StdoutLine: {'line': b'running build_ext\n'}
[1.992240] (driver) StdoutLine: {'line': b'Creating /ros2_ws/install/driver/lib/python3.10/site-packages/driver.egg-link (link to .)\n'}
[1.993730] (driver) StdoutLine: {'line': b'Installing control_manager script to /ros2_ws/install/driver/lib/driver\n'}
[1.994032] (driver) StdoutLine: {'line': b'Installing controller script to /ros2_ws/install/driver/lib/driver\n'}
[1.994407] (driver) StdoutLine: {'line': b'\n'}
[1.994494] (driver) StdoutLine: {'line': b'Installed /ros2_ws/build/driver\n'}
[1.994632] (driver) StdoutLine: {'line': b'running symlink_data\n'}
[2.013382] (-) TimerEvent: {}
[2.101017] (driver) CommandEnded: {'returncode': 0}
[2.113681] (-) TimerEvent: {}
[2.124067] (driver) JobEnded: {'identifier': 'driver', 'rc': 0}
[2.213863] (-) TimerEvent: {}
[2.314297] (-) TimerEvent: {}
[2.414744] (-) TimerEvent: {}
[2.515163] (-) TimerEvent: {}
[2.517037] (msgs_srvs) StdoutLine: {'line': b'-- Using all available rosidl_typesupport_c: rosidl_typesupport_fastrtps_c;rosidl_typesupport_introspection_c\n'}
[2.615283] (-) TimerEvent: {}
[2.715714] (-) TimerEvent: {}
[2.764686] (msgs_srvs) StdoutLine: {'line': b'-- Using all available rosidl_typesupport_cpp: rosidl_typesupport_fastrtps_cpp;rosidl_typesupport_introspection_cpp\n'}
[2.807732] (msgs_srvs) StdoutLine: {'line': b'-- Found python_cmake_module: 0.10.0 (/opt/ros/humble/share/python_cmake_module/cmake)\n'}
[2.815825] (-) TimerEvent: {}
[2.845410] (msgs_srvs) StdoutLine: {'line': b'-- Using PYTHON_EXECUTABLE: /usr/bin/python3\n'}
[2.845732] (msgs_srvs) StdoutLine: {'line': b'-- Using PYTHON_INCLUDE_DIRS: /usr/include/python3.10\n'}
[2.845829] (msgs_srvs) StdoutLine: {'line': b'-- Using PYTHON_LIBRARIES: /usr/lib/aarch64-linux-gnu/libpython3.10.so\n'}
[2.901451] (msgs_srvs) StdoutLine: {'line': b'-- Found ament_lint_auto: 0.12.11 (/opt/ros/humble/share/ament_lint_auto/cmake)\n'}
[2.915931] (-) TimerEvent: {}
[2.922658] (msgs_srvs) StdoutLine: {'line': b"-- Added test 'lint_cmake' to check CMake code style\n"}
[2.924647] (msgs_srvs) StdoutLine: {'line': b"-- Added test 'xmllint' to check XML markup files\n"}
[2.928717] (msgs_srvs) StdoutLine: {'line': b'-- Configuring done\n'}
[3.016053] (-) TimerEvent: {}
[3.041803] (msgs_srvs) StdoutLine: {'line': b'-- Generating done\n'}
[3.087293] (msgs_srvs) StdoutLine: {'line': b'-- Build files have been written to: /ros2_ws/build/msgs_srvs\n'}
[3.116193] (-) TimerEvent: {}
[3.137423] (msgs_srvs) StdoutLine: {'line': b'[  1%] \x1b[34m\x1b[1mGenerating C code for ROS interfaces\x1b[0m\n'}
[3.165666] (msgs_srvs) StdoutLine: {'line': b'[  2%] \x1b[34m\x1b[1mGenerating C++ code for ROS interfaces\x1b[0m\n'}
[3.202563] (msgs_srvs) StdoutLine: {'line': b'[  2%] Built target ament_cmake_python_symlink_msgs_srvs\n'}
[3.216683] (-) TimerEvent: {}
[3.317653] (-) TimerEvent: {}
[3.419609] (-) TimerEvent: {}
[3.520289] (-) TimerEvent: {}
[3.620620] (-) TimerEvent: {}
[3.655250] (msgs_srvs) StdoutLine: {'line': b'running egg_info\n'}
[3.659271] (msgs_srvs) StdoutLine: {'line': b'writing msgs_srvs.egg-info/PKG-INFO\n'}
[3.661629] (msgs_srvs) StdoutLine: {'line': b'writing dependency_links to msgs_srvs.egg-info/dependency_links.txt\n'}
[3.666046] (msgs_srvs) StdoutLine: {'line': b'writing top-level names to msgs_srvs.egg-info/top_level.txt\n'}
[3.680782] (msgs_srvs) StdoutLine: {'line': b"reading manifest file 'msgs_srvs.egg-info/SOURCES.txt'\n"}
[3.682230] (msgs_srvs) StdoutLine: {'line': b"writing manifest file 'msgs_srvs.egg-info/SOURCES.txt'\n"}
[3.720750] (-) TimerEvent: {}
[3.772781] (msgs_srvs) StdoutLine: {'line': b'[  2%] Built target ament_cmake_python_build_msgs_srvs_egg\n'}
[3.820862] (-) TimerEvent: {}
[3.921236] (-) TimerEvent: {}
[4.021579] (-) TimerEvent: {}
[4.121906] (-) TimerEvent: {}
[4.222349] (-) TimerEvent: {}
[4.323128] (-) TimerEvent: {}
[4.425046] (-) TimerEvent: {}
[4.526871] (-) TimerEvent: {}
[4.627366] (-) TimerEvent: {}
[4.727833] (-) TimerEvent: {}
[4.732108] (msgs_srvs) StdoutLine: {'line': b'[  2%] Built target msgs_srvs__cpp\n'}
[4.752667] (msgs_srvs) StdoutLine: {'line': b'[  3%] \x1b[34m\x1b[1mGenerating C++ type support dispatch for ROS interfaces\x1b[0m\n'}
[4.770240] (msgs_srvs) StdoutLine: {'line': b'[  4%] \x1b[34m\x1b[1mGenerating C++ type support for eProsima Fast-RTPS\x1b[0m\n'}
[4.824370] (msgs_srvs) StdoutLine: {'line': b'[  5%] \x1b[34m\x1b[1mGenerating C++ introspection for ROS interfaces\x1b[0m\n'}
[4.828254] (-) TimerEvent: {}
[4.930887] (-) TimerEvent: {}
[5.033637] (-) TimerEvent: {}
[5.036764] (msgs_srvs) StdoutLine: {'line': b'\x1b[35m\x1b[1mConsolidate compiler generated dependencies of target msgs_srvs__rosidl_generator_c\x1b[0m\n'}
[5.072004] (msgs_srvs) StdoutLine: {'line': b'[  6%] \x1b[32mBuilding C object CMakeFiles/msgs_srvs__rosidl_generator_c.dir/rosidl_generator_c/msgs_srvs/msg/detail/button_state__functions.c.o\x1b[0m\n'}
[5.133783] (-) TimerEvent: {}
[5.183346] (msgs_srvs) StdoutLine: {'line': b'[  7%] \x1b[32mBuilding C object CMakeFiles/msgs_srvs__rosidl_generator_c.dir/rosidl_generator_c/msgs_srvs/msg/detail/buzzer_state__functions.c.o\x1b[0m\n'}
[5.236640] (-) TimerEvent: {}
[5.326030] (msgs_srvs) StdoutLine: {'line': b'[  8%] \x1b[32mBuilding C object CMakeFiles/msgs_srvs__rosidl_generator_c.dir/rosidl_generator_c/msgs_srvs/msg/detail/led_state__functions.c.o\x1b[0m\n'}
[5.336770] (-) TimerEvent: {}
[5.437728] (-) TimerEvent: {}
[5.441368] (msgs_srvs) StdoutLine: {'line': b'[  9%] \x1b[32mBuilding C object CMakeFiles/msgs_srvs__rosidl_generator_c.dir/rosidl_generator_c/msgs_srvs/msg/detail/motors_state__functions.c.o\x1b[0m\n'}
[5.538657] (-) TimerEvent: {}
[5.556078] (msgs_srvs) StdoutLine: {'line': b'[ 10%] \x1b[32mBuilding C object CMakeFiles/msgs_srvs__rosidl_generator_c.dir/rosidl_generator_c/msgs_srvs/msg/detail/motor_state__functions.c.o\x1b[0m\n'}
[5.638780] (-) TimerEvent: {}
[5.724176] (msgs_srvs) StdoutLine: {'line': b'[ 11%] \x1b[32mBuilding C object CMakeFiles/msgs_srvs__rosidl_generator_c.dir/rosidl_generator_c/msgs_srvs/msg/detail/pwm_servo_state__functions.c.o\x1b[0m\n'}
[5.739783] (-) TimerEvent: {}
[5.840337] (-) TimerEvent: {}
[5.905072] (msgs_srvs) StdoutLine: {'line': b'[ 12%] \x1b[32mBuilding C object CMakeFiles/msgs_srvs__rosidl_generator_c.dir/rosidl_generator_c/msgs_srvs/msg/detail/pwm_servo_state_duration__functions.c.o\x1b[0m\n'}
[5.942655] (-) TimerEvent: {}
[6.042040] (msgs_srvs) StdoutLine: {'line': b'\x1b[35m\x1b[1mConsolidate compiler generated dependencies of target msgs_srvs__rosidl_typesupport_cpp\x1b[0m\n'}
[6.042940] (-) TimerEvent: {}
[6.061793] (msgs_srvs) StdoutLine: {'line': b'[ 13%] \x1b[32mBuilding C object CMakeFiles/msgs_srvs__rosidl_generator_c.dir/rosidl_generator_c/msgs_srvs/msg/detail/sbus__functions.c.o\x1b[0m\n'}
[6.084322] (msgs_srvs) StdoutLine: {'line': b'[ 14%] \x1b[32mBuilding CXX object CMakeFiles/msgs_srvs__rosidl_typesupport_cpp.dir/rosidl_typesupport_cpp/msgs_srvs/msg/button_state__type_support.cpp.o\x1b[0m\n'}
[6.143643] (-) TimerEvent: {}
[6.245694] (-) TimerEvent: {}
[6.271347] (msgs_srvs) StdoutLine: {'line': b'[ 15%] \x1b[32mBuilding C object CMakeFiles/msgs_srvs__rosidl_generator_c.dir/rosidl_generator_c/msgs_srvs/srv/detail/pwm_servo_state__functions.c.o\x1b[0m\n'}
[6.345847] (-) TimerEvent: {}
[6.446741] (-) TimerEvent: {}
[6.447915] (msgs_srvs) StdoutLine: {'line': b'\x1b[35m\x1b[1mConsolidate compiler generated dependencies of target msgs_srvs__rosidl_typesupport_introspection_cpp\x1b[0m\n'}
[6.474957] (msgs_srvs) StdoutLine: {'line': b'\x1b[35m\x1b[1mConsolidate compiler generated dependencies of target msgs_srvs__rosidl_typesupport_fastrtps_cpp\x1b[0m\n'}
[6.500747] (msgs_srvs) StdoutLine: {'line': b'[ 16%] \x1b[32mBuilding CXX object CMakeFiles/msgs_srvs__rosidl_typesupport_introspection_cpp.dir/rosidl_typesupport_introspection_cpp/msgs_srvs/msg/detail/button_state__type_support.cpp.o\x1b[0m\n'}
[6.524470] (msgs_srvs) StdoutLine: {'line': b'[ 17%] \x1b[32m\x1b[1mLinking C shared library libmsgs_srvs__rosidl_generator_c.so\x1b[0m\n'}
[6.533431] (msgs_srvs) StdoutLine: {'line': b'[ 18%] \x1b[32mBuilding CXX object CMakeFiles/msgs_srvs__rosidl_typesupport_fastrtps_cpp.dir/rosidl_typesupport_fastrtps_cpp/msgs_srvs/msg/detail/dds_fastrtps/button_state__type_support.cpp.o\x1b[0m\n'}
[6.547065] (-) TimerEvent: {}
[6.649665] (-) TimerEvent: {}
[6.701953] (msgs_srvs) StdoutLine: {'line': b'[ 18%] Built target msgs_srvs__rosidl_generator_c\n'}
[6.736595] (msgs_srvs) StdoutLine: {'line': b'[ 20%] \x1b[32mBuilding CXX object CMakeFiles/msgs_srvs__rosidl_typesupport_cpp.dir/rosidl_typesupport_cpp/msgs_srvs/msg/buzzer_state__type_support.cpp.o\x1b[0m\n'}
[6.751709] (-) TimerEvent: {}
[6.852215] (-) TimerEvent: {}
[6.854484] (msgs_srvs) StdoutLine: {'line': b'[ 21%] \x1b[32mBuilding CXX object CMakeFiles/msgs_srvs__rosidl_typesupport_introspection_cpp.dir/rosidl_typesupport_introspection_cpp/msgs_srvs/msg/detail/buzzer_state__type_support.cpp.o\x1b[0m\n'}
[6.953460] (-) TimerEvent: {}
[7.058488] (-) TimerEvent: {}
[7.163518] (-) TimerEvent: {}
[7.266159] (-) TimerEvent: {}
[7.368657] (-) TimerEvent: {}
[7.471654] (-) TimerEvent: {}
[7.572179] (-) TimerEvent: {}
[7.624794] (msgs_srvs) StdoutLine: {'line': b'[ 22%] \x1b[32mBuilding CXX object CMakeFiles/msgs_srvs__rosidl_typesupport_cpp.dir/rosidl_typesupport_cpp/msgs_srvs/msg/led_state__type_support.cpp.o\x1b[0m\n'}
[7.646561] (msgs_srvs) StdoutLine: {'line': b'[ 23%] \x1b[32mBuilding CXX object CMakeFiles/msgs_srvs__rosidl_typesupport_introspection_cpp.dir/rosidl_typesupport_introspection_cpp/msgs_srvs/msg/detail/led_state__type_support.cpp.o\x1b[0m\n'}
[7.672331] (-) TimerEvent: {}
[7.691100] (msgs_srvs) StdoutLine: {'line': b'[ 24%] \x1b[32mBuilding CXX object CMakeFiles/msgs_srvs__rosidl_typesupport_fastrtps_cpp.dir/rosidl_typesupport_fastrtps_cpp/msgs_srvs/msg/detail/dds_fastrtps/buzzer_state__type_support.cpp.o\x1b[0m\n'}
[7.774667] (-) TimerEvent: {}
[7.875374] (-) TimerEvent: {}
[7.977682] (-) TimerEvent: {}
[8.005591] (msgs_srvs) StdoutLine: {'line': b'[ 25%] \x1b[32mBuilding CXX object CMakeFiles/msgs_srvs__rosidl_typesupport_introspection_cpp.dir/rosidl_typesupport_introspection_cpp/msgs_srvs/msg/detail/motors_state__type_support.cpp.o\x1b[0m\n'}
[8.079031] (-) TimerEvent: {}
[8.183169] (-) TimerEvent: {}
[8.284640] (-) TimerEvent: {}
[8.350823] (msgs_srvs) StdoutLine: {'line': b'[ 26%] \x1b[32mBuilding CXX object CMakeFiles/msgs_srvs__rosidl_typesupport_cpp.dir/rosidl_typesupport_cpp/msgs_srvs/msg/motors_state__type_support.cpp.o\x1b[0m\n'}
[8.385159] (-) TimerEvent: {}
[8.486736] (-) TimerEvent: {}
[8.590890] (-) TimerEvent: {}
[8.641609] (msgs_srvs) StdoutLine: {'line': b'[ 27%] \x1b[32mBuilding CXX object CMakeFiles/msgs_srvs__rosidl_typesupport_cpp.dir/rosidl_typesupport_cpp/msgs_srvs/msg/motor_state__type_support.cpp.o\x1b[0m\n'}
[8.691803] (-) TimerEvent: {}
[8.795119] (-) TimerEvent: {}
[8.899394] (-) TimerEvent: {}
[8.999982] (-) TimerEvent: {}
[9.068497] (msgs_srvs) StdoutLine: {'line': b'[ 28%] \x1b[32mBuilding CXX object CMakeFiles/msgs_srvs__rosidl_typesupport_cpp.dir/rosidl_typesupport_cpp/msgs_srvs/msg/pwm_servo_state__type_support.cpp.o\x1b[0m\n'}
[9.101220] (-) TimerEvent: {}
[9.117033] (msgs_srvs) StdoutLine: {'line': b'[ 29%] \x1b[32mBuilding CXX object CMakeFiles/msgs_srvs__rosidl_typesupport_fastrtps_cpp.dir/rosidl_typesupport_fastrtps_cpp/msgs_srvs/msg/detail/dds_fastrtps/led_state__type_support.cpp.o\x1b[0m\n'}
[9.202705] (-) TimerEvent: {}
[9.262630] (msgs_srvs) StdoutLine: {'line': b'[ 30%] \x1b[32mBuilding CXX object CMakeFiles/msgs_srvs__rosidl_typesupport_introspection_cpp.dir/rosidl_typesupport_introspection_cpp/msgs_srvs/msg/detail/motor_state__type_support.cpp.o\x1b[0m\n'}
[9.304728] (-) TimerEvent: {}
[9.405527] (-) TimerEvent: {}
[9.461769] (msgs_srvs) StdoutLine: {'line': b'[ 31%] \x1b[32mBuilding CXX object CMakeFiles/msgs_srvs__rosidl_typesupport_cpp.dir/rosidl_typesupport_cpp/msgs_srvs/msg/pwm_servo_state_duration__type_support.cpp.o\x1b[0m\n'}
[9.506249] (-) TimerEvent: {}
[9.611947] (-) TimerEvent: {}
[9.713949] (-) TimerEvent: {}
[9.816003] (-) TimerEvent: {}
[9.840497] (msgs_srvs) StdoutLine: {'line': b'[ 32%] \x1b[32mBuilding CXX object CMakeFiles/msgs_srvs__rosidl_typesupport_cpp.dir/rosidl_typesupport_cpp/msgs_srvs/msg/sbus__type_support.cpp.o\x1b[0m\n'}
[9.916972] (-) TimerEvent: {}
[10.025047] (-) TimerEvent: {}
[10.125545] (-) TimerEvent: {}
[10.226069] (-) TimerEvent: {}
[10.308777] (msgs_srvs) StdoutLine: {'line': b'[ 33%] \x1b[34m\x1b[1mGenerating C type support for eProsima Fast-RTPS\x1b[0m\n'}
[10.326258] (-) TimerEvent: {}
[10.429358] (-) TimerEvent: {}
[10.444246] (msgs_srvs) StdoutLine: {'line': b'[ 34%] \x1b[32mBuilding CXX object CMakeFiles/msgs_srvs__rosidl_typesupport_fastrtps_cpp.dir/rosidl_typesupport_fastrtps_cpp/msgs_srvs/msg/detail/dds_fastrtps/motors_state__type_support.cpp.o\x1b[0m\n'}
[10.460835] (msgs_srvs) StdoutLine: {'line': b'[ 35%] \x1b[32mBuilding CXX object CMakeFiles/msgs_srvs__rosidl_typesupport_introspection_cpp.dir/rosidl_typesupport_introspection_cpp/msgs_srvs/msg/detail/pwm_servo_state__type_support.cpp.o\x1b[0m\n'}
[10.529529] (-) TimerEvent: {}
[10.534784] (msgs_srvs) StdoutLine: {'line': b'[ 36%] \x1b[32mBuilding CXX object CMakeFiles/msgs_srvs__rosidl_typesupport_cpp.dir/rosidl_typesupport_cpp/msgs_srvs/srv/pwm_servo_state__type_support.cpp.o\x1b[0m\n'}
[10.632620] (-) TimerEvent: {}
[10.733060] (-) TimerEvent: {}
[10.833510] (-) TimerEvent: {}
[10.933971] (-) TimerEvent: {}
[11.034452] (-) TimerEvent: {}
[11.135143] (-) TimerEvent: {}
[11.225765] (msgs_srvs) StdoutLine: {'line': b'[ 37%] \x1b[32m\x1b[1mLinking CXX shared library libmsgs_srvs__rosidl_typesupport_cpp.so\x1b[0m\n'}
[11.235278] (-) TimerEvent: {}
[11.335808] (-) TimerEvent: {}
[11.413661] (msgs_srvs) StdoutLine: {'line': b'[ 37%] Built target msgs_srvs__rosidl_typesupport_cpp\n'}
[11.436951] (-) TimerEvent: {}
[11.462201] (msgs_srvs) StdoutLine: {'line': b'[ 38%] \x1b[34m\x1b[1mGenerating C introspection for ROS interfaces\x1b[0m\n'}
[11.538641] (-) TimerEvent: {}
[11.548710] (msgs_srvs) StdoutLine: {'line': b'[ 40%] \x1b[32mBuilding CXX object CMakeFiles/msgs_srvs__rosidl_typesupport_introspection_cpp.dir/rosidl_typesupport_introspection_cpp/msgs_srvs/msg/detail/pwm_servo_state_duration__type_support.cpp.o\x1b[0m\n'}
[11.644499] (-) TimerEvent: {}
[11.680630] (msgs_srvs) StdoutLine: {'line': b'[ 41%] \x1b[32mBuilding CXX object CMakeFiles/msgs_srvs__rosidl_typesupport_fastrtps_cpp.dir/rosidl_typesupport_fastrtps_cpp/msgs_srvs/msg/detail/dds_fastrtps/motor_state__type_support.cpp.o\x1b[0m\n'}
[11.744634] (-) TimerEvent: {}
[11.845201] (-) TimerEvent: {}
[11.946645] (-) TimerEvent: {}
[12.048849] (-) TimerEvent: {}
[12.154653] (-) TimerEvent: {}
[12.255223] (msgs_srvs) StdoutLine: {'line': b'\x1b[35m\x1b[1mConsolidate compiler generated dependencies of target msgs_srvs__rosidl_typesupport_fastrtps_c\x1b[0m\n'}
[12.255584] (-) TimerEvent: {}
[12.302104] (msgs_srvs) StdoutLine: {'line': b'[ 42%] \x1b[32mBuilding CXX object CMakeFiles/msgs_srvs__rosidl_typesupport_fastrtps_c.dir/rosidl_typesupport_fastrtps_c/msgs_srvs/msg/detail/button_state__type_support_c.cpp.o\x1b[0m\n'}
[12.355748] (-) TimerEvent: {}
[12.457050] (-) TimerEvent: {}
[12.558306] (-) TimerEvent: {}
[12.662624] (-) TimerEvent: {}
[12.763104] (-) TimerEvent: {}
[12.865893] (-) TimerEvent: {}
[12.877163] (msgs_srvs) StdoutLine: {'line': b'[ 43%] \x1b[32mBuilding CXX object CMakeFiles/msgs_srvs__rosidl_typesupport_introspection_cpp.dir/rosidl_typesupport_introspection_cpp/msgs_srvs/msg/detail/sbus__type_support.cpp.o\x1b[0m\n'}
[12.963718] (msgs_srvs) StdoutLine: {'line': b'[ 44%] \x1b[32mBuilding CXX object CMakeFiles/msgs_srvs__rosidl_typesupport_fastrtps_cpp.dir/rosidl_typesupport_fastrtps_cpp/msgs_srvs/msg/detail/dds_fastrtps/pwm_servo_state__type_support.cpp.o\x1b[0m\n'}
[12.966029] (-) TimerEvent: {}
[12.975481] (msgs_srvs) StdoutLine: {'line': b'\x1b[35m\x1b[1mConsolidate compiler generated dependencies of target msgs_srvs__rosidl_typesupport_introspection_c\x1b[0m\n'}
[13.056957] (msgs_srvs) StdoutLine: {'line': b'[ 45%] \x1b[32mBuilding C object CMakeFiles/msgs_srvs__rosidl_typesupport_introspection_c.dir/rosidl_typesupport_introspection_c/msgs_srvs/msg/detail/button_state__type_support.c.o\x1b[0m\n'}
[13.066665] (-) TimerEvent: {}
[13.171858] (-) TimerEvent: {}
[13.205814] (msgs_srvs) StdoutLine: {'line': b'[ 46%] \x1b[32mBuilding C object CMakeFiles/msgs_srvs__rosidl_typesupport_introspection_c.dir/rosidl_typesupport_introspection_c/msgs_srvs/msg/detail/buzzer_state__type_support.c.o\x1b[0m\n'}
[13.275600] (-) TimerEvent: {}
[13.298819] (msgs_srvs) StdoutLine: {'line': b'[ 47%] \x1b[32mBuilding C object CMakeFiles/msgs_srvs__rosidl_typesupport_introspection_c.dir/rosidl_typesupport_introspection_c/msgs_srvs/msg/detail/led_state__type_support.c.o\x1b[0m\n'}
[13.327004] (msgs_srvs) StdoutLine: {'line': b'[ 48%] \x1b[32mBuilding CXX object CMakeFiles/msgs_srvs__rosidl_typesupport_fastrtps_c.dir/rosidl_typesupport_fastrtps_c/msgs_srvs/msg/detail/buzzer_state__type_support_c.cpp.o\x1b[0m\n'}
[13.377036] (-) TimerEvent: {}
[13.455160] (msgs_srvs) StdoutLine: {'line': b'[ 49%] \x1b[32mBuilding C object CMakeFiles/msgs_srvs__rosidl_typesupport_introspection_c.dir/rosidl_typesupport_introspection_c/msgs_srvs/msg/detail/motors_state__type_support.c.o\x1b[0m\n'}
[13.478956] (-) TimerEvent: {}
[13.579825] (-) TimerEvent: {}
[13.599781] (msgs_srvs) StdoutLine: {'line': b'[ 50%] \x1b[32mBuilding C object CMakeFiles/msgs_srvs__rosidl_typesupport_introspection_c.dir/rosidl_typesupport_introspection_c/msgs_srvs/msg/detail/motor_state__type_support.c.o\x1b[0m\n'}
[13.682651] (-) TimerEvent: {}
[13.763979] (msgs_srvs) StdoutLine: {'line': b'[ 51%] \x1b[32mBuilding C object CMakeFiles/msgs_srvs__rosidl_typesupport_introspection_c.dir/rosidl_typesupport_introspection_c/msgs_srvs/msg/detail/pwm_servo_state__type_support.c.o\x1b[0m\n'}
[13.784017] (-) TimerEvent: {}
[13.874715] (msgs_srvs) StdoutLine: {'line': b'[ 52%] \x1b[32mBuilding C object CMakeFiles/msgs_srvs__rosidl_typesupport_introspection_c.dir/rosidl_typesupport_introspection_c/msgs_srvs/msg/detail/pwm_servo_state_duration__type_support.c.o\x1b[0m\n'}
[13.887037] (-) TimerEvent: {}
[13.987991] (-) TimerEvent: {}
[14.009720] (msgs_srvs) StdoutLine: {'line': b'[ 53%] \x1b[32mBuilding C object CMakeFiles/msgs_srvs__rosidl_typesupport_introspection_c.dir/rosidl_typesupport_introspection_c/msgs_srvs/msg/detail/sbus__type_support.c.o\x1b[0m\n'}
[14.079421] (msgs_srvs) StdoutLine: {'line': b'[ 54%] \x1b[32mBuilding CXX object CMakeFiles/msgs_srvs__rosidl_typesupport_introspection_cpp.dir/rosidl_typesupport_introspection_cpp/msgs_srvs/srv/detail/pwm_servo_state__type_support.cpp.o\x1b[0m\n'}
[14.091189] (-) TimerEvent: {}
[14.118045] (msgs_srvs) StdoutLine: {'line': b'[ 55%] \x1b[32mBuilding C object CMakeFiles/msgs_srvs__rosidl_typesupport_introspection_c.dir/rosidl_typesupport_introspection_c/msgs_srvs/srv/detail/pwm_servo_state__type_support.c.o\x1b[0m\n'}
[14.191717] (-) TimerEvent: {}
[14.229501] (msgs_srvs) StdoutLine: {'line': b'[ 56%] \x1b[32mBuilding CXX object CMakeFiles/msgs_srvs__rosidl_typesupport_fastrtps_cpp.dir/rosidl_typesupport_fastrtps_cpp/msgs_srvs/msg/detail/dds_fastrtps/pwm_servo_state_duration__type_support.cpp.o\x1b[0m\n'}
[14.250790] (msgs_srvs) StdoutLine: {'line': b'[ 57%] \x1b[32m\x1b[1mLinking C shared library libmsgs_srvs__rosidl_typesupport_introspection_c.so\x1b[0m\n'}
[14.263357] (msgs_srvs) StdoutLine: {'line': b'[ 58%] \x1b[32mBuilding CXX object CMakeFiles/msgs_srvs__rosidl_typesupport_fastrtps_c.dir/rosidl_typesupport_fastrtps_c/msgs_srvs/msg/detail/led_state__type_support_c.cpp.o\x1b[0m\n'}
[14.291870] (-) TimerEvent: {}
[14.357420] (msgs_srvs) StdoutLine: {'line': b'[ 58%] Built target msgs_srvs__rosidl_typesupport_introspection_c\n'}
[14.392020] (-) TimerEvent: {}
[14.414373] (msgs_srvs) StdoutLine: {'line': b'[ 60%] \x1b[32mBuilding CXX object CMakeFiles/msgs_srvs__rosidl_typesupport_fastrtps_c.dir/rosidl_typesupport_fastrtps_c/msgs_srvs/msg/detail/motors_state__type_support_c.cpp.o\x1b[0m\n'}
[14.494652] (-) TimerEvent: {}
[14.595751] (-) TimerEvent: {}
[14.696227] (-) TimerEvent: {}
[14.798711] (-) TimerEvent: {}
[14.899966] (-) TimerEvent: {}
[15.003802] (-) TimerEvent: {}
[15.106119] (-) TimerEvent: {}
[15.203293] (msgs_srvs) StdoutLine: {'line': b'[ 61%] \x1b[32m\x1b[1mLinking CXX shared library libmsgs_srvs__rosidl_typesupport_introspection_cpp.so\x1b[0m\n'}
[15.211064] (-) TimerEvent: {}
[15.311773] (-) TimerEvent: {}
[15.412911] (-) TimerEvent: {}
[15.423115] (msgs_srvs) StdoutLine: {'line': b'[ 62%] \x1b[32mBuilding CXX object CMakeFiles/msgs_srvs__rosidl_typesupport_fastrtps_cpp.dir/rosidl_typesupport_fastrtps_cpp/msgs_srvs/msg/detail/dds_fastrtps/sbus__type_support.cpp.o\x1b[0m\n'}
[15.485778] (msgs_srvs) StdoutLine: {'line': b'[ 63%] \x1b[32mBuilding CXX object CMakeFiles/msgs_srvs__rosidl_typesupport_fastrtps_c.dir/rosidl_typesupport_fastrtps_c/msgs_srvs/msg/detail/motor_state__type_support_c.cpp.o\x1b[0m\n'}
[15.509634] (msgs_srvs) StdoutLine: {'line': b'[ 63%] Built target msgs_srvs__rosidl_typesupport_introspection_cpp\n'}
[15.513044] (-) TimerEvent: {}
[15.528340] (msgs_srvs) StdoutLine: {'line': b'[ 64%] \x1b[32mBuilding CXX object CMakeFiles/msgs_srvs__rosidl_typesupport_fastrtps_c.dir/rosidl_typesupport_fastrtps_c/msgs_srvs/msg/detail/pwm_servo_state__type_support_c.cpp.o\x1b[0m\n'}
[15.537172] (msgs_srvs) StdoutLine: {'line': b'[ 65%] \x1b[32mBuilding CXX object CMakeFiles/msgs_srvs__rosidl_typesupport_fastrtps_cpp.dir/rosidl_typesupport_fastrtps_cpp/msgs_srvs/srv/detail/dds_fastrtps/pwm_servo_state__type_support.cpp.o\x1b[0m\n'}
[15.613183] (-) TimerEvent: {}
[15.713665] (-) TimerEvent: {}
[15.816081] (-) TimerEvent: {}
[15.917785] (-) TimerEvent: {}
[16.022663] (-) TimerEvent: {}
[16.123204] (-) TimerEvent: {}
[16.225836] (-) TimerEvent: {}
[16.326467] (-) TimerEvent: {}
[16.358777] (msgs_srvs) StdoutLine: {'line': b'[ 66%] \x1b[34m\x1b[1mGenerating C type support dispatch for ROS interfaces\x1b[0m\n'}
[16.429670] (-) TimerEvent: {}
[16.454520] (msgs_srvs) StdoutLine: {'line': b'[ 67%] \x1b[32mBuilding CXX object CMakeFiles/msgs_srvs__rosidl_typesupport_fastrtps_c.dir/rosidl_typesupport_fastrtps_c/msgs_srvs/msg/detail/pwm_servo_state_duration__type_support_c.cpp.o\x1b[0m\n'}
[16.529795] (-) TimerEvent: {}
[16.630267] (-) TimerEvent: {}
[16.730960] (-) TimerEvent: {}
[16.803765] (msgs_srvs) StdoutLine: {'line': b'[ 68%] \x1b[32mBuilding CXX object CMakeFiles/msgs_srvs__rosidl_typesupport_fastrtps_c.dir/rosidl_typesupport_fastrtps_c/msgs_srvs/msg/detail/sbus__type_support_c.cpp.o\x1b[0m\n'}
[16.831650] (-) TimerEvent: {}
[16.934838] (-) TimerEvent: {}
[17.036225] (msgs_srvs) StdoutLine: {'line': b'[ 69%] \x1b[32m\x1b[1mLinking CXX shared library libmsgs_srvs__rosidl_typesupport_fastrtps_cpp.so\x1b[0m\n'}
[17.045044] (-) TimerEvent: {}
[17.145855] (-) TimerEvent: {}
[17.250395] (-) TimerEvent: {}
[17.350925] (-) TimerEvent: {}
[17.380353] (msgs_srvs) StdoutLine: {'line': b'[ 70%] \x1b[32mBuilding CXX object CMakeFiles/msgs_srvs__rosidl_typesupport_fastrtps_c.dir/rosidl_typesupport_fastrtps_c/msgs_srvs/srv/detail/pwm_servo_state__type_support_c.cpp.o\x1b[0m\n'}
[17.393747] (msgs_srvs) StdoutLine: {'line': b'[ 70%] Built target msgs_srvs__rosidl_typesupport_fastrtps_cpp\n'}
[17.452653] (-) TimerEvent: {}
[17.558568] (-) TimerEvent: {}
[17.593312] (msgs_srvs) StdoutLine: {'line': b'\x1b[35m\x1b[1mConsolidate compiler generated dependencies of target msgs_srvs__rosidl_typesupport_c\x1b[0m\n'}
[17.637880] (msgs_srvs) StdoutLine: {'line': b'[ 71%] \x1b[32mBuilding CXX object CMakeFiles/msgs_srvs__rosidl_typesupport_c.dir/rosidl_typesupport_c/msgs_srvs/msg/buzzer_state__type_support.cpp.o\x1b[0m\n'}
[17.643049] (msgs_srvs) StdoutLine: {'line': b'[ 72%] \x1b[32mBuilding CXX object CMakeFiles/msgs_srvs__rosidl_typesupport_c.dir/rosidl_typesupport_c/msgs_srvs/msg/button_state__type_support.cpp.o\x1b[0m\n'}
[17.660677] (-) TimerEvent: {}
[17.725077] (msgs_srvs) StdoutLine: {'line': b'[ 73%] \x1b[32mBuilding CXX object CMakeFiles/msgs_srvs__rosidl_typesupport_c.dir/rosidl_typesupport_c/msgs_srvs/msg/led_state__type_support.cpp.o\x1b[0m\n'}
[17.760851] (-) TimerEvent: {}
[17.762152] (msgs_srvs) StdoutLine: {'line': b'[ 74%] \x1b[32mBuilding CXX object CMakeFiles/msgs_srvs__rosidl_typesupport_c.dir/rosidl_typesupport_c/msgs_srvs/msg/motors_state__type_support.cpp.o\x1b[0m\n'}
[17.861811] (-) TimerEvent: {}
[17.865821] (msgs_srvs) StdoutLine: {'line': b'[ 75%] \x1b[32mBuilding CXX object CMakeFiles/msgs_srvs__rosidl_typesupport_c.dir/rosidl_typesupport_c/msgs_srvs/msg/motor_state__type_support.cpp.o\x1b[0m\n'}
[17.875083] (msgs_srvs) StdoutLine: {'line': b'[ 76%] \x1b[32mBuilding CXX object CMakeFiles/msgs_srvs__rosidl_typesupport_c.dir/rosidl_typesupport_c/msgs_srvs/msg/pwm_servo_state__type_support.cpp.o\x1b[0m\n'}
[17.894684] (msgs_srvs) StdoutLine: {'line': b'[ 77%] \x1b[32mBuilding CXX object CMakeFiles/msgs_srvs__rosidl_typesupport_c.dir/rosidl_typesupport_c/msgs_srvs/msg/pwm_servo_state_duration__type_support.cpp.o\x1b[0m\n'}
[17.961974] (-) TimerEvent: {}
[17.967313] (msgs_srvs) StdoutLine: {'line': b'[ 78%] \x1b[32mBuilding CXX object CMakeFiles/msgs_srvs__rosidl_typesupport_c.dir/rosidl_typesupport_c/msgs_srvs/msg/sbus__type_support.cpp.o\x1b[0m\n'}
[17.979893] (msgs_srvs) StdoutLine: {'line': b'[ 80%] \x1b[32mBuilding CXX object CMakeFiles/msgs_srvs__rosidl_typesupport_c.dir/rosidl_typesupport_c/msgs_srvs/srv/pwm_servo_state__type_support.cpp.o\x1b[0m\n'}
[18.058918] (msgs_srvs) StdoutLine: {'line': b'[ 81%] \x1b[32m\x1b[1mLinking CXX shared library libmsgs_srvs__rosidl_typesupport_c.so\x1b[0m\n'}
[18.062101] (-) TimerEvent: {}
[18.162586] (-) TimerEvent: {}
[18.167281] (msgs_srvs) StdoutLine: {'line': b'[ 81%] Built target msgs_srvs__rosidl_typesupport_c\n'}
[18.262713] (-) TimerEvent: {}
[18.264567] (msgs_srvs) StdoutLine: {'line': b'[ 82%] \x1b[32m\x1b[1mLinking CXX shared library libmsgs_srvs__rosidl_typesupport_fastrtps_c.so\x1b[0m\n'}
[18.362872] (-) TimerEvent: {}
[18.461418] (msgs_srvs) StdoutLine: {'line': b'[ 82%] Built target msgs_srvs__rosidl_typesupport_fastrtps_c\n'}
[18.462968] (-) TimerEvent: {}
[18.511495] (msgs_srvs) StdoutLine: {'line': b'[ 82%] Built target msgs_srvs\n'}
[18.547719] (msgs_srvs) StdoutLine: {'line': b'[ 83%] \x1b[34m\x1b[1mGenerating Python code for ROS interfaces\x1b[0m\n'}
[18.563078] (-) TimerEvent: {}
[18.663475] (-) TimerEvent: {}
[18.764124] (-) TimerEvent: {}
[18.864486] (-) TimerEvent: {}
[18.964852] (-) TimerEvent: {}
[19.065220] (-) TimerEvent: {}
[19.165567] (-) TimerEvent: {}
[19.265909] (-) TimerEvent: {}
[19.366254] (-) TimerEvent: {}
[19.466613] (-) TimerEvent: {}
[19.566964] (-) TimerEvent: {}
[19.667335] (-) TimerEvent: {}
[19.767705] (-) TimerEvent: {}
[19.868040] (-) TimerEvent: {}
[19.968436] (-) TimerEvent: {}
[20.070713] (-) TimerEvent: {}
[20.133893] (msgs_srvs) StdoutLine: {'line': b'[ 83%] Built target msgs_srvs__py\n'}
[20.153983] (msgs_srvs) StdoutLine: {'line': b'\x1b[35m\x1b[1mConsolidate compiler generated dependencies of target msgs_srvs__rosidl_generator_py\x1b[0m\n'}
[20.171922] (-) TimerEvent: {}
[20.186187] (msgs_srvs) StdoutLine: {'line': b'[ 85%] \x1b[32mBuilding C object CMakeFiles/msgs_srvs__rosidl_generator_py.dir/rosidl_generator_py/msgs_srvs/msg/_motors_state_s.c.o\x1b[0m\n'}
[20.186558] (msgs_srvs) StdoutLine: {'line': b'[ 85%] \x1b[32mBuilding C object CMakeFiles/msgs_srvs__rosidl_generator_py.dir/rosidl_generator_py/msgs_srvs/msg/_led_state_s.c.o\x1b[0m\n'}
[20.186717] (msgs_srvs) StdoutLine: {'line': b'[ 86%] \x1b[32mBuilding C object CMakeFiles/msgs_srvs__rosidl_generator_py.dir/rosidl_generator_py/msgs_srvs/msg/_button_state_s.c.o\x1b[0m\n'}
[20.187139] (msgs_srvs) StdoutLine: {'line': b'[ 87%] \x1b[32mBuilding C object CMakeFiles/msgs_srvs__rosidl_generator_py.dir/rosidl_generator_py/msgs_srvs/msg/_buzzer_state_s.c.o\x1b[0m\n'}
[20.274641] (-) TimerEvent: {}
[20.375244] (-) TimerEvent: {}
[20.413798] (msgs_srvs) StdoutLine: {'line': b'[ 88%] \x1b[32mBuilding C object CMakeFiles/msgs_srvs__rosidl_generator_py.dir/rosidl_generator_py/msgs_srvs/msg/_motor_state_s.c.o\x1b[0m\n'}
[20.447781] (msgs_srvs) StdoutLine: {'line': b'[ 89%] \x1b[32mBuilding C object CMakeFiles/msgs_srvs__rosidl_generator_py.dir/rosidl_generator_py/msgs_srvs/msg/_pwm_servo_state_s.c.o\x1b[0m\n'}
[20.475381] (-) TimerEvent: {}
[20.506493] (msgs_srvs) StdoutLine: {'line': b'[ 90%] \x1b[32mBuilding C object CMakeFiles/msgs_srvs__rosidl_generator_py.dir/rosidl_generator_py/msgs_srvs/msg/_pwm_servo_state_duration_s.c.o\x1b[0m\n'}
[20.566102] (msgs_srvs) StdoutLine: {'line': b'[ 91%] \x1b[32mBuilding C object CMakeFiles/msgs_srvs__rosidl_generator_py.dir/rosidl_generator_py/msgs_srvs/msg/_sbus_s.c.o\x1b[0m\n'}
[20.576623] (-) TimerEvent: {}
[20.677797] (-) TimerEvent: {}
[20.683681] (msgs_srvs) StdoutLine: {'line': b'[ 92%] \x1b[32mBuilding C object CMakeFiles/msgs_srvs__rosidl_generator_py.dir/rosidl_generator_py/msgs_srvs/srv/_pwm_servo_state_s.c.o\x1b[0m\n'}
[20.777929] (-) TimerEvent: {}
[20.878381] (-) TimerEvent: {}
[20.929012] (msgs_srvs) StdoutLine: {'line': b'[ 93%] \x1b[32m\x1b[1mLinking C shared library rosidl_generator_py/msgs_srvs/libmsgs_srvs__rosidl_generator_py.so\x1b[0m\n'}
[20.978506] (-) TimerEvent: {}
[21.016774] (msgs_srvs) StdoutLine: {'line': b'[ 93%] Built target msgs_srvs__rosidl_generator_py\n'}
[21.048016] (msgs_srvs) StdoutLine: {'line': b'\x1b[35m\x1b[1mConsolidate compiler generated dependencies of target msgs_srvs__rosidl_typesupport_c__pyext\x1b[0m\n'}
[21.048268] (msgs_srvs) StdoutLine: {'line': b'\x1b[35m\x1b[1mConsolidate compiler generated dependencies of target msgs_srvs__rosidl_typesupport_introspection_c__pyext\x1b[0m\n'}
[21.048347] (msgs_srvs) StdoutLine: {'line': b'\x1b[35m\x1b[1mConsolidate compiler generated dependencies of target msgs_srvs__rosidl_typesupport_fastrtps_c__pyext\x1b[0m\n'}
[21.070030] (msgs_srvs) StdoutLine: {'line': b'[ 95%] \x1b[32mBuilding C object CMakeFiles/msgs_srvs__rosidl_typesupport_c__pyext.dir/rosidl_generator_py/msgs_srvs/_msgs_srvs_s.ep.rosidl_typesupport_c.c.o\x1b[0m\n'}
[21.070499] (msgs_srvs) StdoutLine: {'line': b'[ 95%] \x1b[32mBuilding C object CMakeFiles/msgs_srvs__rosidl_typesupport_introspection_c__pyext.dir/rosidl_generator_py/msgs_srvs/_msgs_srvs_s.ep.rosidl_typesupport_introspection_c.c.o\x1b[0m\n'}
[21.079985] (-) TimerEvent: {}
[21.085318] (msgs_srvs) StdoutLine: {'line': b'[ 96%] \x1b[32mBuilding C object CMakeFiles/msgs_srvs__rosidl_typesupport_fastrtps_c__pyext.dir/rosidl_generator_py/msgs_srvs/_msgs_srvs_s.ep.rosidl_typesupport_fastrtps_c.c.o\x1b[0m\n'}
[21.180677] (-) TimerEvent: {}
[21.281988] (-) TimerEvent: {}
[21.368171] (msgs_srvs) StdoutLine: {'line': b'[ 97%] \x1b[32m\x1b[1mLinking C shared library rosidl_generator_py/msgs_srvs/msgs_srvs_s__rosidl_typesupport_c.cpython-310-aarch64-linux-gnu.so\x1b[0m\n'}
[21.369976] (msgs_srvs) StdoutLine: {'line': b'[ 98%] \x1b[32m\x1b[1mLinking C shared library rosidl_generator_py/msgs_srvs/msgs_srvs_s__rosidl_typesupport_fastrtps_c.cpython-310-aarch64-linux-gnu.so\x1b[0m\n'}
[21.382128] (-) TimerEvent: {}
[21.384135] (msgs_srvs) StdoutLine: {'line': b'[100%] \x1b[32m\x1b[1mLinking C shared library rosidl_generator_py/msgs_srvs/msgs_srvs_s__rosidl_typesupport_introspection_c.cpython-310-aarch64-linux-gnu.so\x1b[0m\n'}
[21.477850] (msgs_srvs) StdoutLine: {'line': b'[100%] Built target msgs_srvs__rosidl_typesupport_fastrtps_c__pyext\n'}
[21.483414] (-) TimerEvent: {}
[21.498295] (msgs_srvs) StdoutLine: {'line': b'[100%] Built target msgs_srvs__rosidl_typesupport_introspection_c__pyext\n'}
[21.505246] (msgs_srvs) StdoutLine: {'line': b'[100%] Built target msgs_srvs__rosidl_typesupport_c__pyext\n'}
[21.539469] (msgs_srvs) CommandEnded: {'returncode': 0}
[21.540335] (msgs_srvs) JobProgress: {'identifier': 'msgs_srvs', 'progress': 'install'}
[21.540717] (msgs_srvs) Command: {'cmd': ['/usr/bin/cmake', '--install', '/ros2_ws/build/msgs_srvs'], 'cwd': '/ros2_ws/build/msgs_srvs', 'env': OrderedDict([('VNCDESKTOP', 'TurboVNC: tarzan-desktop:1 ()'), ('LESSOPEN', '| /usr/bin/lesspipe %s'), ('HOSTNAME', 'tarzan-desktop'), ('SSH_AGENT_PID', '183'), ('SHLVL', '2'), ('LD_LIBRARY_PATH', '/ros2_ws/install/msgs_srvs/lib:/opt/ros/humble/opt/rviz_ogre_vendor/lib:/opt/ros/humble/lib/aarch64-linux-gnu:/opt/ros/humble/lib'), ('HOME', '/root'), ('DESKTOP_SESSION', 'xfce'), ('PANEL_GDK_CORE_DEVICE_EVENTS', '0'), ('ROS_PYTHON_VERSION', '3'), ('DBUS_SESSION_BUS_ADDRESS', 'unix:abstract=/tmp/dbus-wO67F6SAYB,guid=fd8027fa05f1ceab7ac91ac467ba2ea2'), ('COLORTERM', 'truecolor'), ('COLCON_PREFIX_PATH', '/ros2_ws/install'), ('ROS_DISTRO', 'humble'), ('VGL_PROBEGLX', '0'), ('WINDOWID', '41943043'), ('FONT_ENCODINGS_DIRECTORY', '/usr/share/fonts/X11/encodings'), ('_', '/usr/bin/colcon'), ('ROS_VERSION', '2'), ('TERM', 'xterm-256color'), ('ROS_LOCALHOST_ONLY', '0'), ('PATH', '/ros2_ws/install/oradar_lidar/bin:/opt/ros/humble/bin:/usr/local/sbin:/usr/local/bin:/usr/sbin:/usr/bin:/sbin:/bin'), ('SESSION_MANAGER', 'local/tarzan-desktop:@/tmp/.ICE-unix/133,unix/tarzan-desktop:/tmp/.ICE-unix/133'), ('XDG_MENU_PREFIX', 'xfce-'), ('VGL_COMPRESS', '0'), ('DISPLAY', ':1.0'), ('LANG', 'en_US.UTF-8'), ('XDG_CURRENT_DESKTOP', 'XFCE'), ('LS_COLORS', 'rs=0:di=01;34:ln=01;36:mh=00:pi=40;33:so=01;35:do=01;35:bd=40;33;01:cd=40;33;01:or=40;31;01:mi=00:su=37;41:sg=30;43:ca=30;41:tw=30;42:ow=34;42:st=37;44:ex=01;32:*.tar=01;31:*.tgz=01;31:*.arc=01;31:*.arj=01;31:*.taz=01;31:*.lha=01;31:*.lz4=01;31:*.lzh=01;31:*.lzma=01;31:*.tlz=01;31:*.txz=01;31:*.tzo=01;31:*.t7z=01;31:*.zip=01;31:*.z=01;31:*.dz=01;31:*.gz=01;31:*.lrz=01;31:*.lz=01;31:*.lzo=01;31:*.xz=01;31:*.zst=01;31:*.tzst=01;31:*.bz2=01;31:*.bz=01;31:*.tbz=01;31:*.tbz2=01;31:*.tz=01;31:*.deb=01;31:*.rpm=01;31:*.jar=01;31:*.war=01;31:*.ear=01;31:*.sar=01;31:*.rar=01;31:*.alz=01;31:*.ace=01;31:*.zoo=01;31:*.cpio=01;31:*.7z=01;31:*.rz=01;31:*.cab=01;31:*.wim=01;31:*.swm=01;31:*.dwm=01;31:*.esd=01;31:*.jpg=01;35:*.jpeg=01;35:*.mjpg=01;35:*.mjpeg=01;35:*.gif=01;35:*.bmp=01;35:*.pbm=01;35:*.pgm=01;35:*.ppm=01;35:*.tga=01;35:*.xbm=01;35:*.xpm=01;35:*.tif=01;35:*.tiff=01;35:*.png=01;35:*.svg=01;35:*.svgz=01;35:*.mng=01;35:*.pcx=01;35:*.mov=01;35:*.mpg=01;35:*.mpeg=01;35:*.m2v=01;35:*.mkv=01;35:*.webm=01;35:*.webp=01;35:*.ogm=01;35:*.mp4=01;35:*.m4v=01;35:*.mp4v=01;35:*.vob=01;35:*.qt=01;35:*.nuv=01;35:*.wmv=01;35:*.asf=01;35:*.rm=01;35:*.rmvb=01;35:*.flc=01;35:*.avi=01;35:*.fli=01;35:*.flv=01;35:*.gl=01;35:*.dl=01;35:*.xcf=01;35:*.xwd=01;35:*.yuv=01;35:*.cgm=01;35:*.emf=01;35:*.ogv=01;35:*.ogx=01;35:*.aac=00;36:*.au=00;36:*.flac=00;36:*.m4a=00;36:*.mid=00;36:*.midi=00;36:*.mka=00;36:*.mp3=00;36:*.mpc=00;36:*.ogg=00;36:*.ra=00;36:*.wav=00;36:*.oga=00;36:*.opus=00;36:*.spx=00;36:*.xspf=00;36:'), ('SSH_AUTH_SOCK', '/ssh-agent'), ('AMENT_PREFIX_PATH', '/ros2_ws/install/oradar_lidar:/ros2_ws/install/msgs_srvs:/ros2_ws/install/driver:/opt/ros/humble'), ('DEBIAN_FRONTEND', 'noninteractive'), ('LESSCLOSE', '/usr/bin/lesspipe %s %s'), ('PWD', '/ros2_ws/build/msgs_srvs'), ('XDG_CONFIG_DIRS', '/etc/xdg'), ('XDG_DATA_DIRS', '/usr/local/share:/usr/share'), ('PYTHONPATH', '/ros2_ws/install/msgs_srvs/local/lib/python3.10/dist-packages:/ros2_ws/build/driver:/ros2_ws/install/driver/lib/python3.10/site-packages:/opt/ros/humble/lib/python3.10/site-packages:/opt/ros/humble/local/lib/python3.10/dist-packages'), ('COLCON', '1'), ('VTE_VERSION', '6800'), ('CMAKE_PREFIX_PATH', '/ros2_ws/install/oradar_lidar:/ros2_ws/install/msgs_srvs:/ros2_ws/install/driver:/opt/ros/humble')]), 'shell': False}
[21.556842] (msgs_srvs) StdoutLine: {'line': b'-- Install configuration: ""\n'}
[21.557833] (msgs_srvs) StdoutLine: {'line': b'-- Execute custom install script\n'}
[21.558045] (msgs_srvs) StdoutLine: {'line': b'-- Up-to-date symlink: /ros2_ws/install/msgs_srvs/share/ament_index/resource_index/rosidl_interfaces/msgs_srvs\n'}
[21.558998] (msgs_srvs) StdoutLine: {'line': b'-- Up-to-date symlink: /ros2_ws/install/msgs_srvs/include/msgs_srvs/msgs_srvs/msg/button_state.h\n'}
[21.559156] (msgs_srvs) StdoutLine: {'line': b'-- Up-to-date symlink: /ros2_ws/install/msgs_srvs/include/msgs_srvs/msgs_srvs/msg/buzzer_state.h\n'}
[21.559284] (msgs_srvs) StdoutLine: {'line': b'-- Up-to-date symlink: /ros2_ws/install/msgs_srvs/include/msgs_srvs/msgs_srvs/msg/detail/button_state__functions.h\n'}
[21.559389] (msgs_srvs) StdoutLine: {'line': b'-- Up-to-date symlink: /ros2_ws/install/msgs_srvs/include/msgs_srvs/msgs_srvs/msg/detail/button_state__struct.h\n'}
[21.559509] (msgs_srvs) StdoutLine: {'line': b'-- Up-to-date symlink: /ros2_ws/install/msgs_srvs/include/msgs_srvs/msgs_srvs/msg/detail/button_state__type_support.h\n'}
[21.559758] (msgs_srvs) StdoutLine: {'line': b'-- Up-to-date symlink: /ros2_ws/install/msgs_srvs/include/msgs_srvs/msgs_srvs/msg/detail/buzzer_state__functions.h\n'}
[21.559967] (msgs_srvs) StdoutLine: {'line': b'-- Up-to-date symlink: /ros2_ws/install/msgs_srvs/include/msgs_srvs/msgs_srvs/msg/detail/buzzer_state__struct.h\n'}
[21.560043] (msgs_srvs) StdoutLine: {'line': b'-- Up-to-date symlink: /ros2_ws/install/msgs_srvs/include/msgs_srvs/msgs_srvs/msg/detail/buzzer_state__type_support.h\n'}
[21.560146] (msgs_srvs) StdoutLine: {'line': b'-- Up-to-date symlink: /ros2_ws/install/msgs_srvs/include/msgs_srvs/msgs_srvs/msg/detail/led_state__functions.h\n'}
[21.560218] (msgs_srvs) StdoutLine: {'line': b'-- Up-to-date symlink: /ros2_ws/install/msgs_srvs/include/msgs_srvs/msgs_srvs/msg/detail/led_state__struct.h\n'}
[21.560322] (msgs_srvs) StdoutLine: {'line': b'-- Up-to-date symlink: /ros2_ws/install/msgs_srvs/include/msgs_srvs/msgs_srvs/msg/detail/led_state__type_support.h\n'}
[21.560423] (msgs_srvs) StdoutLine: {'line': b'-- Up-to-date symlink: /ros2_ws/install/msgs_srvs/include/msgs_srvs/msgs_srvs/msg/detail/motor_state__functions.h\n'}
[21.560523] (msgs_srvs) StdoutLine: {'line': b'-- Up-to-date symlink: /ros2_ws/install/msgs_srvs/include/msgs_srvs/msgs_srvs/msg/detail/motor_state__struct.h\n'}
[21.560653] (msgs_srvs) StdoutLine: {'line': b'-- Up-to-date symlink: /ros2_ws/install/msgs_srvs/include/msgs_srvs/msgs_srvs/msg/detail/motor_state__type_support.h\n'}
[21.560782] (msgs_srvs) StdoutLine: {'line': b'-- Up-to-date symlink: /ros2_ws/install/msgs_srvs/include/msgs_srvs/msgs_srvs/msg/detail/motors_state__functions.h\n'}
[21.561048] (msgs_srvs) StdoutLine: {'line': b'-- Up-to-date symlink: /ros2_ws/install/msgs_srvs/include/msgs_srvs/msgs_srvs/msg/detail/motors_state__struct.h\n'}
[21.561231] (msgs_srvs) StdoutLine: {'line': b'-- Up-to-date symlink: /ros2_ws/install/msgs_srvs/include/msgs_srvs/msgs_srvs/msg/detail/motors_state__type_support.h\n'}
[21.561332] (msgs_srvs) StdoutLine: {'line': b'-- Up-to-date symlink: /ros2_ws/install/msgs_srvs/include/msgs_srvs/msgs_srvs/msg/detail/pwm_servo_state__functions.h\n'}
[21.561399] (msgs_srvs) StdoutLine: {'line': b'-- Up-to-date symlink: /ros2_ws/install/msgs_srvs/include/msgs_srvs/msgs_srvs/msg/detail/pwm_servo_state__struct.h\n'}
[21.561565] (msgs_srvs) StdoutLine: {'line': b'-- Up-to-date symlink: /ros2_ws/install/msgs_srvs/include/msgs_srvs/msgs_srvs/msg/detail/pwm_servo_state__type_support.h\n'}
[21.561700] (msgs_srvs) StdoutLine: {'line': b'-- Up-to-date symlink: /ros2_ws/install/msgs_srvs/include/msgs_srvs/msgs_srvs/msg/detail/pwm_servo_state_duration__functions.h\n'}
[21.561781] (msgs_srvs) StdoutLine: {'line': b'-- Up-to-date symlink: /ros2_ws/install/msgs_srvs/include/msgs_srvs/msgs_srvs/msg/detail/pwm_servo_state_duration__struct.h\n'}
[21.561874] (msgs_srvs) StdoutLine: {'line': b'-- Up-to-date symlink: /ros2_ws/install/msgs_srvs/include/msgs_srvs/msgs_srvs/msg/detail/pwm_servo_state_duration__type_support.h\n'}
[21.561975] (msgs_srvs) StdoutLine: {'line': b'-- Up-to-date symlink: /ros2_ws/install/msgs_srvs/include/msgs_srvs/msgs_srvs/msg/detail/sbus__functions.h\n'}
[21.562093] (msgs_srvs) StdoutLine: {'line': b'-- Up-to-date symlink: /ros2_ws/install/msgs_srvs/include/msgs_srvs/msgs_srvs/msg/detail/sbus__struct.h\n'}
[21.562193] (msgs_srvs) StdoutLine: {'line': b'-- Up-to-date symlink: /ros2_ws/install/msgs_srvs/include/msgs_srvs/msgs_srvs/msg/detail/sbus__type_support.h\n'}
[21.562295] (msgs_srvs) StdoutLine: {'line': b'-- Up-to-date symlink: /ros2_ws/install/msgs_srvs/include/msgs_srvs/msgs_srvs/msg/led_state.h\n'}
[21.562405] (msgs_srvs) StdoutLine: {'line': b'-- Up-to-date symlink: /ros2_ws/install/msgs_srvs/include/msgs_srvs/msgs_srvs/msg/motor_state.h\n'}
[21.562518] (msgs_srvs) StdoutLine: {'line': b'-- Up-to-date symlink: /ros2_ws/install/msgs_srvs/include/msgs_srvs/msgs_srvs/msg/motors_state.h\n'}
[21.562658] (msgs_srvs) StdoutLine: {'line': b'-- Up-to-date symlink: /ros2_ws/install/msgs_srvs/include/msgs_srvs/msgs_srvs/msg/pwm_servo_state.h\n'}
[21.562767] (msgs_srvs) StdoutLine: {'line': b'-- Up-to-date symlink: /ros2_ws/install/msgs_srvs/include/msgs_srvs/msgs_srvs/msg/pwm_servo_state_duration.h\n'}
[21.562892] (msgs_srvs) StdoutLine: {'line': b'-- Up-to-date symlink: /ros2_ws/install/msgs_srvs/include/msgs_srvs/msgs_srvs/msg/rosidl_generator_c__visibility_control.h\n'}
[21.563025] (msgs_srvs) StdoutLine: {'line': b'-- Up-to-date symlink: /ros2_ws/install/msgs_srvs/include/msgs_srvs/msgs_srvs/msg/sbus.h\n'}
[21.563118] (msgs_srvs) StdoutLine: {'line': b'-- Up-to-date symlink: /ros2_ws/install/msgs_srvs/include/msgs_srvs/msgs_srvs/srv/detail/pwm_servo_state__functions.h\n'}
[21.563235] (msgs_srvs) StdoutLine: {'line': b'-- Up-to-date symlink: /ros2_ws/install/msgs_srvs/include/msgs_srvs/msgs_srvs/srv/detail/pwm_servo_state__struct.h\n'}
[21.563354] (msgs_srvs) StdoutLine: {'line': b'-- Up-to-date symlink: /ros2_ws/install/msgs_srvs/include/msgs_srvs/msgs_srvs/srv/detail/pwm_servo_state__type_support.h\n'}
[21.563481] (msgs_srvs) StdoutLine: {'line': b'-- Up-to-date symlink: /ros2_ws/install/msgs_srvs/include/msgs_srvs/msgs_srvs/srv/pwm_servo_state.h\n'}
[21.563720] (msgs_srvs) StdoutLine: {'line': b'-- Up-to-date symlink: /ros2_ws/install/msgs_srvs/share/msgs_srvs/environment/library_path.sh\n'}
[21.563872] (msgs_srvs) StdoutLine: {'line': b'-- Up-to-date symlink: /ros2_ws/install/msgs_srvs/share/msgs_srvs/environment/library_path.dsv\n'}
[21.564712] (msgs_srvs) StdoutLine: {'line': b'-- Up-to-date symlink: /ros2_ws/install/msgs_srvs/include/msgs_srvs/msgs_srvs/msg/detail/button_state__rosidl_typesupport_fastrtps_c.h\n'}
[21.564836] (msgs_srvs) StdoutLine: {'line': b'-- Up-to-date symlink: /ros2_ws/install/msgs_srvs/include/msgs_srvs/msgs_srvs/msg/detail/buzzer_state__rosidl_typesupport_fastrtps_c.h\n'}
[21.564948] (msgs_srvs) StdoutLine: {'line': b'-- Up-to-date symlink: /ros2_ws/install/msgs_srvs/include/msgs_srvs/msgs_srvs/msg/detail/led_state__rosidl_typesupport_fastrtps_c.h\n'}
[21.565068] (msgs_srvs) StdoutLine: {'line': b'-- Up-to-date symlink: /ros2_ws/install/msgs_srvs/include/msgs_srvs/msgs_srvs/msg/detail/motor_state__rosidl_typesupport_fastrtps_c.h\n'}
[21.565187] (msgs_srvs) StdoutLine: {'line': b'-- Up-to-date symlink: /ros2_ws/install/msgs_srvs/include/msgs_srvs/msgs_srvs/msg/detail/motors_state__rosidl_typesupport_fastrtps_c.h\n'}
[21.565320] (msgs_srvs) StdoutLine: {'line': b'-- Up-to-date symlink: /ros2_ws/install/msgs_srvs/include/msgs_srvs/msgs_srvs/msg/detail/pwm_servo_state__rosidl_typesupport_fastrtps_c.h\n'}
[21.565441] (msgs_srvs) StdoutLine: {'line': b'-- Up-to-date symlink: /ros2_ws/install/msgs_srvs/include/msgs_srvs/msgs_srvs/msg/detail/pwm_servo_state_duration__rosidl_typesupport_fastrtps_c.h\n'}
[21.565723] (msgs_srvs) StdoutLine: {'line': b'-- Up-to-date symlink: /ros2_ws/install/msgs_srvs/include/msgs_srvs/msgs_srvs/msg/detail/sbus__rosidl_typesupport_fastrtps_c.h\n'}
[21.565804] (msgs_srvs) StdoutLine: {'line': b'-- Up-to-date symlink: /ros2_ws/install/msgs_srvs/include/msgs_srvs/msgs_srvs/msg/rosidl_typesupport_fastrtps_c__visibility_control.h\n'}
[21.565902] (msgs_srvs) StdoutLine: {'line': b'-- Up-to-date symlink: /ros2_ws/install/msgs_srvs/include/msgs_srvs/msgs_srvs/srv/detail/pwm_servo_state__rosidl_typesupport_fastrtps_c.h\n'}
[21.566663] (msgs_srvs) StdoutLine: {'line': b'-- Up-to-date symlink: /ros2_ws/install/msgs_srvs/include/msgs_srvs/msgs_srvs/msg/button_state.hpp\n'}
[21.566771] (msgs_srvs) StdoutLine: {'line': b'-- Up-to-date symlink: /ros2_ws/install/msgs_srvs/include/msgs_srvs/msgs_srvs/msg/buzzer_state.hpp\n'}
[21.566889] (msgs_srvs) StdoutLine: {'line': b'-- Up-to-date symlink: /ros2_ws/install/msgs_srvs/include/msgs_srvs/msgs_srvs/msg/detail/button_state__builder.hpp\n'}
[21.567008] (msgs_srvs) StdoutLine: {'line': b'-- Up-to-date symlink: /ros2_ws/install/msgs_srvs/include/msgs_srvs/msgs_srvs/msg/detail/button_state__struct.hpp\n'}
[21.567140] (msgs_srvs) StdoutLine: {'line': b'-- Up-to-date symlink: /ros2_ws/install/msgs_srvs/include/msgs_srvs/msgs_srvs/msg/detail/button_state__traits.hpp\n'}
[21.567267] (msgs_srvs) StdoutLine: {'line': b'-- Up-to-date symlink: /ros2_ws/install/msgs_srvs/include/msgs_srvs/msgs_srvs/msg/detail/button_state__type_support.hpp\n'}
[21.567836] (msgs_srvs) StdoutLine: {'line': b'-- Up-to-date symlink: /ros2_ws/install/msgs_srvs/include/msgs_srvs/msgs_srvs/msg/detail/buzzer_state__builder.hpp\n'}
[21.567979] (msgs_srvs) StdoutLine: {'line': b'-- Up-to-date symlink: /ros2_ws/install/msgs_srvs/include/msgs_srvs/msgs_srvs/msg/detail/buzzer_state__struct.hpp\n'}
[21.568055] (msgs_srvs) StdoutLine: {'line': b'-- Up-to-date symlink: /ros2_ws/install/msgs_srvs/include/msgs_srvs/msgs_srvs/msg/detail/buzzer_state__traits.hpp\n'}
[21.568190] (msgs_srvs) StdoutLine: {'line': b'-- Up-to-date symlink: /ros2_ws/install/msgs_srvs/include/msgs_srvs/msgs_srvs/msg/detail/buzzer_state__type_support.hpp\n'}
[21.568307] (msgs_srvs) StdoutLine: {'line': b'-- Up-to-date symlink: /ros2_ws/install/msgs_srvs/include/msgs_srvs/msgs_srvs/msg/detail/led_state__builder.hpp\n'}
[21.568391] (msgs_srvs) StdoutLine: {'line': b'-- Up-to-date symlink: /ros2_ws/install/msgs_srvs/include/msgs_srvs/msgs_srvs/msg/detail/led_state__struct.hpp\n'}
[21.568565] (msgs_srvs) StdoutLine: {'line': b'-- Up-to-date symlink: /ros2_ws/install/msgs_srvs/include/msgs_srvs/msgs_srvs/msg/detail/led_state__traits.hpp\n'}
[21.568665] (msgs_srvs) StdoutLine: {'line': b'-- Up-to-date symlink: /ros2_ws/install/msgs_srvs/include/msgs_srvs/msgs_srvs/msg/detail/led_state__type_support.hpp\n'}
[21.568741] (msgs_srvs) StdoutLine: {'line': b'-- Up-to-date symlink: /ros2_ws/install/msgs_srvs/include/msgs_srvs/msgs_srvs/msg/detail/motor_state__builder.hpp\n'}
[21.568837] (msgs_srvs) StdoutLine: {'line': b'-- Up-to-date symlink: /ros2_ws/install/msgs_srvs/include/msgs_srvs/msgs_srvs/msg/detail/motor_state__struct.hpp\n'}
[21.569226] (msgs_srvs) StdoutLine: {'line': b'-- Up-to-date symlink: /ros2_ws/install/msgs_srvs/include/msgs_srvs/msgs_srvs/msg/detail/motor_state__traits.hpp\n'}
[21.569310] (msgs_srvs) StdoutLine: {'line': b'-- Up-to-date symlink: /ros2_ws/install/msgs_srvs/include/msgs_srvs/msgs_srvs/msg/detail/motor_state__type_support.hpp\n'}
[21.569381] (msgs_srvs) StdoutLine: {'line': b'-- Up-to-date symlink: /ros2_ws/install/msgs_srvs/include/msgs_srvs/msgs_srvs/msg/detail/motors_state__builder.hpp\n'}
[21.569483] (msgs_srvs) StdoutLine: {'line': b'-- Up-to-date symlink: /ros2_ws/install/msgs_srvs/include/msgs_srvs/msgs_srvs/msg/detail/motors_state__struct.hpp\n'}
[21.569594] (msgs_srvs) StdoutLine: {'line': b'-- Up-to-date symlink: /ros2_ws/install/msgs_srvs/include/msgs_srvs/msgs_srvs/msg/detail/motors_state__traits.hpp\n'}
[21.569699] (msgs_srvs) StdoutLine: {'line': b'-- Up-to-date symlink: /ros2_ws/install/msgs_srvs/include/msgs_srvs/msgs_srvs/msg/detail/motors_state__type_support.hpp\n'}
[21.569768] (msgs_srvs) StdoutLine: {'line': b'-- Up-to-date symlink: /ros2_ws/install/msgs_srvs/include/msgs_srvs/msgs_srvs/msg/detail/pwm_servo_state__builder.hpp\n'}
[21.569960] (msgs_srvs) StdoutLine: {'line': b'-- Up-to-date symlink: /ros2_ws/install/msgs_srvs/include/msgs_srvs/msgs_srvs/msg/detail/pwm_servo_state__struct.hpp\n'}
[21.570036] (msgs_srvs) StdoutLine: {'line': b'-- Up-to-date symlink: /ros2_ws/install/msgs_srvs/include/msgs_srvs/msgs_srvs/msg/detail/pwm_servo_state__traits.hpp\n'}
[21.570134] (msgs_srvs) StdoutLine: {'line': b'-- Up-to-date symlink: /ros2_ws/install/msgs_srvs/include/msgs_srvs/msgs_srvs/msg/detail/pwm_servo_state__type_support.hpp\n'}
[21.570233] (msgs_srvs) StdoutLine: {'line': b'-- Up-to-date symlink: /ros2_ws/install/msgs_srvs/include/msgs_srvs/msgs_srvs/msg/detail/pwm_servo_state_duration__builder.hpp\n'}
[21.570328] (msgs_srvs) StdoutLine: {'line': b'-- Up-to-date symlink: /ros2_ws/install/msgs_srvs/include/msgs_srvs/msgs_srvs/msg/detail/pwm_servo_state_duration__struct.hpp\n'}
[21.570418] (msgs_srvs) StdoutLine: {'line': b'-- Up-to-date symlink: /ros2_ws/install/msgs_srvs/include/msgs_srvs/msgs_srvs/msg/detail/pwm_servo_state_duration__traits.hpp\n'}
[21.570575] (msgs_srvs) StdoutLine: {'line': b'-- Up-to-date symlink: /ros2_ws/install/msgs_srvs/include/msgs_srvs/msgs_srvs/msg/detail/pwm_servo_state_duration__type_support.hpp\n'}
[21.570739] (msgs_srvs) StdoutLine: {'line': b'-- Up-to-date symlink: /ros2_ws/install/msgs_srvs/include/msgs_srvs/msgs_srvs/msg/detail/sbus__builder.hpp\n'}
[21.570894] (msgs_srvs) StdoutLine: {'line': b'-- Up-to-date symlink: /ros2_ws/install/msgs_srvs/include/msgs_srvs/msgs_srvs/msg/detail/sbus__struct.hpp\n'}
[21.571345] (msgs_srvs) StdoutLine: {'line': b'-- Up-to-date symlink: /ros2_ws/install/msgs_srvs/include/msgs_srvs/msgs_srvs/msg/detail/sbus__traits.hpp\n'}
[21.571490] (msgs_srvs) StdoutLine: {'line': b'-- Up-to-date symlink: /ros2_ws/install/msgs_srvs/include/msgs_srvs/msgs_srvs/msg/detail/sbus__type_support.hpp\n'}
[21.571612] (msgs_srvs) StdoutLine: {'line': b'-- Up-to-date symlink: /ros2_ws/install/msgs_srvs/include/msgs_srvs/msgs_srvs/msg/led_state.hpp\n'}
[21.571689] (msgs_srvs) StdoutLine: {'line': b'-- Up-to-date symlink: /ros2_ws/install/msgs_srvs/include/msgs_srvs/msgs_srvs/msg/motor_state.hpp\n'}
[21.572636] (msgs_srvs) StdoutLine: {'line': b'-- Up-to-date symlink: /ros2_ws/install/msgs_srvs/include/msgs_srvs/msgs_srvs/msg/motors_state.hpp\n'}
[21.572758] (msgs_srvs) StdoutLine: {'line': b'-- Up-to-date symlink: /ros2_ws/install/msgs_srvs/include/msgs_srvs/msgs_srvs/msg/pwm_servo_state.hpp\n'}
[21.572832] (msgs_srvs) StdoutLine: {'line': b'-- Up-to-date symlink: /ros2_ws/install/msgs_srvs/include/msgs_srvs/msgs_srvs/msg/pwm_servo_state_duration.hpp\n'}
[21.572927] (msgs_srvs) StdoutLine: {'line': b'-- Up-to-date symlink: /ros2_ws/install/msgs_srvs/include/msgs_srvs/msgs_srvs/msg/rosidl_generator_cpp__visibility_control.hpp\n'}
[21.572997] (msgs_srvs) StdoutLine: {'line': b'-- Up-to-date symlink: /ros2_ws/install/msgs_srvs/include/msgs_srvs/msgs_srvs/msg/sbus.hpp\n'}
[21.573061] (msgs_srvs) StdoutLine: {'line': b'-- Up-to-date symlink: /ros2_ws/install/msgs_srvs/include/msgs_srvs/msgs_srvs/srv/detail/pwm_servo_state__builder.hpp\n'}
[21.573122] (msgs_srvs) StdoutLine: {'line': b'-- Up-to-date symlink: /ros2_ws/install/msgs_srvs/include/msgs_srvs/msgs_srvs/srv/detail/pwm_servo_state__struct.hpp\n'}
[21.573183] (msgs_srvs) StdoutLine: {'line': b'-- Up-to-date symlink: /ros2_ws/install/msgs_srvs/include/msgs_srvs/msgs_srvs/srv/detail/pwm_servo_state__traits.hpp\n'}
[21.573257] (msgs_srvs) StdoutLine: {'line': b'-- Up-to-date symlink: /ros2_ws/install/msgs_srvs/include/msgs_srvs/msgs_srvs/srv/detail/pwm_servo_state__type_support.hpp\n'}
[21.573379] (msgs_srvs) StdoutLine: {'line': b'-- Up-to-date symlink: /ros2_ws/install/msgs_srvs/include/msgs_srvs/msgs_srvs/srv/pwm_servo_state.hpp\n'}
[21.573815] (msgs_srvs) StdoutLine: {'line': b'-- Up-to-date symlink: /ros2_ws/install/msgs_srvs/include/msgs_srvs/msgs_srvs/msg/detail/button_state__rosidl_typesupport_fastrtps_cpp.hpp\n'}
[21.573955] (msgs_srvs) StdoutLine: {'line': b'-- Up-to-date symlink: /ros2_ws/install/msgs_srvs/include/msgs_srvs/msgs_srvs/msg/detail/buzzer_state__rosidl_typesupport_fastrtps_cpp.hpp\n'}
[21.574054] (msgs_srvs) StdoutLine: {'line': b'-- Up-to-date symlink: /ros2_ws/install/msgs_srvs/include/msgs_srvs/msgs_srvs/msg/detail/led_state__rosidl_typesupport_fastrtps_cpp.hpp\n'}
[21.574156] (msgs_srvs) StdoutLine: {'line': b'-- Up-to-date symlink: /ros2_ws/install/msgs_srvs/include/msgs_srvs/msgs_srvs/msg/detail/motor_state__rosidl_typesupport_fastrtps_cpp.hpp\n'}
[21.574268] (msgs_srvs) StdoutLine: {'line': b'-- Up-to-date symlink: /ros2_ws/install/msgs_srvs/include/msgs_srvs/msgs_srvs/msg/detail/motors_state__rosidl_typesupport_fastrtps_cpp.hpp\n'}
[21.574396] (msgs_srvs) StdoutLine: {'line': b'-- Up-to-date symlink: /ros2_ws/install/msgs_srvs/include/msgs_srvs/msgs_srvs/msg/detail/pwm_servo_state__rosidl_typesupport_fastrtps_cpp.hpp\n'}
[21.574829] (msgs_srvs) StdoutLine: {'line': b'-- Up-to-date symlink: /ros2_ws/install/msgs_srvs/include/msgs_srvs/msgs_srvs/msg/detail/pwm_servo_state_duration__rosidl_typesupport_fastrtps_cpp.hpp\n'}
[21.574951] (msgs_srvs) StdoutLine: {'line': b'-- Up-to-date symlink: /ros2_ws/install/msgs_srvs/include/msgs_srvs/msgs_srvs/msg/detail/sbus__rosidl_typesupport_fastrtps_cpp.hpp\n'}
[21.575026] (msgs_srvs) StdoutLine: {'line': b'-- Up-to-date symlink: /ros2_ws/install/msgs_srvs/include/msgs_srvs/msgs_srvs/msg/rosidl_typesupport_fastrtps_cpp__visibility_control.h\n'}
[21.575092] (msgs_srvs) StdoutLine: {'line': b'-- Up-to-date symlink: /ros2_ws/install/msgs_srvs/include/msgs_srvs/msgs_srvs/srv/detail/pwm_servo_state__rosidl_typesupport_fastrtps_cpp.hpp\n'}
[21.575573] (msgs_srvs) StdoutLine: {'line': b'-- Up-to-date symlink: /ros2_ws/install/msgs_srvs/include/msgs_srvs/msgs_srvs/msg/detail/button_state__rosidl_typesupport_introspection_c.h\n'}
[21.575714] (msgs_srvs) StdoutLine: {'line': b'-- Up-to-date symlink: /ros2_ws/install/msgs_srvs/include/msgs_srvs/msgs_srvs/msg/detail/buzzer_state__rosidl_typesupport_introspection_c.h\n'}
[21.575901] (msgs_srvs) StdoutLine: {'line': b'-- Up-to-date symlink: /ros2_ws/install/msgs_srvs/include/msgs_srvs/msgs_srvs/msg/detail/led_state__rosidl_typesupport_introspection_c.h\n'}
[21.576076] (msgs_srvs) StdoutLine: {'line': b'-- Up-to-date symlink: /ros2_ws/install/msgs_srvs/include/msgs_srvs/msgs_srvs/msg/detail/motor_state__rosidl_typesupport_introspection_c.h\n'}
[21.576226] (msgs_srvs) StdoutLine: {'line': b'-- Up-to-date symlink: /ros2_ws/install/msgs_srvs/include/msgs_srvs/msgs_srvs/msg/detail/motors_state__rosidl_typesupport_introspection_c.h\n'}
[21.576351] (msgs_srvs) StdoutLine: {'line': b'-- Up-to-date symlink: /ros2_ws/install/msgs_srvs/include/msgs_srvs/msgs_srvs/msg/detail/pwm_servo_state__rosidl_typesupport_introspection_c.h\n'}
[21.576474] (msgs_srvs) StdoutLine: {'line': b'-- Up-to-date symlink: /ros2_ws/install/msgs_srvs/include/msgs_srvs/msgs_srvs/msg/detail/pwm_servo_state_duration__rosidl_typesupport_introspection_c.h\n'}
[21.576644] (msgs_srvs) StdoutLine: {'line': b'-- Up-to-date symlink: /ros2_ws/install/msgs_srvs/include/msgs_srvs/msgs_srvs/msg/detail/sbus__rosidl_typesupport_introspection_c.h\n'}
[21.576774] (msgs_srvs) StdoutLine: {'line': b'-- Up-to-date symlink: /ros2_ws/install/msgs_srvs/include/msgs_srvs/msgs_srvs/msg/rosidl_typesupport_introspection_c__visibility_control.h\n'}
[21.576883] (msgs_srvs) StdoutLine: {'line': b'-- Up-to-date symlink: /ros2_ws/install/msgs_srvs/include/msgs_srvs/msgs_srvs/srv/detail/pwm_servo_state__rosidl_typesupport_introspection_c.h\n'}
[21.577462] (msgs_srvs) StdoutLine: {'line': b'-- Up-to-date symlink: /ros2_ws/install/msgs_srvs/include/msgs_srvs/msgs_srvs/msg/detail/button_state__rosidl_typesupport_introspection_cpp.hpp\n'}
[21.577673] (msgs_srvs) StdoutLine: {'line': b'-- Up-to-date symlink: /ros2_ws/install/msgs_srvs/include/msgs_srvs/msgs_srvs/msg/detail/buzzer_state__rosidl_typesupport_introspection_cpp.hpp\n'}
[21.577877] (msgs_srvs) StdoutLine: {'line': b'-- Up-to-date symlink: /ros2_ws/install/msgs_srvs/include/msgs_srvs/msgs_srvs/msg/detail/led_state__rosidl_typesupport_introspection_cpp.hpp\n'}
[21.578266] (msgs_srvs) StdoutLine: {'line': b'-- Up-to-date symlink: /ros2_ws/install/msgs_srvs/include/msgs_srvs/msgs_srvs/msg/detail/motor_state__rosidl_typesupport_introspection_cpp.hpp\n'}
[21.578402] (msgs_srvs) StdoutLine: {'line': b'-- Up-to-date symlink: /ros2_ws/install/msgs_srvs/include/msgs_srvs/msgs_srvs/msg/detail/motors_state__rosidl_typesupport_introspection_cpp.hpp\n'}
[21.578520] (msgs_srvs) StdoutLine: {'line': b'-- Up-to-date symlink: /ros2_ws/install/msgs_srvs/include/msgs_srvs/msgs_srvs/msg/detail/pwm_servo_state__rosidl_typesupport_introspection_cpp.hpp\n'}
[21.578711] (msgs_srvs) StdoutLine: {'line': b'-- Up-to-date symlink: /ros2_ws/install/msgs_srvs/include/msgs_srvs/msgs_srvs/msg/detail/pwm_servo_state_duration__rosidl_typesupport_introspection_cpp.hpp\n'}
[21.578823] (msgs_srvs) StdoutLine: {'line': b'-- Up-to-date symlink: /ros2_ws/install/msgs_srvs/include/msgs_srvs/msgs_srvs/msg/detail/sbus__rosidl_typesupport_introspection_cpp.hpp\n'}
[21.578954] (msgs_srvs) StdoutLine: {'line': b'-- Up-to-date symlink: /ros2_ws/install/msgs_srvs/include/msgs_srvs/msgs_srvs/srv/detail/pwm_servo_state__rosidl_typesupport_introspection_cpp.hpp\n'}
[21.579077] (msgs_srvs) StdoutLine: {'line': b'-- Up-to-date symlink: /ros2_ws/install/msgs_srvs/share/msgs_srvs/environment/pythonpath.sh\n'}
[21.579200] (msgs_srvs) StdoutLine: {'line': b'-- Up-to-date symlink: /ros2_ws/install/msgs_srvs/share/msgs_srvs/environment/pythonpath.dsv\n'}
[21.579575] (msgs_srvs) StdoutLine: {'line': b'-- Up-to-date symlink: /ros2_ws/install/msgs_srvs/local/lib/python3.10/dist-packages/msgs_srvs-0.0.0-py3.10.egg-info/PKG-INFO\n'}
[21.579774] (msgs_srvs) StdoutLine: {'line': b'-- Up-to-date symlink: /ros2_ws/install/msgs_srvs/local/lib/python3.10/dist-packages/msgs_srvs-0.0.0-py3.10.egg-info/SOURCES.txt\n'}
[21.579921] (msgs_srvs) StdoutLine: {'line': b'-- Up-to-date symlink: /ros2_ws/install/msgs_srvs/local/lib/python3.10/dist-packages/msgs_srvs-0.0.0-py3.10.egg-info/dependency_links.txt\n'}
[21.580072] (msgs_srvs) StdoutLine: {'line': b'-- Up-to-date symlink: /ros2_ws/install/msgs_srvs/local/lib/python3.10/dist-packages/msgs_srvs-0.0.0-py3.10.egg-info/top_level.txt\n'}
[21.581099] (msgs_srvs) StdoutLine: {'line': b'-- Up-to-date symlink: /ros2_ws/install/msgs_srvs/local/lib/python3.10/dist-packages/msgs_srvs/__init__.py\n'}
[21.581235] (msgs_srvs) StdoutLine: {'line': b'-- Up-to-date symlink: /ros2_ws/install/msgs_srvs/local/lib/python3.10/dist-packages/msgs_srvs/_msgs_srvs_s.ep.rosidl_typesupport_c.c\n'}
[21.581333] (msgs_srvs) StdoutLine: {'line': b'-- Up-to-date symlink: /ros2_ws/install/msgs_srvs/local/lib/python3.10/dist-packages/msgs_srvs/_msgs_srvs_s.ep.rosidl_typesupport_fastrtps_c.c\n'}
[21.581464] (msgs_srvs) StdoutLine: {'line': b'-- Up-to-date symlink: /ros2_ws/install/msgs_srvs/local/lib/python3.10/dist-packages/msgs_srvs/_msgs_srvs_s.ep.rosidl_typesupport_introspection_c.c\n'}
[21.581874] (msgs_srvs) StdoutLine: {'line': b'-- Up-to-date symlink: /ros2_ws/install/msgs_srvs/local/lib/python3.10/dist-packages/msgs_srvs/libmsgs_srvs__rosidl_generator_py.so\n'}
[21.582009] (msgs_srvs) StdoutLine: {'line': b'-- Up-to-date symlink: /ros2_ws/install/msgs_srvs/local/lib/python3.10/dist-packages/msgs_srvs/msg/__init__.py\n'}
[21.582085] (msgs_srvs) StdoutLine: {'line': b'-- Up-to-date symlink: /ros2_ws/install/msgs_srvs/local/lib/python3.10/dist-packages/msgs_srvs/msg/_button_state.py\n'}
[21.582175] (msgs_srvs) StdoutLine: {'line': b'-- Up-to-date symlink: /ros2_ws/install/msgs_srvs/local/lib/python3.10/dist-packages/msgs_srvs/msg/_button_state_s.c\n'}
[21.582280] (msgs_srvs) StdoutLine: {'line': b'-- Up-to-date symlink: /ros2_ws/install/msgs_srvs/local/lib/python3.10/dist-packages/msgs_srvs/msg/_buzzer_state.py\n'}
[21.582347] (msgs_srvs) StdoutLine: {'line': b'-- Up-to-date symlink: /ros2_ws/install/msgs_srvs/local/lib/python3.10/dist-packages/msgs_srvs/msg/_buzzer_state_s.c\n'}
[21.582436] (msgs_srvs) StdoutLine: {'line': b'-- Up-to-date symlink: /ros2_ws/install/msgs_srvs/local/lib/python3.10/dist-packages/msgs_srvs/msg/_led_state.py\n'}
[21.582520] (msgs_srvs) StdoutLine: {'line': b'-- Up-to-date symlink: /ros2_ws/install/msgs_srvs/local/lib/python3.10/dist-packages/msgs_srvs/msg/_led_state_s.c\n'}
[21.583019] (msgs_srvs) StdoutLine: {'line': b'-- Up-to-date symlink: /ros2_ws/install/msgs_srvs/local/lib/python3.10/dist-packages/msgs_srvs/msg/_motor_state.py\n'}
[21.583164] (msgs_srvs) StdoutLine: {'line': b'-- Up-to-date symlink: /ros2_ws/install/msgs_srvs/local/lib/python3.10/dist-packages/msgs_srvs/msg/_motor_state_s.c\n'}
[21.583240] (msgs_srvs) StdoutLine: {'line': b'-- Up-to-date symlink: /ros2_ws/install/msgs_srvs/local/lib/python3.10/dist-packages/msgs_srvs/msg/_motors_state.py\n'}
[21.583312] (-) TimerEvent: {}
[21.583456] (msgs_srvs) StdoutLine: {'line': b'-- Up-to-date symlink: /ros2_ws/install/msgs_srvs/local/lib/python3.10/dist-packages/msgs_srvs/msg/_motors_state_s.c\n'}
[21.583552] (msgs_srvs) StdoutLine: {'line': b'-- Up-to-date symlink: /ros2_ws/install/msgs_srvs/local/lib/python3.10/dist-packages/msgs_srvs/msg/_pwm_servo_state.py\n'}
[21.583679] (msgs_srvs) StdoutLine: {'line': b'-- Up-to-date symlink: /ros2_ws/install/msgs_srvs/local/lib/python3.10/dist-packages/msgs_srvs/msg/_pwm_servo_state_duration.py\n'}
[21.583746] (msgs_srvs) StdoutLine: {'line': b'-- Up-to-date symlink: /ros2_ws/install/msgs_srvs/local/lib/python3.10/dist-packages/msgs_srvs/msg/_pwm_servo_state_duration_s.c\n'}
[21.583836] (msgs_srvs) StdoutLine: {'line': b'-- Up-to-date symlink: /ros2_ws/install/msgs_srvs/local/lib/python3.10/dist-packages/msgs_srvs/msg/_pwm_servo_state_s.c\n'}
[21.583897] (msgs_srvs) StdoutLine: {'line': b'-- Up-to-date symlink: /ros2_ws/install/msgs_srvs/local/lib/python3.10/dist-packages/msgs_srvs/msg/_sbus.py\n'}
[21.583966] (msgs_srvs) StdoutLine: {'line': b'-- Up-to-date symlink: /ros2_ws/install/msgs_srvs/local/lib/python3.10/dist-packages/msgs_srvs/msg/_sbus_s.c\n'}
[21.584066] (msgs_srvs) StdoutLine: {'line': b'-- Up-to-date symlink: /ros2_ws/install/msgs_srvs/local/lib/python3.10/dist-packages/msgs_srvs/msgs_srvs_s__rosidl_typesupport_c.cpython-310-aarch64-linux-gnu.so\n'}
[21.584130] (msgs_srvs) StdoutLine: {'line': b'-- Up-to-date symlink: /ros2_ws/install/msgs_srvs/local/lib/python3.10/dist-packages/msgs_srvs/msgs_srvs_s__rosidl_typesupport_fastrtps_c.cpython-310-aarch64-linux-gnu.so\n'}
[21.584228] (msgs_srvs) StdoutLine: {'line': b'-- Up-to-date symlink: /ros2_ws/install/msgs_srvs/local/lib/python3.10/dist-packages/msgs_srvs/msgs_srvs_s__rosidl_typesupport_introspection_c.cpython-310-aarch64-linux-gnu.so\n'}
[21.584325] (msgs_srvs) StdoutLine: {'line': b'-- Up-to-date symlink: /ros2_ws/install/msgs_srvs/local/lib/python3.10/dist-packages/msgs_srvs/srv/__init__.py\n'}
[21.584415] (msgs_srvs) StdoutLine: {'line': b'-- Up-to-date symlink: /ros2_ws/install/msgs_srvs/local/lib/python3.10/dist-packages/msgs_srvs/srv/_pwm_servo_state.py\n'}
[21.584522] (msgs_srvs) StdoutLine: {'line': b'-- Up-to-date symlink: /ros2_ws/install/msgs_srvs/local/lib/python3.10/dist-packages/msgs_srvs/srv/_pwm_servo_state_s.c\n'}
[21.584859] (msgs_srvs) StdoutLine: {'line': b'-- Up-to-date symlink: /ros2_ws/install/msgs_srvs/local/lib/python3.10/dist-packages/msgs_srvs/msgs_srvs_s__rosidl_typesupport_fastrtps_c.cpython-310-aarch64-linux-gnu.so\n'}
[21.585132] (msgs_srvs) StdoutLine: {'line': b'-- Up-to-date symlink: /ros2_ws/install/msgs_srvs/local/lib/python3.10/dist-packages/msgs_srvs/msgs_srvs_s__rosidl_typesupport_introspection_c.cpython-310-aarch64-linux-gnu.so\n'}
[21.585397] (msgs_srvs) StdoutLine: {'line': b'-- Up-to-date symlink: /ros2_ws/install/msgs_srvs/local/lib/python3.10/dist-packages/msgs_srvs/msgs_srvs_s__rosidl_typesupport_c.cpython-310-aarch64-linux-gnu.so\n'}
[21.585611] (msgs_srvs) StdoutLine: {'line': b'-- Up-to-date symlink: /ros2_ws/install/msgs_srvs/share/msgs_srvs/msg/ButtonState.idl\n'}
[21.585776] (msgs_srvs) StdoutLine: {'line': b'-- Up-to-date symlink: /ros2_ws/install/msgs_srvs/share/msgs_srvs/msg/BuzzerState.idl\n'}
[21.585949] (msgs_srvs) StdoutLine: {'line': b'-- Up-to-date symlink: /ros2_ws/install/msgs_srvs/share/msgs_srvs/msg/LedState.idl\n'}
[21.586097] (msgs_srvs) StdoutLine: {'line': b'-- Up-to-date symlink: /ros2_ws/install/msgs_srvs/share/msgs_srvs/msg/MotorsState.idl\n'}
[21.586262] (msgs_srvs) StdoutLine: {'line': b'-- Up-to-date symlink: /ros2_ws/install/msgs_srvs/share/msgs_srvs/msg/MotorState.idl\n'}
[21.586419] (msgs_srvs) StdoutLine: {'line': b'-- Up-to-date symlink: /ros2_ws/install/msgs_srvs/share/msgs_srvs/msg/PWMServoState.idl\n'}
[21.586585] (msgs_srvs) StdoutLine: {'line': b'-- Up-to-date symlink: /ros2_ws/install/msgs_srvs/share/msgs_srvs/msg/PWMServoStateDuration.idl\n'}
[21.586748] (msgs_srvs) StdoutLine: {'line': b'-- Up-to-date symlink: /ros2_ws/install/msgs_srvs/share/msgs_srvs/msg/Sbus.idl\n'}
[21.586912] (msgs_srvs) StdoutLine: {'line': b'-- Up-to-date symlink: /ros2_ws/install/msgs_srvs/share/msgs_srvs/srv/PWMServoState.idl\n'}
[21.587074] (msgs_srvs) StdoutLine: {'line': b'-- Up-to-date symlink: /ros2_ws/install/msgs_srvs/share/msgs_srvs/msg/ButtonState.msg\n'}
[21.587213] (msgs_srvs) StdoutLine: {'line': b'-- Up-to-date symlink: /ros2_ws/install/msgs_srvs/share/msgs_srvs/msg/BuzzerState.msg\n'}
[21.587366] (msgs_srvs) StdoutLine: {'line': b'-- Up-to-date symlink: /ros2_ws/install/msgs_srvs/share/msgs_srvs/msg/LedState.msg\n'}
[21.587541] (msgs_srvs) StdoutLine: {'line': b'-- Up-to-date symlink: /ros2_ws/install/msgs_srvs/share/msgs_srvs/msg/MotorsState.msg\n'}
[21.587689] (msgs_srvs) StdoutLine: {'line': b'-- Up-to-date symlink: /ros2_ws/install/msgs_srvs/share/msgs_srvs/msg/MotorState.msg\n'}
[21.587835] (msgs_srvs) StdoutLine: {'line': b'-- Up-to-date symlink: /ros2_ws/install/msgs_srvs/share/msgs_srvs/msg/PWMServoState.msg\n'}
[21.587980] (msgs_srvs) StdoutLine: {'line': b'-- Up-to-date symlink: /ros2_ws/install/msgs_srvs/share/msgs_srvs/msg/PWMServoStateDuration.msg\n'}
[21.588130] (msgs_srvs) StdoutLine: {'line': b'-- Up-to-date symlink: /ros2_ws/install/msgs_srvs/share/msgs_srvs/msg/Sbus.msg\n'}
[21.588295] (msgs_srvs) StdoutLine: {'line': b'-- Up-to-date symlink: /ros2_ws/install/msgs_srvs/share/msgs_srvs/srv/PWMServoState.srv\n'}
[21.588448] (msgs_srvs) StdoutLine: {'line': b'-- Up-to-date symlink: /ros2_ws/install/msgs_srvs/share/msgs_srvs/srv/PWMServoState_Request.msg\n'}
[21.588616] (msgs_srvs) StdoutLine: {'line': b'-- Up-to-date symlink: /ros2_ws/install/msgs_srvs/share/msgs_srvs/srv/PWMServoState_Response.msg\n'}
[21.588798] (msgs_srvs) StdoutLine: {'line': b'-- Up-to-date symlink: /ros2_ws/install/msgs_srvs/share/ament_index/resource_index/package_run_dependencies/msgs_srvs\n'}
[21.588969] (msgs_srvs) StdoutLine: {'line': b'-- Up-to-date symlink: /ros2_ws/install/msgs_srvs/share/ament_index/resource_index/parent_prefix_path/msgs_srvs\n'}
[21.589152] (msgs_srvs) StdoutLine: {'line': b'-- Up-to-date symlink: /ros2_ws/install/msgs_srvs/share/msgs_srvs/environment/ament_prefix_path.sh\n'}
[21.589306] (msgs_srvs) StdoutLine: {'line': b'-- Up-to-date symlink: /ros2_ws/install/msgs_srvs/share/msgs_srvs/environment/ament_prefix_path.dsv\n'}
[21.589478] (msgs_srvs) StdoutLine: {'line': b'-- Up-to-date symlink: /ros2_ws/install/msgs_srvs/share/msgs_srvs/environment/path.sh\n'}
[21.589641] (msgs_srvs) StdoutLine: {'line': b'-- Up-to-date symlink: /ros2_ws/install/msgs_srvs/share/msgs_srvs/environment/path.dsv\n'}
[21.589793] (msgs_srvs) StdoutLine: {'line': b'-- Up-to-date symlink: /ros2_ws/install/msgs_srvs/share/msgs_srvs/local_setup.bash\n'}
[21.589943] (msgs_srvs) StdoutLine: {'line': b'-- Up-to-date symlink: /ros2_ws/install/msgs_srvs/share/msgs_srvs/local_setup.sh\n'}
[21.590090] (msgs_srvs) StdoutLine: {'line': b'-- Up-to-date symlink: /ros2_ws/install/msgs_srvs/share/msgs_srvs/local_setup.zsh\n'}
[21.590236] (msgs_srvs) StdoutLine: {'line': b'-- Up-to-date symlink: /ros2_ws/install/msgs_srvs/share/msgs_srvs/local_setup.dsv\n'}
[21.590350] (msgs_srvs) StdoutLine: {'line': b'-- Symlinking: /ros2_ws/install/msgs_srvs/share/msgs_srvs/package.dsv\n'}
[21.607007] (msgs_srvs) StdoutLine: {'line': b'-- Up-to-date symlink: /ros2_ws/install/msgs_srvs/share/ament_index/resource_index/packages/msgs_srvs\n'}
[21.607247] (msgs_srvs) StdoutLine: {'line': b'-- Up-to-date symlink: /ros2_ws/install/msgs_srvs/share/msgs_srvs/cmake/rosidl_cmake-extras.cmake\n'}
[21.607368] (msgs_srvs) StdoutLine: {'line': b'-- Up-to-date symlink: /ros2_ws/install/msgs_srvs/share/msgs_srvs/cmake/ament_cmake_export_dependencies-extras.cmake\n'}
[21.607529] (msgs_srvs) StdoutLine: {'line': b'-- Up-to-date symlink: /ros2_ws/install/msgs_srvs/share/msgs_srvs/cmake/ament_cmake_export_include_directories-extras.cmake\n'}
[21.607746] (msgs_srvs) StdoutLine: {'line': b'-- Up-to-date symlink: /ros2_ws/install/msgs_srvs/share/msgs_srvs/cmake/ament_cmake_export_libraries-extras.cmake\n'}
[21.607907] (msgs_srvs) StdoutLine: {'line': b'-- Up-to-date symlink: /ros2_ws/install/msgs_srvs/share/msgs_srvs/cmake/ament_cmake_export_targets-extras.cmake\n'}
[21.608061] (msgs_srvs) StdoutLine: {'line': b'-- Up-to-date symlink: /ros2_ws/install/msgs_srvs/share/msgs_srvs/cmake/rosidl_cmake_export_typesupport_targets-extras.cmake\n'}
[21.608218] (msgs_srvs) StdoutLine: {'line': b'-- Up-to-date symlink: /ros2_ws/install/msgs_srvs/share/msgs_srvs/cmake/rosidl_cmake_export_typesupport_libraries-extras.cmake\n'}
[21.608379] (msgs_srvs) StdoutLine: {'line': b'-- Up-to-date symlink: /ros2_ws/install/msgs_srvs/share/msgs_srvs/cmake/msgs_srvsConfig.cmake\n'}
[21.608489] (msgs_srvs) StdoutLine: {'line': b'-- Up-to-date symlink: /ros2_ws/install/msgs_srvs/share/msgs_srvs/cmake/msgs_srvsConfig-version.cmake\n'}
[21.608684] (msgs_srvs) StdoutLine: {'line': b'-- Up-to-date symlink: /ros2_ws/install/msgs_srvs/share/msgs_srvs/package.xml\n'}
[21.609037] (msgs_srvs) StdoutLine: {'line': b'-- Installing: /ros2_ws/install/msgs_srvs/lib/libmsgs_srvs__rosidl_generator_c.so\n'}
[21.609777] (msgs_srvs) StdoutLine: {'line': b'-- Set runtime path of "/ros2_ws/install/msgs_srvs/lib/libmsgs_srvs__rosidl_generator_c.so" to ""\n'}
[21.610130] (msgs_srvs) StdoutLine: {'line': b'-- Installing: /ros2_ws/install/msgs_srvs/lib/libmsgs_srvs__rosidl_typesupport_fastrtps_c.so\n'}
[21.611079] (msgs_srvs) StdoutLine: {'line': b'-- Set runtime path of "/ros2_ws/install/msgs_srvs/lib/libmsgs_srvs__rosidl_typesupport_fastrtps_c.so" to ""\n'}
[21.611375] (msgs_srvs) StdoutLine: {'line': b'-- Installing: /ros2_ws/install/msgs_srvs/lib/libmsgs_srvs__rosidl_typesupport_fastrtps_cpp.so\n'}
[21.612560] (msgs_srvs) StdoutLine: {'line': b'-- Set runtime path of "/ros2_ws/install/msgs_srvs/lib/libmsgs_srvs__rosidl_typesupport_fastrtps_cpp.so" to ""\n'}
[21.612818] (msgs_srvs) StdoutLine: {'line': b'-- Installing: /ros2_ws/install/msgs_srvs/lib/libmsgs_srvs__rosidl_typesupport_introspection_c.so\n'}
[21.613424] (msgs_srvs) StdoutLine: {'line': b'-- Set runtime path of "/ros2_ws/install/msgs_srvs/lib/libmsgs_srvs__rosidl_typesupport_introspection_c.so" to ""\n'}
[21.613700] (msgs_srvs) StdoutLine: {'line': b'-- Installing: /ros2_ws/install/msgs_srvs/lib/libmsgs_srvs__rosidl_typesupport_c.so\n'}
[21.614889] (msgs_srvs) StdoutLine: {'line': b'-- Set runtime path of "/ros2_ws/install/msgs_srvs/lib/libmsgs_srvs__rosidl_typesupport_c.so" to ""\n'}
[21.615703] (msgs_srvs) StdoutLine: {'line': b'-- Installing: /ros2_ws/install/msgs_srvs/lib/libmsgs_srvs__rosidl_typesupport_introspection_cpp.so\n'}
[21.617496] (msgs_srvs) StdoutLine: {'line': b'-- Set runtime path of "/ros2_ws/install/msgs_srvs/lib/libmsgs_srvs__rosidl_typesupport_introspection_cpp.so" to ""\n'}
[21.618129] (msgs_srvs) StdoutLine: {'line': b'-- Installing: /ros2_ws/install/msgs_srvs/lib/libmsgs_srvs__rosidl_typesupport_cpp.so\n'}
[21.618582] (msgs_srvs) StdoutLine: {'line': b'-- Set runtime path of "/ros2_ws/install/msgs_srvs/lib/libmsgs_srvs__rosidl_typesupport_cpp.so" to ""\n'}
[21.683437] (-) TimerEvent: {}
[21.705440] (msgs_srvs) StdoutLine: {'line': b"Listing '/ros2_ws/install/msgs_srvs/local/lib/python3.10/dist-packages/msgs_srvs'...\n"}
[21.705834] (msgs_srvs) StdoutLine: {'line': b"Compiling '/ros2_ws/install/msgs_srvs/local/lib/python3.10/dist-packages/msgs_srvs/__init__.py'...\n"}
[21.705984] (msgs_srvs) StdoutLine: {'line': b"Listing '/ros2_ws/install/msgs_srvs/local/lib/python3.10/dist-packages/msgs_srvs/msg'...\n"}
[21.706082] (msgs_srvs) StdoutLine: {'line': b"Compiling '/ros2_ws/install/msgs_srvs/local/lib/python3.10/dist-packages/msgs_srvs/msg/__init__.py'...\n"}
[21.706166] (msgs_srvs) StdoutLine: {'line': b"Compiling '/ros2_ws/install/msgs_srvs/local/lib/python3.10/dist-packages/msgs_srvs/msg/_button_state.py'...\n"}
[21.706241] (msgs_srvs) StdoutLine: {'line': b"Compiling '/ros2_ws/install/msgs_srvs/local/lib/python3.10/dist-packages/msgs_srvs/msg/_buzzer_state.py'...\n"}
[21.706312] (msgs_srvs) StdoutLine: {'line': b"Compiling '/ros2_ws/install/msgs_srvs/local/lib/python3.10/dist-packages/msgs_srvs/msg/_led_state.py'...\n"}
[21.706383] (msgs_srvs) StdoutLine: {'line': b"Compiling '/ros2_ws/install/msgs_srvs/local/lib/python3.10/dist-packages/msgs_srvs/msg/_motor_state.py'...\n"}
[21.706450] (msgs_srvs) StdoutLine: {'line': b"Compiling '/ros2_ws/install/msgs_srvs/local/lib/python3.10/dist-packages/msgs_srvs/msg/_motors_state.py'...\n"}
[21.706517] (msgs_srvs) StdoutLine: {'line': b"Compiling '/ros2_ws/install/msgs_srvs/local/lib/python3.10/dist-packages/msgs_srvs/msg/_pwm_servo_state.py'...\n"}
[21.706620] (msgs_srvs) StdoutLine: {'line': b"Compiling '/ros2_ws/install/msgs_srvs/local/lib/python3.10/dist-packages/msgs_srvs/msg/_pwm_servo_state_duration.py'...\n"}
[21.706700] (msgs_srvs) StdoutLine: {'line': b"Compiling '/ros2_ws/install/msgs_srvs/local/lib/python3.10/dist-packages/msgs_srvs/msg/_sbus.py'...\n"}
[21.706799] (msgs_srvs) StdoutLine: {'line': b"Listing '/ros2_ws/install/msgs_srvs/local/lib/python3.10/dist-packages/msgs_srvs/srv'...\n"}
[21.706877] (msgs_srvs) StdoutLine: {'line': b"Compiling '/ros2_ws/install/msgs_srvs/local/lib/python3.10/dist-packages/msgs_srvs/srv/__init__.py'...\n"}
[21.706966] (msgs_srvs) StdoutLine: {'line': b"Compiling '/ros2_ws/install/msgs_srvs/local/lib/python3.10/dist-packages/msgs_srvs/srv/_pwm_servo_state.py'...\n"}
[21.725405] (msgs_srvs) StdoutLine: {'line': b'-- Installing: /ros2_ws/install/msgs_srvs/lib/libmsgs_srvs__rosidl_generator_py.so\n'}
[21.726917] (msgs_srvs) StdoutLine: {'line': b'-- Set runtime path of "/ros2_ws/install/msgs_srvs/lib/libmsgs_srvs__rosidl_generator_py.so" to ""\n'}
[21.728149] (msgs_srvs) StdoutLine: {'line': b'-- Up-to-date: /ros2_ws/install/msgs_srvs/share/msgs_srvs/cmake/export_msgs_srvs__rosidl_generator_cExport.cmake\n'}
[21.729157] (msgs_srvs) StdoutLine: {'line': b'-- Up-to-date: /ros2_ws/install/msgs_srvs/share/msgs_srvs/cmake/export_msgs_srvs__rosidl_generator_cExport-noconfig.cmake\n'}
[21.729626] (msgs_srvs) StdoutLine: {'line': b'-- Up-to-date: /ros2_ws/install/msgs_srvs/share/msgs_srvs/cmake/export_msgs_srvs__rosidl_typesupport_fastrtps_cExport.cmake\n'}
[21.730102] (msgs_srvs) StdoutLine: {'line': b'-- Up-to-date: /ros2_ws/install/msgs_srvs/share/msgs_srvs/cmake/export_msgs_srvs__rosidl_typesupport_fastrtps_cExport-noconfig.cmake\n'}
[21.731418] (msgs_srvs) StdoutLine: {'line': b'-- Up-to-date: /ros2_ws/install/msgs_srvs/share/msgs_srvs/cmake/export_msgs_srvs__rosidl_generator_cppExport.cmake\n'}
[21.733035] (msgs_srvs) StdoutLine: {'line': b'-- Up-to-date: /ros2_ws/install/msgs_srvs/share/msgs_srvs/cmake/export_msgs_srvs__rosidl_typesupport_fastrtps_cppExport.cmake\n'}
[21.734343] (msgs_srvs) StdoutLine: {'line': b'-- Up-to-date: /ros2_ws/install/msgs_srvs/share/msgs_srvs/cmake/export_msgs_srvs__rosidl_typesupport_fastrtps_cppExport-noconfig.cmake\n'}
[21.734619] (msgs_srvs) StdoutLine: {'line': b'-- Up-to-date: /ros2_ws/install/msgs_srvs/share/msgs_srvs/cmake/msgs_srvs__rosidl_typesupport_introspection_cExport.cmake\n'}
[21.734726] (msgs_srvs) StdoutLine: {'line': b'-- Up-to-date: /ros2_ws/install/msgs_srvs/share/msgs_srvs/cmake/msgs_srvs__rosidl_typesupport_introspection_cExport-noconfig.cmake\n'}
[21.734800] (msgs_srvs) StdoutLine: {'line': b'-- Up-to-date: /ros2_ws/install/msgs_srvs/share/msgs_srvs/cmake/msgs_srvs__rosidl_typesupport_cExport.cmake\n'}
[21.734865] (msgs_srvs) StdoutLine: {'line': b'-- Up-to-date: /ros2_ws/install/msgs_srvs/share/msgs_srvs/cmake/msgs_srvs__rosidl_typesupport_cExport-noconfig.cmake\n'}
[21.734928] (msgs_srvs) StdoutLine: {'line': b'-- Up-to-date: /ros2_ws/install/msgs_srvs/share/msgs_srvs/cmake/msgs_srvs__rosidl_typesupport_introspection_cppExport.cmake\n'}
[21.734991] (msgs_srvs) StdoutLine: {'line': b'-- Up-to-date: /ros2_ws/install/msgs_srvs/share/msgs_srvs/cmake/msgs_srvs__rosidl_typesupport_introspection_cppExport-noconfig.cmake\n'}
[21.735053] (msgs_srvs) StdoutLine: {'line': b'-- Up-to-date: /ros2_ws/install/msgs_srvs/share/msgs_srvs/cmake/msgs_srvs__rosidl_typesupport_cppExport.cmake\n'}
[21.735117] (msgs_srvs) StdoutLine: {'line': b'-- Up-to-date: /ros2_ws/install/msgs_srvs/share/msgs_srvs/cmake/msgs_srvs__rosidl_typesupport_cppExport-noconfig.cmake\n'}
[21.735179] (msgs_srvs) StdoutLine: {'line': b'-- Up-to-date: /ros2_ws/install/msgs_srvs/share/msgs_srvs/cmake/export_msgs_srvs__rosidl_generator_pyExport.cmake\n'}
[21.735242] (msgs_srvs) StdoutLine: {'line': b'-- Up-to-date: /ros2_ws/install/msgs_srvs/share/msgs_srvs/cmake/export_msgs_srvs__rosidl_generator_pyExport-noconfig.cmake\n'}
[21.737543] (msgs_srvs) CommandEnded: {'returncode': 0}
[21.771544] (msgs_srvs) JobEnded: {'identifier': 'msgs_srvs', 'rc': 0}
[21.772513] (-) EventReactorShutdown: {}
