[0.000000] (-) TimerEvent: {}
[0.000452] (driver) JobQueued: {'identifier': 'driver', 'dependencies': OrderedDict()}
[0.000816] (msgs_srvs) JobQueued: {'identifier': 'msgs_srvs', 'dependencies': OrderedDict()}
[0.001137] (oradar_lidar) JobQueued: {'identifier': 'oradar_lidar', 'dependencies': OrderedDict()}
[0.001160] (driver) JobStarted: {'identifier': 'driver'}
[0.022890] (msgs_srvs) JobStarted: {'identifier': 'msgs_srvs'}
[0.041495] (oradar_lidar) JobStarted: {'identifier': 'oradar_lidar'}
[0.099574] (-) TimerEvent: {}
[0.200261] (-) TimerEvent: {}
[0.301580] (-) TimerEvent: {}
[0.401945] (-) TimerEvent: {}
[0.502317] (-) TimerEvent: {}
[0.517189] (msgs_srvs) JobProgress: {'identifier': 'msgs_srvs', 'progress': 'cmake'}
[0.517978] (msgs_srvs) Command: {'cmd': ['/usr/bin/cmake', '/ros2_ws/src/msgs_srvs', '-DAMENT_CMAKE_SYMLINK_INSTALL=1', '-DCMAKE_INSTALL_PREFIX=/ros2_ws/install/msgs_srvs'], 'cwd': '/ros2_ws/build/msgs_srvs', 'env': OrderedDict([('VNCDESKTOP', 'TurboVNC: tarzan-desktop:1 ()'), ('LESSOPEN', '| /usr/bin/lesspipe %s'), ('HOSTNAME', 'tarzan-desktop'), ('SSH_AGENT_PID', '183'), ('SHLVL', '2'), ('LD_LIBRARY_PATH', '/ros2_ws/install/msgs_srvs/lib:/opt/ros/humble/opt/rviz_ogre_vendor/lib:/opt/ros/humble/lib/aarch64-linux-gnu:/opt/ros/humble/lib'), ('HOME', '/root'), ('OLDPWD', '/'), ('DESKTOP_SESSION', 'xfce'), ('PANEL_GDK_CORE_DEVICE_EVENTS', '0'), ('ROS_PYTHON_VERSION', '3'), ('DBUS_SESSION_BUS_ADDRESS', 'unix:abstract=/tmp/dbus-wO67F6SAYB,guid=fd8027fa05f1ceab7ac91ac467ba2ea2'), ('COLORTERM', 'truecolor'), ('COLCON_PREFIX_PATH', '/ros2_ws/install'), ('ROS_DISTRO', 'humble'), ('VGL_PROBEGLX', '0'), ('WINDOWID', '41943043'), ('FONT_ENCODINGS_DIRECTORY', '/usr/share/fonts/X11/encodings'), ('_', '/usr/bin/colcon'), ('ROS_VERSION', '2'), ('TERM', 'xterm-256color'), ('SSH_AUTH_SOCk', '/ssh-agent'), ('ROS_LOCALHOST_ONLY', '0'), ('PATH', '/ros2_ws/install/oradar_lidar/bin:/opt/ros/humble/bin:/usr/local/sbin:/usr/local/bin:/usr/sbin:/usr/bin:/sbin:/bin'), ('SESSION_MANAGER', 'local/tarzan-desktop:@/tmp/.ICE-unix/133,unix/tarzan-desktop:/tmp/.ICE-unix/133'), ('XDG_MENU_PREFIX', 'xfce-'), ('VGL_COMPRESS', '0'), ('DISPLAY', ':1.0'), ('LANG', 'en_US.UTF-8'), ('XDG_CURRENT_DESKTOP', 'XFCE'), ('LS_COLORS', 'rs=0:di=01;34:ln=01;36:mh=00:pi=40;33:so=01;35:do=01;35:bd=40;33;01:cd=40;33;01:or=40;31;01:mi=00:su=37;41:sg=30;43:ca=30;41:tw=30;42:ow=34;42:st=37;44:ex=01;32:*.tar=01;31:*.tgz=01;31:*.arc=01;31:*.arj=01;31:*.taz=01;31:*.lha=01;31:*.lz4=01;31:*.lzh=01;31:*.lzma=01;31:*.tlz=01;31:*.txz=01;31:*.tzo=01;31:*.t7z=01;31:*.zip=01;31:*.z=01;31:*.dz=01;31:*.gz=01;31:*.lrz=01;31:*.lz=01;31:*.lzo=01;31:*.xz=01;31:*.zst=01;31:*.tzst=01;31:*.bz2=01;31:*.bz=01;31:*.tbz=01;31:*.tbz2=01;31:*.tz=01;31:*.deb=01;31:*.rpm=01;31:*.jar=01;31:*.war=01;31:*.ear=01;31:*.sar=01;31:*.rar=01;31:*.alz=01;31:*.ace=01;31:*.zoo=01;31:*.cpio=01;31:*.7z=01;31:*.rz=01;31:*.cab=01;31:*.wim=01;31:*.swm=01;31:*.dwm=01;31:*.esd=01;31:*.jpg=01;35:*.jpeg=01;35:*.mjpg=01;35:*.mjpeg=01;35:*.gif=01;35:*.bmp=01;35:*.pbm=01;35:*.pgm=01;35:*.ppm=01;35:*.tga=01;35:*.xbm=01;35:*.xpm=01;35:*.tif=01;35:*.tiff=01;35:*.png=01;35:*.svg=01;35:*.svgz=01;35:*.mng=01;35:*.pcx=01;35:*.mov=01;35:*.mpg=01;35:*.mpeg=01;35:*.m2v=01;35:*.mkv=01;35:*.webm=01;35:*.webp=01;35:*.ogm=01;35:*.mp4=01;35:*.m4v=01;35:*.mp4v=01;35:*.vob=01;35:*.qt=01;35:*.nuv=01;35:*.wmv=01;35:*.asf=01;35:*.rm=01;35:*.rmvb=01;35:*.flc=01;35:*.avi=01;35:*.fli=01;35:*.flv=01;35:*.gl=01;35:*.dl=01;35:*.xcf=01;35:*.xwd=01;35:*.yuv=01;35:*.cgm=01;35:*.emf=01;35:*.ogv=01;35:*.ogx=01;35:*.aac=00;36:*.au=00;36:*.flac=00;36:*.m4a=00;36:*.mid=00;36:*.midi=00;36:*.mka=00;36:*.mp3=00;36:*.mpc=00;36:*.ogg=00;36:*.ra=00;36:*.wav=00;36:*.oga=00;36:*.opus=00;36:*.spx=00;36:*.xspf=00;36:'), ('SSH_AUTH_SOCK', '/ssh-agent'), ('AMENT_PREFIX_PATH', '/ros2_ws/install/oradar_lidar:/ros2_ws/install/msgs_srvs:/ros2_ws/install/driver:/opt/ros/humble'), ('DEBIAN_FRONTEND', 'noninteractive'), ('LESSCLOSE', '/usr/bin/lesspipe %s %s'), ('PWD', '/ros2_ws/build/msgs_srvs'), ('XDG_CONFIG_DIRS', '/etc/xdg'), ('XDG_DATA_DIRS', '/usr/local/share:/usr/share'), ('PYTHONPATH', '/ros2_ws/install/msgs_srvs/local/lib/python3.10/dist-packages:/ros2_ws/install/driver/lib/python3.10/site-packages:/opt/ros/humble/lib/python3.10/site-packages:/opt/ros/humble/local/lib/python3.10/dist-packages'), ('COLCON', '1'), ('VTE_VERSION', '6800'), ('CMAKE_PREFIX_PATH', '/ros2_ws/install/oradar_lidar:/ros2_ws/install/msgs_srvs:/ros2_ws/install/driver:/opt/ros/humble')]), 'shell': False}
[0.523647] (oradar_lidar) JobProgress: {'identifier': 'oradar_lidar', 'progress': 'cmake'}
[0.524326] (oradar_lidar) Command: {'cmd': ['/usr/bin/cmake', '/ros2_ws/src/p2117_ros/oradar_ros', '-DAMENT_CMAKE_SYMLINK_INSTALL=1', '-DCMAKE_INSTALL_PREFIX=/ros2_ws/install/oradar_lidar'], 'cwd': '/ros2_ws/build/oradar_lidar', 'env': OrderedDict([('VNCDESKTOP', 'TurboVNC: tarzan-desktop:1 ()'), ('LESSOPEN', '| /usr/bin/lesspipe %s'), ('HOSTNAME', 'tarzan-desktop'), ('SSH_AGENT_PID', '183'), ('SHLVL', '2'), ('LD_LIBRARY_PATH', '/ros2_ws/install/msgs_srvs/lib:/opt/ros/humble/opt/rviz_ogre_vendor/lib:/opt/ros/humble/lib/aarch64-linux-gnu:/opt/ros/humble/lib'), ('HOME', '/root'), ('OLDPWD', '/'), ('DESKTOP_SESSION', 'xfce'), ('PANEL_GDK_CORE_DEVICE_EVENTS', '0'), ('ROS_PYTHON_VERSION', '3'), ('DBUS_SESSION_BUS_ADDRESS', 'unix:abstract=/tmp/dbus-wO67F6SAYB,guid=fd8027fa05f1ceab7ac91ac467ba2ea2'), ('COLORTERM', 'truecolor'), ('COLCON_PREFIX_PATH', '/ros2_ws/install'), ('ROS_DISTRO', 'humble'), ('VGL_PROBEGLX', '0'), ('WINDOWID', '41943043'), ('FONT_ENCODINGS_DIRECTORY', '/usr/share/fonts/X11/encodings'), ('_', '/usr/bin/colcon'), ('ROS_VERSION', '2'), ('TERM', 'xterm-256color'), ('SSH_AUTH_SOCk', '/ssh-agent'), ('ROS_LOCALHOST_ONLY', '0'), ('PATH', '/ros2_ws/install/oradar_lidar/bin:/opt/ros/humble/bin:/usr/local/sbin:/usr/local/bin:/usr/sbin:/usr/bin:/sbin:/bin'), ('SESSION_MANAGER', 'local/tarzan-desktop:@/tmp/.ICE-unix/133,unix/tarzan-desktop:/tmp/.ICE-unix/133'), ('XDG_MENU_PREFIX', 'xfce-'), ('VGL_COMPRESS', '0'), ('DISPLAY', ':1.0'), ('LANG', 'en_US.UTF-8'), ('XDG_CURRENT_DESKTOP', 'XFCE'), ('LS_COLORS', 'rs=0:di=01;34:ln=01;36:mh=00:pi=40;33:so=01;35:do=01;35:bd=40;33;01:cd=40;33;01:or=40;31;01:mi=00:su=37;41:sg=30;43:ca=30;41:tw=30;42:ow=34;42:st=37;44:ex=01;32:*.tar=01;31:*.tgz=01;31:*.arc=01;31:*.arj=01;31:*.taz=01;31:*.lha=01;31:*.lz4=01;31:*.lzh=01;31:*.lzma=01;31:*.tlz=01;31:*.txz=01;31:*.tzo=01;31:*.t7z=01;31:*.zip=01;31:*.z=01;31:*.dz=01;31:*.gz=01;31:*.lrz=01;31:*.lz=01;31:*.lzo=01;31:*.xz=01;31:*.zst=01;31:*.tzst=01;31:*.bz2=01;31:*.bz=01;31:*.tbz=01;31:*.tbz2=01;31:*.tz=01;31:*.deb=01;31:*.rpm=01;31:*.jar=01;31:*.war=01;31:*.ear=01;31:*.sar=01;31:*.rar=01;31:*.alz=01;31:*.ace=01;31:*.zoo=01;31:*.cpio=01;31:*.7z=01;31:*.rz=01;31:*.cab=01;31:*.wim=01;31:*.swm=01;31:*.dwm=01;31:*.esd=01;31:*.jpg=01;35:*.jpeg=01;35:*.mjpg=01;35:*.mjpeg=01;35:*.gif=01;35:*.bmp=01;35:*.pbm=01;35:*.pgm=01;35:*.ppm=01;35:*.tga=01;35:*.xbm=01;35:*.xpm=01;35:*.tif=01;35:*.tiff=01;35:*.png=01;35:*.svg=01;35:*.svgz=01;35:*.mng=01;35:*.pcx=01;35:*.mov=01;35:*.mpg=01;35:*.mpeg=01;35:*.m2v=01;35:*.mkv=01;35:*.webm=01;35:*.webp=01;35:*.ogm=01;35:*.mp4=01;35:*.m4v=01;35:*.mp4v=01;35:*.vob=01;35:*.qt=01;35:*.nuv=01;35:*.wmv=01;35:*.asf=01;35:*.rm=01;35:*.rmvb=01;35:*.flc=01;35:*.avi=01;35:*.fli=01;35:*.flv=01;35:*.gl=01;35:*.dl=01;35:*.xcf=01;35:*.xwd=01;35:*.yuv=01;35:*.cgm=01;35:*.emf=01;35:*.ogv=01;35:*.ogx=01;35:*.aac=00;36:*.au=00;36:*.flac=00;36:*.m4a=00;36:*.mid=00;36:*.midi=00;36:*.mka=00;36:*.mp3=00;36:*.mpc=00;36:*.ogg=00;36:*.ra=00;36:*.wav=00;36:*.oga=00;36:*.opus=00;36:*.spx=00;36:*.xspf=00;36:'), ('SSH_AUTH_SOCK', '/ssh-agent'), ('AMENT_PREFIX_PATH', '/ros2_ws/install/oradar_lidar:/ros2_ws/install/msgs_srvs:/ros2_ws/install/driver:/opt/ros/humble'), ('DEBIAN_FRONTEND', 'noninteractive'), ('LESSCLOSE', '/usr/bin/lesspipe %s %s'), ('PWD', '/ros2_ws/build/oradar_lidar'), ('XDG_CONFIG_DIRS', '/etc/xdg'), ('XDG_DATA_DIRS', '/usr/local/share:/usr/share'), ('PYTHONPATH', '/ros2_ws/install/msgs_srvs/local/lib/python3.10/dist-packages:/ros2_ws/install/driver/lib/python3.10/site-packages:/opt/ros/humble/lib/python3.10/site-packages:/opt/ros/humble/local/lib/python3.10/dist-packages'), ('COLCON', '1'), ('VTE_VERSION', '6800'), ('CMAKE_PREFIX_PATH', '/ros2_ws/install/oradar_lidar:/ros2_ws/install/msgs_srvs:/ros2_ws/install/driver:/opt/ros/humble')]), 'shell': False}
[0.603546] (-) TimerEvent: {}
[0.704508] (-) TimerEvent: {}
[0.804918] (-) TimerEvent: {}
[0.904319] (msgs_srvs) StdoutLine: {'line': b'-- The C compiler identification is GNU 11.4.0\n'}
[0.905006] (-) TimerEvent: {}
[0.905524] (oradar_lidar) StdoutLine: {'line': b'-- The C compiler identification is GNU 11.4.0\n'}
[1.005132] (-) TimerEvent: {}
[1.105577] (-) TimerEvent: {}
[1.197362] (driver) Command: {'cmd': ['/usr/bin/python3', '-W', 'ignore:setup.py install is deprecated', '-W', 'ignore:easy_install command is deprecated', 'setup.py', 'develop', '--editable', '--build-directory', '/ros2_ws/build/driver/build', '--no-deps', 'symlink_data', '--force'], 'cwd': '/ros2_ws/build/driver', 'env': {'VNCDESKTOP': 'TurboVNC: tarzan-desktop:1 ()', 'LESSOPEN': '| /usr/bin/lesspipe %s', 'HOSTNAME': 'tarzan-desktop', 'SSH_AGENT_PID': '183', 'SHLVL': '2', 'LD_LIBRARY_PATH': '/ros2_ws/install/msgs_srvs/lib:/opt/ros/humble/opt/rviz_ogre_vendor/lib:/opt/ros/humble/lib/aarch64-linux-gnu:/opt/ros/humble/lib', 'HOME': '/root', 'OLDPWD': '/', 'DESKTOP_SESSION': 'xfce', 'PANEL_GDK_CORE_DEVICE_EVENTS': '0', 'ROS_PYTHON_VERSION': '3', 'DBUS_SESSION_BUS_ADDRESS': 'unix:abstract=/tmp/dbus-wO67F6SAYB,guid=fd8027fa05f1ceab7ac91ac467ba2ea2', 'COLORTERM': 'truecolor', 'COLCON_PREFIX_PATH': '/ros2_ws/install', 'ROS_DISTRO': 'humble', 'VGL_PROBEGLX': '0', 'WINDOWID': '41943043', 'FONT_ENCODINGS_DIRECTORY': '/usr/share/fonts/X11/encodings', '_': '/usr/bin/colcon', 'ROS_VERSION': '2', 'TERM': 'xterm-256color', 'SSH_AUTH_SOCk': '/ssh-agent', 'ROS_LOCALHOST_ONLY': '0', 'PATH': '/ros2_ws/install/oradar_lidar/bin:/opt/ros/humble/bin:/usr/local/sbin:/usr/local/bin:/usr/sbin:/usr/bin:/sbin:/bin', 'SESSION_MANAGER': 'local/tarzan-desktop:@/tmp/.ICE-unix/133,unix/tarzan-desktop:/tmp/.ICE-unix/133', 'XDG_MENU_PREFIX': 'xfce-', 'VGL_COMPRESS': '0', 'DISPLAY': ':1.0', 'LANG': 'en_US.UTF-8', 'XDG_CURRENT_DESKTOP': 'XFCE', 'LS_COLORS': 'rs=0:di=01;34:ln=01;36:mh=00:pi=40;33:so=01;35:do=01;35:bd=40;33;01:cd=40;33;01:or=40;31;01:mi=00:su=37;41:sg=30;43:ca=30;41:tw=30;42:ow=34;42:st=37;44:ex=01;32:*.tar=01;31:*.tgz=01;31:*.arc=01;31:*.arj=01;31:*.taz=01;31:*.lha=01;31:*.lz4=01;31:*.lzh=01;31:*.lzma=01;31:*.tlz=01;31:*.txz=01;31:*.tzo=01;31:*.t7z=01;31:*.zip=01;31:*.z=01;31:*.dz=01;31:*.gz=01;31:*.lrz=01;31:*.lz=01;31:*.lzo=01;31:*.xz=01;31:*.zst=01;31:*.tzst=01;31:*.bz2=01;31:*.bz=01;31:*.tbz=01;31:*.tbz2=01;31:*.tz=01;31:*.deb=01;31:*.rpm=01;31:*.jar=01;31:*.war=01;31:*.ear=01;31:*.sar=01;31:*.rar=01;31:*.alz=01;31:*.ace=01;31:*.zoo=01;31:*.cpio=01;31:*.7z=01;31:*.rz=01;31:*.cab=01;31:*.wim=01;31:*.swm=01;31:*.dwm=01;31:*.esd=01;31:*.jpg=01;35:*.jpeg=01;35:*.mjpg=01;35:*.mjpeg=01;35:*.gif=01;35:*.bmp=01;35:*.pbm=01;35:*.pgm=01;35:*.ppm=01;35:*.tga=01;35:*.xbm=01;35:*.xpm=01;35:*.tif=01;35:*.tiff=01;35:*.png=01;35:*.svg=01;35:*.svgz=01;35:*.mng=01;35:*.pcx=01;35:*.mov=01;35:*.mpg=01;35:*.mpeg=01;35:*.m2v=01;35:*.mkv=01;35:*.webm=01;35:*.webp=01;35:*.ogm=01;35:*.mp4=01;35:*.m4v=01;35:*.mp4v=01;35:*.vob=01;35:*.qt=01;35:*.nuv=01;35:*.wmv=01;35:*.asf=01;35:*.rm=01;35:*.rmvb=01;35:*.flc=01;35:*.avi=01;35:*.fli=01;35:*.flv=01;35:*.gl=01;35:*.dl=01;35:*.xcf=01;35:*.xwd=01;35:*.yuv=01;35:*.cgm=01;35:*.emf=01;35:*.ogv=01;35:*.ogx=01;35:*.aac=00;36:*.au=00;36:*.flac=00;36:*.m4a=00;36:*.mid=00;36:*.midi=00;36:*.mka=00;36:*.mp3=00;36:*.mpc=00;36:*.ogg=00;36:*.ra=00;36:*.wav=00;36:*.oga=00;36:*.opus=00;36:*.spx=00;36:*.xspf=00;36:', 'SSH_AUTH_SOCK': '/ssh-agent', 'AMENT_PREFIX_PATH': '/ros2_ws/install/oradar_lidar:/ros2_ws/install/msgs_srvs:/ros2_ws/install/driver:/opt/ros/humble', 'DEBIAN_FRONTEND': 'noninteractive', 'LESSCLOSE': '/usr/bin/lesspipe %s %s', 'PWD': '/ros2_ws/build/driver', 'XDG_CONFIG_DIRS': '/etc/xdg', 'XDG_DATA_DIRS': '/usr/local/share:/usr/share', 'PYTHONPATH': '/ros2_ws/build/driver/prefix_override:/usr/lib/python3/dist-packages/colcon_core/task/python/colcon_distutils_commands:/ros2_ws/install/driver/lib/python3.10/site-packages:/ros2_ws/install/msgs_srvs/local/lib/python3.10/dist-packages:/ros2_ws/install/driver/lib/python3.10/site-packages:/opt/ros/humble/lib/python3.10/site-packages:/opt/ros/humble/local/lib/python3.10/dist-packages', 'COLCON': '1', 'VTE_VERSION': '6800', 'CMAKE_PREFIX_PATH': '/ros2_ws/install/oradar_lidar:/ros2_ws/install/msgs_srvs'}, 'shell': False}
[1.205675] (-) TimerEvent: {}
[1.306035] (-) TimerEvent: {}
[1.406898] (-) TimerEvent: {}
[1.433605] (msgs_srvs) StdoutLine: {'line': b'-- The CXX compiler identification is GNU 11.4.0\n'}
[1.434078] (oradar_lidar) StdoutLine: {'line': b'-- The CXX compiler identification is GNU 11.4.0\n'}
[1.467458] (oradar_lidar) StdoutLine: {'line': b'-- Detecting C compiler ABI info\n'}
[1.468670] (msgs_srvs) StdoutLine: {'line': b'-- Detecting C compiler ABI info\n'}
[1.507029] (-) TimerEvent: {}
[1.607452] (-) TimerEvent: {}
[1.678835] (oradar_lidar) StdoutLine: {'line': b'-- Detecting C compiler ABI info - done\n'}
[1.681420] (msgs_srvs) StdoutLine: {'line': b'-- Detecting C compiler ABI info - done\n'}
[1.690128] (oradar_lidar) StdoutLine: {'line': b'-- Check for working C compiler: /usr/bin/cc - skipped\n'}
[1.692118] (msgs_srvs) StdoutLine: {'line': b'-- Check for working C compiler: /usr/bin/cc - skipped\n'}
[1.696528] (oradar_lidar) StdoutLine: {'line': b'-- Detecting C compile features\n'}
[1.696793] (msgs_srvs) StdoutLine: {'line': b'-- Detecting C compile features\n'}
[1.697633] (oradar_lidar) StdoutLine: {'line': b'-- Detecting C compile features - done\n'}
[1.699896] (msgs_srvs) StdoutLine: {'line': b'-- Detecting C compile features - done\n'}
[1.702635] (oradar_lidar) StdoutLine: {'line': b'-- Detecting CXX compiler ABI info\n'}
[1.702996] (msgs_srvs) StdoutLine: {'line': b'-- Detecting CXX compiler ABI info\n'}
[1.707558] (-) TimerEvent: {}
[1.709943] (driver) StdoutLine: {'line': b'running develop\n'}
[1.807696] (-) TimerEvent: {}
[1.908943] (-) TimerEvent: {}
[1.918555] (oradar_lidar) StdoutLine: {'line': b'-- Detecting CXX compiler ABI info - done\n'}
[1.929904] (msgs_srvs) StdoutLine: {'line': b'-- Detecting CXX compiler ABI info - done\n'}
[1.930922] (oradar_lidar) StdoutLine: {'line': b'-- Check for working CXX compiler: /usr/bin/c++ - skipped\n'}
[1.931339] (oradar_lidar) StdoutLine: {'line': b'-- Detecting CXX compile features\n'}
[1.932024] (oradar_lidar) StdoutLine: {'line': b'-- Detecting CXX compile features - done\n'}
[1.943033] (msgs_srvs) StdoutLine: {'line': b'-- Check for working CXX compiler: /usr/bin/c++ - skipped\n'}
[1.948195] (msgs_srvs) StdoutLine: {'line': b'-- Detecting CXX compile features\n'}
[1.948473] (msgs_srvs) StdoutLine: {'line': b'-- Detecting CXX compile features - done\n'}
[1.960073] (msgs_srvs) StdoutLine: {'line': b'-- Found ament_cmake: 1.3.11 (/opt/ros/humble/share/ament_cmake/cmake)\n'}
[1.972283] (oradar_lidar) StderrLine: {'line': b'\x1b[0m=============================================================\x1b[0m\n'}
[1.972603] (oradar_lidar) StderrLine: {'line': b'\x1b[0m-- ROS Not Found, Ros Support is turned Off!\x1b[0m\n'}
[1.972711] (oradar_lidar) StderrLine: {'line': b'\x1b[0m=============================================================\x1b[0m\n'}
[2.009839] (-) TimerEvent: {}
[2.033675] (driver) StdoutLine: {'line': b'running egg_info\n'}
[2.034077] (driver) StdoutLine: {'line': b'writing driver.egg-info/PKG-INFO\n'}
[2.034436] (driver) StdoutLine: {'line': b'writing dependency_links to driver.egg-info/dependency_links.txt\n'}
[2.042626] (driver) StdoutLine: {'line': b'writing entry points to driver.egg-info/entry_points.txt\n'}
[2.042951] (driver) StdoutLine: {'line': b'writing requirements to driver.egg-info/requires.txt\n'}
[2.043130] (driver) StdoutLine: {'line': b'writing top-level names to driver.egg-info/top_level.txt\n'}
[2.063048] (driver) StdoutLine: {'line': b"reading manifest file 'driver.egg-info/SOURCES.txt'\n"}
[2.070076] (driver) StdoutLine: {'line': b"writing manifest file 'driver.egg-info/SOURCES.txt'\n"}
[2.074721] (driver) StdoutLine: {'line': b'running build_ext\n'}
[2.075083] (driver) StdoutLine: {'line': b'Creating /ros2_ws/install/driver/lib/python3.10/site-packages/driver.egg-link (link to .)\n'}
[2.076736] (driver) StdoutLine: {'line': b'Installing control_manager script to /ros2_ws/install/driver/lib/driver\n'}
[2.077378] (driver) StdoutLine: {'line': b'\n'}
[2.077544] (driver) StdoutLine: {'line': b'Installed /ros2_ws/build/driver\n'}
[2.077623] (driver) StdoutLine: {'line': b'running symlink_data\n'}
[2.078897] (driver) StdoutLine: {'line': b'symbolically linking /ros2_ws/build/driver/resource/driver -> /ros2_ws/install/driver/share/ament_index/resource_index/packages\n'}
[2.079161] (driver) StdoutLine: {'line': b'symbolically linking /ros2_ws/build/driver/package.xml -> /ros2_ws/install/driver/share/driver\n'}
[2.110031] (-) TimerEvent: {}
[2.211579] (-) TimerEvent: {}
[2.217834] (driver) CommandEnded: {'returncode': 0}
[2.274236] (driver) JobEnded: {'identifier': 'driver', 'rc': 0}
[2.311874] (-) TimerEvent: {}
[2.413838] (-) TimerEvent: {}
[2.414393] (msgs_srvs) StdoutLine: {'line': b'-- Found Python3: /usr/bin/python3 (found version "3.10.12") found components: Interpreter \n'}
[2.459356] (oradar_lidar) StdoutLine: {'line': b'-- Found Python3: /usr/bin/python3 (found version "3.10.12") found components: Interpreter \n'}
[2.513996] (-) TimerEvent: {}
[2.588131] (msgs_srvs) StdoutLine: {'line': b'-- Override CMake install command with custom implementation using symlinks instead of copying resources\n'}
[2.612391] (oradar_lidar) StdoutLine: {'line': b'-- Override CMake install command with custom implementation using symlinks instead of copying resources\n'}
[2.614073] (-) TimerEvent: {}
[2.632122] (msgs_srvs) StdoutLine: {'line': b'-- Found builtin_interfaces: 1.2.1 (/opt/ros/humble/share/builtin_interfaces/cmake)\n'}
[2.688326] (msgs_srvs) StdoutLine: {'line': b'-- Found rosidl_generator_c: 3.1.6 (/opt/ros/humble/share/rosidl_generator_c/cmake)\n'}
[2.701207] (msgs_srvs) StdoutLine: {'line': b'-- Found rosidl_adapter: 3.1.6 (/opt/ros/humble/share/rosidl_adapter/cmake)\n'}
[2.712625] (msgs_srvs) StdoutLine: {'line': b'-- Found rosidl_generator_cpp: 3.1.6 (/opt/ros/humble/share/rosidl_generator_cpp/cmake)\n'}
[2.714157] (-) TimerEvent: {}
[2.715452] (oradar_lidar) StdoutLine: {'line': b'-- Found rosidl_generator_c: 3.1.6 (/opt/ros/humble/share/rosidl_generator_c/cmake)\n'}
[2.722028] (oradar_lidar) StdoutLine: {'line': b'-- Found rosidl_adapter: 3.1.6 (/opt/ros/humble/share/rosidl_adapter/cmake)\n'}
[2.729433] (msgs_srvs) StdoutLine: {'line': b'-- Using all available rosidl_typesupport_c: rosidl_typesupport_fastrtps_c;rosidl_typesupport_introspection_c\n'}
[2.733188] (oradar_lidar) StdoutLine: {'line': b'-- Found rosidl_generator_cpp: 3.1.6 (/opt/ros/humble/share/rosidl_generator_cpp/cmake)\n'}
[2.757296] (oradar_lidar) StdoutLine: {'line': b'-- Using all available rosidl_typesupport_c: rosidl_typesupport_fastrtps_c;rosidl_typesupport_introspection_c\n'}
[2.760207] (msgs_srvs) StdoutLine: {'line': b'-- Using all available rosidl_typesupport_cpp: rosidl_typesupport_fastrtps_cpp;rosidl_typesupport_introspection_cpp\n'}
[2.784182] (oradar_lidar) StdoutLine: {'line': b'-- Using all available rosidl_typesupport_cpp: rosidl_typesupport_fastrtps_cpp;rosidl_typesupport_introspection_cpp\n'}
[2.785340] (msgs_srvs) StdoutLine: {'line': b'-- Found rosidl_default_generators: 1.2.0 (/opt/ros/humble/share/rosidl_default_generators/cmake)\n'}
[2.797917] (msgs_srvs) StdoutLine: {'line': b'-- Found std_msgs: 4.2.4 (/opt/ros/humble/share/std_msgs/cmake)\n'}
[2.814292] (-) TimerEvent: {}
[2.843663] (oradar_lidar) StdoutLine: {'line': b'-- Found rmw_implementation_cmake: 6.1.2 (/opt/ros/humble/share/rmw_implementation_cmake/cmake)\n'}
[2.847058] (oradar_lidar) StdoutLine: {'line': b'-- Found rmw_fastrtps_cpp: 6.2.7 (/opt/ros/humble/share/rmw_fastrtps_cpp/cmake)\n'}
[2.914439] (-) TimerEvent: {}
[3.014979] (-) TimerEvent: {}
[3.050877] (oradar_lidar) StdoutLine: {'line': b'-- Found OpenSSL: /usr/lib/aarch64-linux-gnu/libcrypto.so (found version "3.0.2")  \n'}
[3.111161] (oradar_lidar) StdoutLine: {'line': b'-- Found FastRTPS: /opt/ros/humble/include  \n'}
[3.115109] (-) TimerEvent: {}
[3.203218] (oradar_lidar) StdoutLine: {'line': b"-- Using RMW implementation 'rmw_fastrtps_cpp' as default\n"}
[3.215235] (-) TimerEvent: {}
[3.222158] (oradar_lidar) StdoutLine: {'line': b'-- Looking for pthread.h\n'}
[3.315379] (-) TimerEvent: {}
[3.415830] (-) TimerEvent: {}
[3.423682] (oradar_lidar) StdoutLine: {'line': b'-- Looking for pthread.h - found\n'}
[3.424656] (oradar_lidar) StdoutLine: {'line': b'-- Performing Test CMAKE_HAVE_LIBC_PTHREAD\n'}
[3.444827] (msgs_srvs) StdoutLine: {'line': b'-- Found ament_cmake_ros: 0.10.0 (/opt/ros/humble/share/ament_cmake_ros/cmake)\n'}
[3.515951] (-) TimerEvent: {}
[3.599828] (oradar_lidar) StdoutLine: {'line': b'-- Performing Test CMAKE_HAVE_LIBC_PTHREAD - Success\n'}
[3.601965] (oradar_lidar) StdoutLine: {'line': b'-- Found Threads: TRUE  \n'}
[3.616083] (-) TimerEvent: {}
[3.692736] (oradar_lidar) StderrLine: {'line': b'\x1b[0m=============================================================\x1b[0m\n'}
[3.693082] (oradar_lidar) StderrLine: {'line': b'\x1b[0m-- ROS2 Found. ROS2 Support is turned On!\x1b[0m\n'}
[3.693237] (oradar_lidar) StderrLine: {'line': b'\x1b[0m=============================================================\x1b[0m\n'}
[3.695035] (oradar_lidar) StdoutLine: {'line': b'-- Found sensor_msgs: 4.2.4 (/opt/ros/humble/share/sensor_msgs/cmake)\n'}
[3.716189] (-) TimerEvent: {}
[3.747551] (oradar_lidar) StderrLine: {'line': b'\x1b[0mCMake Deprecation Warning at sdk/CMakeLists.txt:36 (cmake_policy):\n'}
[3.747873] (oradar_lidar) StderrLine: {'line': b'  The OLD behavior for policy CMP0053 will be removed from a future version\n'}
[3.747976] (oradar_lidar) StderrLine: {'line': b'  of CMake.\n'}
[3.748043] (oradar_lidar) StderrLine: {'line': b'\n'}
[3.748109] (oradar_lidar) StderrLine: {'line': b'  The cmake-policies(7) manual explains that the OLD behaviors of all\n'}
[3.748171] (oradar_lidar) StderrLine: {'line': b'  policies are deprecated and that a policy should be set to OLD only under\n'}
[3.748234] (oradar_lidar) StderrLine: {'line': b'  specific short-term circumstances.  Projects should be ported to the NEW\n'}
[3.748292] (oradar_lidar) StderrLine: {'line': b'  behavior and not rely on setting a policy to OLD.\n'}
[3.748354] (oradar_lidar) StderrLine: {'line': b'\n'}
[3.748425] (oradar_lidar) StderrLine: {'line': b'\x1b[0m\n'}
[3.748653] (oradar_lidar) StderrLine: {'line': b'\x1b[0mCMake Deprecation Warning at sdk/CMakeLists.txt:39 (cmake_policy):\n'}
[3.748761] (oradar_lidar) StderrLine: {'line': b'  The OLD behavior for policy CMP0037 will be removed from a future version\n'}
[3.748852] (oradar_lidar) StderrLine: {'line': b'  of CMake.\n'}
[3.748914] (oradar_lidar) StderrLine: {'line': b'\n'}
[3.748979] (oradar_lidar) StderrLine: {'line': b'  The cmake-policies(7) manual explains that the OLD behaviors of all\n'}
[3.749046] (oradar_lidar) StderrLine: {'line': b'  policies are deprecated and that a policy should be set to OLD only under\n'}
[3.749122] (oradar_lidar) StderrLine: {'line': b'  specific short-term circumstances.  Projects should be ported to the NEW\n'}
[3.749190] (oradar_lidar) StderrLine: {'line': b'  behavior and not rely on setting a policy to OLD.\n'}
[3.749262] (oradar_lidar) StderrLine: {'line': b'\n'}
[3.749348] (oradar_lidar) StderrLine: {'line': b'\x1b[0m\n'}
[3.749424] (oradar_lidar) StderrLine: {'line': b'\x1b[0mCMake Deprecation Warning at sdk/CMakeLists.txt:42 (cmake_policy):\n'}
[3.749489] (oradar_lidar) StderrLine: {'line': b'  The OLD behavior for policy CMP0043 will be removed from a future version\n'}
[3.749552] (oradar_lidar) StderrLine: {'line': b'  of CMake.\n'}
[3.749611] (oradar_lidar) StderrLine: {'line': b'\n'}
[3.749671] (oradar_lidar) StderrLine: {'line': b'  The cmake-policies(7) manual explains that the OLD behaviors of all\n'}
[3.749846] (oradar_lidar) StderrLine: {'line': b'  policies are deprecated and that a policy should be set to OLD only under\n'}
[3.749948] (oradar_lidar) StderrLine: {'line': b'  specific short-term circumstances.  Projects should be ported to the NEW\n'}
[3.750046] (oradar_lidar) StderrLine: {'line': b'  behavior and not rely on setting a policy to OLD.\n'}
[3.750109] (oradar_lidar) StderrLine: {'line': b'\n'}
[3.750172] (oradar_lidar) StderrLine: {'line': b'\x1b[0m\n'}
[3.750352] (oradar_lidar) StdoutLine: {'line': b'-- Could NOT find SWIG (missing: SWIG_EXECUTABLE SWIG_DIR) \n'}
[3.801414] (oradar_lidar) StdoutLine: {'line': b'-- Found PythonInterp: /usr/bin/python3.10 (found version "3.10.12") \n'}
[3.814816] (oradar_lidar) StdoutLine: {'line': b'-- Found PythonLibs: /usr/lib/aarch64-linux-gnu/libpython3.10.so (found version "3.10.12") \n'}
[3.816266] (-) TimerEvent: {}
[3.836592] (oradar_lidar) StderrLine: {'line': b'\x1b[0mCMake Deprecation Warning at sdk/cmake/install_package.cmake:101 (cmake_policy):\n'}
[3.837913] (oradar_lidar) StderrLine: {'line': b'  The OLD behavior for policy CMP0026 will be removed from a future version\n'}
[3.838110] (oradar_lidar) StderrLine: {'line': b'  of CMake.\n'}
[3.838200] (oradar_lidar) StderrLine: {'line': b'\n'}
[3.838272] (oradar_lidar) StderrLine: {'line': b'  The cmake-policies(7) manual explains that the OLD behaviors of all\n'}
[3.838339] (oradar_lidar) StderrLine: {'line': b'  policies are deprecated and that a policy should be set to OLD only under\n'}
[3.838407] (oradar_lidar) StderrLine: {'line': b'  specific short-term circumstances.  Projects should be ported to the NEW\n'}
[3.838509] (oradar_lidar) StderrLine: {'line': b'  behavior and not rely on setting a policy to OLD.\n'}
[3.838583] (oradar_lidar) StderrLine: {'line': b'Call Stack (most recent call first):\n'}
[3.838653] (oradar_lidar) StderrLine: {'line': b'  sdk/CMakeLists.txt:105 (install_package)\n'}
[3.838715] (oradar_lidar) StderrLine: {'line': b'\n'}
[3.838804] (oradar_lidar) StderrLine: {'line': b'\x1b[0m\n'}
[3.916399] (-) TimerEvent: {}
[3.999400] (oradar_lidar) StdoutLine: {'line': b'-- Configuring done\n'}
[4.016540] (-) TimerEvent: {}
[4.038468] (oradar_lidar) StdoutLine: {'line': b'-- Generating done\n'}
[4.055006] (oradar_lidar) StdoutLine: {'line': b'-- Build files have been written to: /ros2_ws/build/oradar_lidar\n'}
[4.096921] (oradar_lidar) CommandEnded: {'returncode': 0}
[4.097795] (oradar_lidar) JobProgress: {'identifier': 'oradar_lidar', 'progress': 'build'}
[4.099585] (oradar_lidar) Command: {'cmd': ['/usr/bin/cmake', '--build', '/ros2_ws/build/oradar_lidar', '--', '-j4', '-l4'], 'cwd': '/ros2_ws/build/oradar_lidar', 'env': OrderedDict([('VNCDESKTOP', 'TurboVNC: tarzan-desktop:1 ()'), ('LESSOPEN', '| /usr/bin/lesspipe %s'), ('HOSTNAME', 'tarzan-desktop'), ('SSH_AGENT_PID', '183'), ('SHLVL', '2'), ('LD_LIBRARY_PATH', '/ros2_ws/install/msgs_srvs/lib:/opt/ros/humble/opt/rviz_ogre_vendor/lib:/opt/ros/humble/lib/aarch64-linux-gnu:/opt/ros/humble/lib'), ('HOME', '/root'), ('OLDPWD', '/'), ('DESKTOP_SESSION', 'xfce'), ('PANEL_GDK_CORE_DEVICE_EVENTS', '0'), ('ROS_PYTHON_VERSION', '3'), ('DBUS_SESSION_BUS_ADDRESS', 'unix:abstract=/tmp/dbus-wO67F6SAYB,guid=fd8027fa05f1ceab7ac91ac467ba2ea2'), ('COLORTERM', 'truecolor'), ('COLCON_PREFIX_PATH', '/ros2_ws/install'), ('ROS_DISTRO', 'humble'), ('VGL_PROBEGLX', '0'), ('WINDOWID', '41943043'), ('FONT_ENCODINGS_DIRECTORY', '/usr/share/fonts/X11/encodings'), ('_', '/usr/bin/colcon'), ('ROS_VERSION', '2'), ('TERM', 'xterm-256color'), ('SSH_AUTH_SOCk', '/ssh-agent'), ('ROS_LOCALHOST_ONLY', '0'), ('PATH', '/ros2_ws/install/oradar_lidar/bin:/opt/ros/humble/bin:/usr/local/sbin:/usr/local/bin:/usr/sbin:/usr/bin:/sbin:/bin'), ('SESSION_MANAGER', 'local/tarzan-desktop:@/tmp/.ICE-unix/133,unix/tarzan-desktop:/tmp/.ICE-unix/133'), ('XDG_MENU_PREFIX', 'xfce-'), ('VGL_COMPRESS', '0'), ('DISPLAY', ':1.0'), ('LANG', 'en_US.UTF-8'), ('XDG_CURRENT_DESKTOP', 'XFCE'), ('LS_COLORS', 'rs=0:di=01;34:ln=01;36:mh=00:pi=40;33:so=01;35:do=01;35:bd=40;33;01:cd=40;33;01:or=40;31;01:mi=00:su=37;41:sg=30;43:ca=30;41:tw=30;42:ow=34;42:st=37;44:ex=01;32:*.tar=01;31:*.tgz=01;31:*.arc=01;31:*.arj=01;31:*.taz=01;31:*.lha=01;31:*.lz4=01;31:*.lzh=01;31:*.lzma=01;31:*.tlz=01;31:*.txz=01;31:*.tzo=01;31:*.t7z=01;31:*.zip=01;31:*.z=01;31:*.dz=01;31:*.gz=01;31:*.lrz=01;31:*.lz=01;31:*.lzo=01;31:*.xz=01;31:*.zst=01;31:*.tzst=01;31:*.bz2=01;31:*.bz=01;31:*.tbz=01;31:*.tbz2=01;31:*.tz=01;31:*.deb=01;31:*.rpm=01;31:*.jar=01;31:*.war=01;31:*.ear=01;31:*.sar=01;31:*.rar=01;31:*.alz=01;31:*.ace=01;31:*.zoo=01;31:*.cpio=01;31:*.7z=01;31:*.rz=01;31:*.cab=01;31:*.wim=01;31:*.swm=01;31:*.dwm=01;31:*.esd=01;31:*.jpg=01;35:*.jpeg=01;35:*.mjpg=01;35:*.mjpeg=01;35:*.gif=01;35:*.bmp=01;35:*.pbm=01;35:*.pgm=01;35:*.ppm=01;35:*.tga=01;35:*.xbm=01;35:*.xpm=01;35:*.tif=01;35:*.tiff=01;35:*.png=01;35:*.svg=01;35:*.svgz=01;35:*.mng=01;35:*.pcx=01;35:*.mov=01;35:*.mpg=01;35:*.mpeg=01;35:*.m2v=01;35:*.mkv=01;35:*.webm=01;35:*.webp=01;35:*.ogm=01;35:*.mp4=01;35:*.m4v=01;35:*.mp4v=01;35:*.vob=01;35:*.qt=01;35:*.nuv=01;35:*.wmv=01;35:*.asf=01;35:*.rm=01;35:*.rmvb=01;35:*.flc=01;35:*.avi=01;35:*.fli=01;35:*.flv=01;35:*.gl=01;35:*.dl=01;35:*.xcf=01;35:*.xwd=01;35:*.yuv=01;35:*.cgm=01;35:*.emf=01;35:*.ogv=01;35:*.ogx=01;35:*.aac=00;36:*.au=00;36:*.flac=00;36:*.m4a=00;36:*.mid=00;36:*.midi=00;36:*.mka=00;36:*.mp3=00;36:*.mpc=00;36:*.ogg=00;36:*.ra=00;36:*.wav=00;36:*.oga=00;36:*.opus=00;36:*.spx=00;36:*.xspf=00;36:'), ('SSH_AUTH_SOCK', '/ssh-agent'), ('AMENT_PREFIX_PATH', '/ros2_ws/install/oradar_lidar:/ros2_ws/install/msgs_srvs:/ros2_ws/install/driver:/opt/ros/humble'), ('DEBIAN_FRONTEND', 'noninteractive'), ('LESSCLOSE', '/usr/bin/lesspipe %s %s'), ('PWD', '/ros2_ws/build/oradar_lidar'), ('XDG_CONFIG_DIRS', '/etc/xdg'), ('XDG_DATA_DIRS', '/usr/local/share:/usr/share'), ('PYTHONPATH', '/ros2_ws/install/msgs_srvs/local/lib/python3.10/dist-packages:/ros2_ws/install/driver/lib/python3.10/site-packages:/opt/ros/humble/lib/python3.10/site-packages:/opt/ros/humble/local/lib/python3.10/dist-packages'), ('COLCON', '1'), ('VTE_VERSION', '6800'), ('CMAKE_PREFIX_PATH', '/ros2_ws/install/oradar_lidar:/ros2_ws/install/msgs_srvs:/ros2_ws/install/driver:/opt/ros/humble')]), 'shell': False}
[4.116670] (-) TimerEvent: {}
[4.193652] (msgs_srvs) StdoutLine: {'line': b'-- Using all available rosidl_typesupport_c: rosidl_typesupport_fastrtps_c;rosidl_typesupport_introspection_c\n'}
[4.215002] (oradar_lidar) StdoutLine: {'line': b'[  5%] \x1b[32mBuilding CXX object sdk/CMakeFiles/oradar_sdk.dir/core/network/PassiveSocket.cpp.o\x1b[0m\n'}
[4.215380] (oradar_lidar) StdoutLine: {'line': b'[ 10%] \x1b[32mBuilding CXX object sdk/CMakeFiles/oradar_sdk.dir/core/base/timer.cpp.o\x1b[0m\n'}
[4.215510] (oradar_lidar) StdoutLine: {'line': b'[ 15%] \x1b[32mBuilding CXX object sdk/CMakeFiles/oradar_sdk.dir/core/network/ActiveSocket.cpp.o\x1b[0m\n'}
[4.216793] (-) TimerEvent: {}
[4.225349] (oradar_lidar) StdoutLine: {'line': b'[ 20%] \x1b[32mBuilding CXX object sdk/CMakeFiles/oradar_sdk.dir/core/network/SimpleSocket.cpp.o\x1b[0m\n'}
[4.316908] (-) TimerEvent: {}
[4.417463] (-) TimerEvent: {}
[4.519437] (-) TimerEvent: {}
[4.564885] (msgs_srvs) StdoutLine: {'line': b'-- Using all available rosidl_typesupport_cpp: rosidl_typesupport_fastrtps_cpp;rosidl_typesupport_introspection_cpp\n'}
[4.619595] (-) TimerEvent: {}
[4.638109] (msgs_srvs) StdoutLine: {'line': b'-- Found PythonInterp: /usr/bin/python3 (found suitable version "3.10.12", minimum required is "3.6") \n'}
[4.640723] (msgs_srvs) StdoutLine: {'line': b'-- Found python_cmake_module: 0.10.0 (/opt/ros/humble/share/python_cmake_module/cmake)\n'}
[4.706399] (msgs_srvs) StdoutLine: {'line': b'-- Found PythonLibs: /usr/lib/aarch64-linux-gnu/libpython3.10.so (found suitable version "3.10.12", minimum required is "3.5") \n'}
[4.706842] (msgs_srvs) StdoutLine: {'line': b'-- Using PYTHON_EXECUTABLE: /usr/bin/python3\n'}
[4.707109] (msgs_srvs) StdoutLine: {'line': b'-- Using PYTHON_INCLUDE_DIRS: /usr/include/python3.10\n'}
[4.707244] (msgs_srvs) StdoutLine: {'line': b'-- Using PYTHON_LIBRARIES: /usr/lib/aarch64-linux-gnu/libpython3.10.so\n'}
[4.719856] (-) TimerEvent: {}
[4.786298] (msgs_srvs) StdoutLine: {'line': b'-- Found PythonExtra: .so  \n'}
[4.819988] (-) TimerEvent: {}
[4.921997] (-) TimerEvent: {}
[4.984446] (msgs_srvs) StdoutLine: {'line': b'-- Found ament_lint_auto: 0.12.11 (/opt/ros/humble/share/ament_lint_auto/cmake)\n'}
[5.020893] (oradar_lidar) StdoutLine: {'line': b'[ 25%] \x1b[32mBuilding CXX object sdk/CMakeFiles/oradar_sdk.dir/core/serial/serial.cpp.o\x1b[0m\n'}
[5.024901] (-) TimerEvent: {}
[5.076570] (msgs_srvs) StdoutLine: {'line': b"-- Added test 'lint_cmake' to check CMake code style\n"}
[5.081947] (msgs_srvs) StdoutLine: {'line': b"-- Added test 'xmllint' to check XML markup files\n"}
[5.086698] (msgs_srvs) StdoutLine: {'line': b'-- Configuring done\n'}
[5.127888] (-) TimerEvent: {}
[5.189017] (msgs_srvs) StdoutLine: {'line': b'-- Generating done\n'}
[5.226081] (msgs_srvs) StdoutLine: {'line': b'-- Build files have been written to: /ros2_ws/build/msgs_srvs\n'}
[5.228046] (-) TimerEvent: {}
[5.261774] (msgs_srvs) CommandEnded: {'returncode': 0}
[5.280721] (msgs_srvs) JobProgress: {'identifier': 'msgs_srvs', 'progress': 'build'}
[5.280897] (msgs_srvs) Command: {'cmd': ['/usr/bin/cmake', '--build', '/ros2_ws/build/msgs_srvs', '--', '-j4', '-l4'], 'cwd': '/ros2_ws/build/msgs_srvs', 'env': OrderedDict([('VNCDESKTOP', 'TurboVNC: tarzan-desktop:1 ()'), ('LESSOPEN', '| /usr/bin/lesspipe %s'), ('HOSTNAME', 'tarzan-desktop'), ('SSH_AGENT_PID', '183'), ('SHLVL', '2'), ('LD_LIBRARY_PATH', '/ros2_ws/install/msgs_srvs/lib:/opt/ros/humble/opt/rviz_ogre_vendor/lib:/opt/ros/humble/lib/aarch64-linux-gnu:/opt/ros/humble/lib'), ('HOME', '/root'), ('OLDPWD', '/'), ('DESKTOP_SESSION', 'xfce'), ('PANEL_GDK_CORE_DEVICE_EVENTS', '0'), ('ROS_PYTHON_VERSION', '3'), ('DBUS_SESSION_BUS_ADDRESS', 'unix:abstract=/tmp/dbus-wO67F6SAYB,guid=fd8027fa05f1ceab7ac91ac467ba2ea2'), ('COLORTERM', 'truecolor'), ('COLCON_PREFIX_PATH', '/ros2_ws/install'), ('ROS_DISTRO', 'humble'), ('VGL_PROBEGLX', '0'), ('WINDOWID', '41943043'), ('FONT_ENCODINGS_DIRECTORY', '/usr/share/fonts/X11/encodings'), ('_', '/usr/bin/colcon'), ('ROS_VERSION', '2'), ('TERM', 'xterm-256color'), ('SSH_AUTH_SOCk', '/ssh-agent'), ('ROS_LOCALHOST_ONLY', '0'), ('PATH', '/ros2_ws/install/oradar_lidar/bin:/opt/ros/humble/bin:/usr/local/sbin:/usr/local/bin:/usr/sbin:/usr/bin:/sbin:/bin'), ('SESSION_MANAGER', 'local/tarzan-desktop:@/tmp/.ICE-unix/133,unix/tarzan-desktop:/tmp/.ICE-unix/133'), ('XDG_MENU_PREFIX', 'xfce-'), ('VGL_COMPRESS', '0'), ('DISPLAY', ':1.0'), ('LANG', 'en_US.UTF-8'), ('XDG_CURRENT_DESKTOP', 'XFCE'), ('LS_COLORS', 'rs=0:di=01;34:ln=01;36:mh=00:pi=40;33:so=01;35:do=01;35:bd=40;33;01:cd=40;33;01:or=40;31;01:mi=00:su=37;41:sg=30;43:ca=30;41:tw=30;42:ow=34;42:st=37;44:ex=01;32:*.tar=01;31:*.tgz=01;31:*.arc=01;31:*.arj=01;31:*.taz=01;31:*.lha=01;31:*.lz4=01;31:*.lzh=01;31:*.lzma=01;31:*.tlz=01;31:*.txz=01;31:*.tzo=01;31:*.t7z=01;31:*.zip=01;31:*.z=01;31:*.dz=01;31:*.gz=01;31:*.lrz=01;31:*.lz=01;31:*.lzo=01;31:*.xz=01;31:*.zst=01;31:*.tzst=01;31:*.bz2=01;31:*.bz=01;31:*.tbz=01;31:*.tbz2=01;31:*.tz=01;31:*.deb=01;31:*.rpm=01;31:*.jar=01;31:*.war=01;31:*.ear=01;31:*.sar=01;31:*.rar=01;31:*.alz=01;31:*.ace=01;31:*.zoo=01;31:*.cpio=01;31:*.7z=01;31:*.rz=01;31:*.cab=01;31:*.wim=01;31:*.swm=01;31:*.dwm=01;31:*.esd=01;31:*.jpg=01;35:*.jpeg=01;35:*.mjpg=01;35:*.mjpeg=01;35:*.gif=01;35:*.bmp=01;35:*.pbm=01;35:*.pgm=01;35:*.ppm=01;35:*.tga=01;35:*.xbm=01;35:*.xpm=01;35:*.tif=01;35:*.tiff=01;35:*.png=01;35:*.svg=01;35:*.svgz=01;35:*.mng=01;35:*.pcx=01;35:*.mov=01;35:*.mpg=01;35:*.mpeg=01;35:*.m2v=01;35:*.mkv=01;35:*.webm=01;35:*.webp=01;35:*.ogm=01;35:*.mp4=01;35:*.m4v=01;35:*.mp4v=01;35:*.vob=01;35:*.qt=01;35:*.nuv=01;35:*.wmv=01;35:*.asf=01;35:*.rm=01;35:*.rmvb=01;35:*.flc=01;35:*.avi=01;35:*.fli=01;35:*.flv=01;35:*.gl=01;35:*.dl=01;35:*.xcf=01;35:*.xwd=01;35:*.yuv=01;35:*.cgm=01;35:*.emf=01;35:*.ogv=01;35:*.ogx=01;35:*.aac=00;36:*.au=00;36:*.flac=00;36:*.m4a=00;36:*.mid=00;36:*.midi=00;36:*.mka=00;36:*.mp3=00;36:*.mpc=00;36:*.ogg=00;36:*.ra=00;36:*.wav=00;36:*.oga=00;36:*.opus=00;36:*.spx=00;36:*.xspf=00;36:'), ('SSH_AUTH_SOCK', '/ssh-agent'), ('AMENT_PREFIX_PATH', '/ros2_ws/install/oradar_lidar:/ros2_ws/install/msgs_srvs:/ros2_ws/install/driver:/opt/ros/humble'), ('DEBIAN_FRONTEND', 'noninteractive'), ('LESSCLOSE', '/usr/bin/lesspipe %s %s'), ('PWD', '/ros2_ws/build/msgs_srvs'), ('XDG_CONFIG_DIRS', '/etc/xdg'), ('XDG_DATA_DIRS', '/usr/local/share:/usr/share'), ('PYTHONPATH', '/ros2_ws/install/msgs_srvs/local/lib/python3.10/dist-packages:/ros2_ws/install/driver/lib/python3.10/site-packages:/opt/ros/humble/lib/python3.10/site-packages:/opt/ros/humble/local/lib/python3.10/dist-packages'), ('COLCON', '1'), ('VTE_VERSION', '6800'), ('CMAKE_PREFIX_PATH', '/ros2_ws/install/oradar_lidar:/ros2_ws/install/msgs_srvs:/ros2_ws/install/driver:/opt/ros/humble')]), 'shell': False}
[5.328208] (-) TimerEvent: {}
[5.428730] (-) TimerEvent: {}
[5.439797] (oradar_lidar) StdoutLine: {'line': b'[ 30%] \x1b[32mBuilding C object sdk/CMakeFiles/oradar_sdk.dir/core/serial/impl/unix/lock.c.o\x1b[0m\n'}
[5.481039] (oradar_lidar) StdoutLine: {'line': b'[ 35%] \x1b[32mBuilding CXX object sdk/CMakeFiles/oradar_sdk.dir/core/serial/impl/unix/list_ports_linux.cpp.o\x1b[0m\n'}
[5.518904] (msgs_srvs) StdoutLine: {'line': b'[  1%] \x1b[34m\x1b[1mGenerating C code for ROS interfaces\x1b[0m\n'}
[5.530869] (-) TimerEvent: {}
[5.575639] (msgs_srvs) StdoutLine: {'line': b'[  2%] \x1b[34m\x1b[1mGenerating C++ code for ROS interfaces\x1b[0m\n'}
[5.577872] (msgs_srvs) StdoutLine: {'line': b'[  2%] Built target ament_cmake_python_symlink_msgs_srvs\n'}
[5.631272] (-) TimerEvent: {}
[5.732227] (-) TimerEvent: {}
[5.833932] (-) TimerEvent: {}
[5.934594] (-) TimerEvent: {}
[6.037652] (-) TimerEvent: {}
[6.138364] (-) TimerEvent: {}
[6.243302] (-) TimerEvent: {}
[6.344062] (-) TimerEvent: {}
[6.444505] (-) TimerEvent: {}
[6.479149] (oradar_lidar) StdoutLine: {'line': b'[ 40%] \x1b[32mBuilding CXX object sdk/CMakeFiles/oradar_sdk.dir/core/serial/impl/unix/unix_serial.cpp.o\x1b[0m\n'}
[6.499930] (msgs_srvs) StdoutLine: {'line': b'running egg_info\n'}
[6.500219] (msgs_srvs) StdoutLine: {'line': b'creating msgs_srvs.egg-info\n'}
[6.500907] (msgs_srvs) StdoutLine: {'line': b'writing msgs_srvs.egg-info/PKG-INFO\n'}
[6.501125] (msgs_srvs) StdoutLine: {'line': b'writing dependency_links to msgs_srvs.egg-info/dependency_links.txt\n'}
[6.501843] (msgs_srvs) StdoutLine: {'line': b'writing top-level names to msgs_srvs.egg-info/top_level.txt\n'}
[6.502486] (msgs_srvs) StdoutLine: {'line': b"writing manifest file 'msgs_srvs.egg-info/SOURCES.txt'\n"}
[6.513371] (msgs_srvs) StdoutLine: {'line': b"reading manifest file 'msgs_srvs.egg-info/SOURCES.txt'\n"}
[6.513936] (msgs_srvs) StdoutLine: {'line': b"writing manifest file 'msgs_srvs.egg-info/SOURCES.txt'\n"}
[6.547961] (-) TimerEvent: {}
[6.566368] (oradar_lidar) StdoutLine: {'line': b'[ 45%] \x1b[32mBuilding CXX object sdk/CMakeFiles/oradar_sdk.dir/src/ord_lidar_c_api_driver.cpp.o\x1b[0m\n'}
[6.649300] (-) TimerEvent: {}
[6.673636] (msgs_srvs) StdoutLine: {'line': b'[  2%] Built target ament_cmake_python_build_msgs_srvs_egg\n'}
[6.758435] (-) TimerEvent: {}
[6.865615] (-) TimerEvent: {}
[6.967862] (-) TimerEvent: {}
[7.069982] (-) TimerEvent: {}
[7.171434] (-) TimerEvent: {}
[7.276871] (-) TimerEvent: {}
[7.377431] (-) TimerEvent: {}
[7.436324] (oradar_lidar) StdoutLine: {'line': b'[ 50%] \x1b[32mBuilding CXX object sdk/CMakeFiles/oradar_sdk.dir/src/ord_lidar_driver.cpp.o\x1b[0m\n'}
[7.481870] (-) TimerEvent: {}
[7.582445] (-) TimerEvent: {}
[7.683488] (-) TimerEvent: {}
[7.784124] (-) TimerEvent: {}
[7.885306] (-) TimerEvent: {}
[7.991919] (-) TimerEvent: {}
[8.100873] (-) TimerEvent: {}
[8.174581] (oradar_lidar) StdoutLine: {'line': b'[ 55%] \x1b[32mBuilding CXX object sdk/CMakeFiles/oradar_sdk.dir/src/filters/FullScanFilter.cpp.o\x1b[0m\n'}
[8.201017] (-) TimerEvent: {}
[8.302981] (-) TimerEvent: {}
[8.405204] (-) TimerEvent: {}
[8.506095] (-) TimerEvent: {}
[8.606786] (-) TimerEvent: {}
[8.711369] (-) TimerEvent: {}
[8.812278] (-) TimerEvent: {}
[8.920971] (-) TimerEvent: {}
[9.021635] (-) TimerEvent: {}
[9.123865] (-) TimerEvent: {}
[9.224390] (-) TimerEvent: {}
[9.324878] (-) TimerEvent: {}
[9.429945] (-) TimerEvent: {}
[9.530600] (-) TimerEvent: {}
[9.633014] (msgs_srvs) StdoutLine: {'line': b'[  2%] Built target msgs_srvs__cpp\n'}
[9.633510] (-) TimerEvent: {}
[9.675432] (msgs_srvs) StdoutLine: {'line': b'[  3%] \x1b[34m\x1b[1mGenerating C++ type support dispatch for ROS interfaces\x1b[0m\n'}
[9.713024] (oradar_lidar) StderrLine: {'line': b'\x1b[01m\x1b[K/ros2_ws/src/p2117_ros/oradar_ros/sdk/src/ord_lidar_driver.cpp:\x1b[m\x1b[K In member function \xe2\x80\x98\x1b[01m\x1b[Kbool ordlidar::OrdlidarDriver::uart_data_find_init_info(unsigned char*, int)\x1b[m\x1b[K\xe2\x80\x99:\n'}
[9.713361] (oradar_lidar) StderrLine: {'line': b'\x1b[01m\x1b[K/ros2_ws/src/p2117_ros/oradar_ros/sdk/src/ord_lidar_driver.cpp:203:9:\x1b[m\x1b[K \x1b[01;35m\x1b[Kwarning: \x1b[m\x1b[Kno return statement in function returning non-void [\x1b[01;35m\x1b[K\x1b]8;;https://gcc.gnu.org/onlinedocs/gcc/Warning-Options.html#index-Wreturn-type\x07-Wreturn-type\x1b]8;;\x07\x1b[m\x1b[K]\n'}
[9.713471] (oradar_lidar) StderrLine: {'line': b'  203 |         \x1b[01;35m\x1b[K}\x1b[m\x1b[K\n'}
[9.713580] (oradar_lidar) StderrLine: {'line': b'      |         \x1b[01;35m\x1b[K^\x1b[m\x1b[K\n'}
[9.716403] (msgs_srvs) StdoutLine: {'line': b'[  4%] \x1b[34m\x1b[1mGenerating C++ type support for eProsima Fast-RTPS\x1b[0m\n'}
[9.733657] (-) TimerEvent: {}
[9.734933] (msgs_srvs) StdoutLine: {'line': b'[  5%] \x1b[34m\x1b[1mGenerating C++ introspection for ROS interfaces\x1b[0m\n'}
[9.833883] (-) TimerEvent: {}
[9.934562] (-) TimerEvent: {}
[10.037523] (-) TimerEvent: {}
[10.143904] (-) TimerEvent: {}
[10.247114] (-) TimerEvent: {}
[10.293010] (msgs_srvs) StdoutLine: {'line': b'[  6%] \x1b[32mBuilding C object CMakeFiles/msgs_srvs__rosidl_generator_c.dir/rosidl_generator_c/msgs_srvs/msg/detail/button_state__functions.c.o\x1b[0m\n'}
[10.347157] (-) TimerEvent: {}
[10.447617] (-) TimerEvent: {}
[10.541037] (msgs_srvs) StdoutLine: {'line': b'[  7%] \x1b[32mBuilding C object CMakeFiles/msgs_srvs__rosidl_generator_c.dir/rosidl_generator_c/msgs_srvs/msg/detail/buzzer_state__functions.c.o\x1b[0m\n'}
[10.548898] (-) TimerEvent: {}
[10.631333] (msgs_srvs) StdoutLine: {'line': b'[  8%] \x1b[32mBuilding C object CMakeFiles/msgs_srvs__rosidl_generator_c.dir/rosidl_generator_c/msgs_srvs/msg/detail/led_state__functions.c.o\x1b[0m\n'}
[10.649136] (-) TimerEvent: {}
[10.749941] (-) TimerEvent: {}
[10.758483] (msgs_srvs) StdoutLine: {'line': b'[  9%] \x1b[32mBuilding C object CMakeFiles/msgs_srvs__rosidl_generator_c.dir/rosidl_generator_c/msgs_srvs/msg/detail/motors_state__functions.c.o\x1b[0m\n'}
[10.850996] (-) TimerEvent: {}
[10.864869] (oradar_lidar) StdoutLine: {'line': b'[ 60%] \x1b[32m\x1b[1mLinking CXX static library ../liboradar_sdk.a\x1b[0m\n'}
[10.945005] (msgs_srvs) StdoutLine: {'line': b'[ 10%] \x1b[32mBuilding C object CMakeFiles/msgs_srvs__rosidl_generator_c.dir/rosidl_generator_c/msgs_srvs/msg/detail/motor_state__functions.c.o\x1b[0m\n'}
[10.951286] (-) TimerEvent: {}
[11.054986] (-) TimerEvent: {}
[11.096856] (oradar_lidar) StdoutLine: {'line': b'[ 60%] Built target oradar_sdk\n'}
[11.103599] (msgs_srvs) StdoutLine: {'line': b'[ 11%] \x1b[32mBuilding C object CMakeFiles/msgs_srvs__rosidl_generator_c.dir/rosidl_generator_c/msgs_srvs/msg/detail/pwm_servo_state__functions.c.o\x1b[0m\n'}
[11.155142] (-) TimerEvent: {}
[11.179895] (msgs_srvs) StdoutLine: {'line': b'[ 12%] \x1b[32mBuilding CXX object CMakeFiles/msgs_srvs__rosidl_typesupport_cpp.dir/rosidl_typesupport_cpp/msgs_srvs/msg/button_state__type_support.cpp.o\x1b[0m\n'}
[11.208317] (oradar_lidar) StdoutLine: {'line': b'[ 70%] \x1b[32mBuilding CXX object sdk/samples/CMakeFiles/non-blocking_test.dir/non-blocking_test.cpp.o\x1b[0m\n'}
[11.208635] (oradar_lidar) StdoutLine: {'line': b'[ 70%] \x1b[32mBuilding CXX object CMakeFiles/oradar_scan.dir/src/oradar_scan_node.cpp.o\x1b[0m\n'}
[11.213394] (oradar_lidar) StdoutLine: {'line': b'[ 75%] \x1b[32mBuilding CXX object sdk/samples/CMakeFiles/blocking_test.dir/blocking_test.cpp.o\x1b[0m\n'}
[11.218216] (oradar_lidar) StdoutLine: {'line': b'[ 80%] \x1b[32mBuilding C object sdk/samples/CMakeFiles/blocking_c_api_test.dir/blocking_c_api_test.c.o\x1b[0m\n'}
[11.255395] (-) TimerEvent: {}
[11.337395] (msgs_srvs) StdoutLine: {'line': b'[ 13%] \x1b[32mBuilding C object CMakeFiles/msgs_srvs__rosidl_generator_c.dir/rosidl_generator_c/msgs_srvs/msg/detail/pwm_servo_state_duration__functions.c.o\x1b[0m\n'}
[11.358133] (-) TimerEvent: {}
[11.457922] (oradar_lidar) StdoutLine: {'line': b'[ 85%] \x1b[32m\x1b[1mLinking CXX executable ../../blocking_c_api_test\x1b[0m\n'}
[11.458230] (-) TimerEvent: {}
[11.559899] (-) TimerEvent: {}
[11.636089] (msgs_srvs) StdoutLine: {'line': b'[ 14%] \x1b[32mBuilding C object CMakeFiles/msgs_srvs__rosidl_generator_c.dir/rosidl_generator_c/msgs_srvs/msg/detail/sbus__functions.c.o\x1b[0m\n'}
[11.663148] (-) TimerEvent: {}
[11.767589] (-) TimerEvent: {}
[11.842421] (msgs_srvs) StdoutLine: {'line': b'[ 15%] \x1b[32mBuilding C object CMakeFiles/msgs_srvs__rosidl_generator_c.dir/rosidl_generator_c/msgs_srvs/srv/detail/pwm_servo_state__functions.c.o\x1b[0m\n'}
[11.871010] (-) TimerEvent: {}
[11.913236] (oradar_lidar) StdoutLine: {'line': b'[ 85%] Built target blocking_c_api_test\n'}
[11.972262] (-) TimerEvent: {}
[12.075914] (-) TimerEvent: {}
[12.176510] (-) TimerEvent: {}
[12.190066] (msgs_srvs) StdoutLine: {'line': b'[ 16%] \x1b[32m\x1b[1mLinking C shared library libmsgs_srvs__rosidl_generator_c.so\x1b[0m\n'}
[12.280951] (-) TimerEvent: {}
[12.382408] (-) TimerEvent: {}
[12.481637] (msgs_srvs) StdoutLine: {'line': b'[ 16%] Built target msgs_srvs__rosidl_generator_c\n'}
[12.486534] (-) TimerEvent: {}
[12.515392] (msgs_srvs) StdoutLine: {'line': b'[ 17%] \x1b[34m\x1b[1mGenerating C type support for eProsima Fast-RTPS\x1b[0m\n'}
[12.528212] (msgs_srvs) StdoutLine: {'line': b'[ 18%] \x1b[32mBuilding CXX object CMakeFiles/msgs_srvs__rosidl_typesupport_introspection_cpp.dir/rosidl_typesupport_introspection_cpp/msgs_srvs/msg/detail/button_state__type_support.cpp.o\x1b[0m\n'}
[12.588091] (-) TimerEvent: {}
[12.650966] (msgs_srvs) StdoutLine: {'line': b'[ 20%] \x1b[32mBuilding CXX object CMakeFiles/msgs_srvs__rosidl_typesupport_cpp.dir/rosidl_typesupport_cpp/msgs_srvs/msg/buzzer_state__type_support.cpp.o\x1b[0m\n'}
[12.688153] (-) TimerEvent: {}
[12.763687] (msgs_srvs) StdoutLine: {'line': b'[ 21%] \x1b[32mBuilding CXX object CMakeFiles/msgs_srvs__rosidl_typesupport_fastrtps_cpp.dir/rosidl_typesupport_fastrtps_cpp/msgs_srvs/msg/detail/dds_fastrtps/button_state__type_support.cpp.o\x1b[0m\n'}
[12.788379] (-) TimerEvent: {}
[12.892395] (-) TimerEvent: {}
[12.997873] (-) TimerEvent: {}
[13.102901] (-) TimerEvent: {}
[13.105201] (oradar_lidar) StdoutLine: {'line': b'[ 90%] \x1b[32m\x1b[1mLinking CXX executable ../../non-blocking_test\x1b[0m\n'}
[13.203045] (-) TimerEvent: {}
[13.305500] (-) TimerEvent: {}
[13.409224] (-) TimerEvent: {}
[13.422055] (msgs_srvs) StdoutLine: {'line': b'[ 22%] \x1b[32mBuilding CXX object CMakeFiles/msgs_srvs__rosidl_typesupport_cpp.dir/rosidl_typesupport_cpp/msgs_srvs/msg/led_state__type_support.cpp.o\x1b[0m\n'}
[13.509362] (-) TimerEvent: {}
[13.612875] (-) TimerEvent: {}
[13.613596] (oradar_lidar) StdoutLine: {'line': b'[ 95%] \x1b[32m\x1b[1mLinking CXX executable ../../blocking_test\x1b[0m\n'}
[13.629273] (oradar_lidar) StdoutLine: {'line': b'[ 95%] Built target non-blocking_test\n'}
[13.717926] (-) TimerEvent: {}
[13.818510] (-) TimerEvent: {}
[13.920932] (-) TimerEvent: {}
[14.023237] (-) TimerEvent: {}
[14.054500] (oradar_lidar) StdoutLine: {'line': b'[ 95%] Built target blocking_test\n'}
[14.077347] (msgs_srvs) StdoutLine: {'line': b'[ 23%] \x1b[32mBuilding CXX object CMakeFiles/msgs_srvs__rosidl_typesupport_introspection_cpp.dir/rosidl_typesupport_introspection_cpp/msgs_srvs/msg/detail/buzzer_state__type_support.cpp.o\x1b[0m\n'}
[14.123359] (-) TimerEvent: {}
[14.223843] (-) TimerEvent: {}
[14.249574] (msgs_srvs) StdoutLine: {'line': b'[ 24%] \x1b[32mBuilding CXX object CMakeFiles/msgs_srvs__rosidl_typesupport_fastrtps_cpp.dir/rosidl_typesupport_fastrtps_cpp/msgs_srvs/msg/detail/dds_fastrtps/buzzer_state__type_support.cpp.o\x1b[0m\n'}
[14.323965] (-) TimerEvent: {}
[14.427918] (-) TimerEvent: {}
[14.528694] (-) TimerEvent: {}
[14.580975] (msgs_srvs) StdoutLine: {'line': b'[ 25%] \x1b[32mBuilding CXX object CMakeFiles/msgs_srvs__rosidl_typesupport_cpp.dir/rosidl_typesupport_cpp/msgs_srvs/msg/motors_state__type_support.cpp.o\x1b[0m\n'}
[14.628880] (-) TimerEvent: {}
[14.732117] (-) TimerEvent: {}
[14.834948] (-) TimerEvent: {}
[14.935531] (-) TimerEvent: {}
[15.036026] (-) TimerEvent: {}
[15.126496] (msgs_srvs) StdoutLine: {'line': b'[ 26%] \x1b[32mBuilding CXX object CMakeFiles/msgs_srvs__rosidl_typesupport_introspection_cpp.dir/rosidl_typesupport_introspection_cpp/msgs_srvs/msg/detail/led_state__type_support.cpp.o\x1b[0m\n'}
[15.137886] (-) TimerEvent: {}
[15.241894] (-) TimerEvent: {}
[15.342428] (-) TimerEvent: {}
[15.443220] (-) TimerEvent: {}
[15.545493] (-) TimerEvent: {}
[15.596353] (msgs_srvs) StdoutLine: {'line': b'[ 27%] \x1b[32mBuilding CXX object CMakeFiles/msgs_srvs__rosidl_typesupport_cpp.dir/rosidl_typesupport_cpp/msgs_srvs/msg/motor_state__type_support.cpp.o\x1b[0m\n'}
[15.645661] (-) TimerEvent: {}
[15.750872] (-) TimerEvent: {}
[15.851393] (-) TimerEvent: {}
[15.857967] (msgs_srvs) StdoutLine: {'line': b'[ 28%] \x1b[32mBuilding CXX object CMakeFiles/msgs_srvs__rosidl_typesupport_fastrtps_c.dir/rosidl_typesupport_fastrtps_c/msgs_srvs/msg/detail/button_state__type_support_c.cpp.o\x1b[0m\n'}
[15.871783] (msgs_srvs) StdoutLine: {'line': b'[ 29%] \x1b[32mBuilding CXX object CMakeFiles/msgs_srvs__rosidl_typesupport_fastrtps_cpp.dir/rosidl_typesupport_fastrtps_cpp/msgs_srvs/msg/detail/dds_fastrtps/led_state__type_support.cpp.o\x1b[0m\n'}
[15.953890] (-) TimerEvent: {}
[16.054786] (-) TimerEvent: {}
[16.153778] (msgs_srvs) StdoutLine: {'line': b'[ 30%] \x1b[32mBuilding CXX object CMakeFiles/msgs_srvs__rosidl_typesupport_introspection_cpp.dir/rosidl_typesupport_introspection_cpp/msgs_srvs/msg/detail/motors_state__type_support.cpp.o\x1b[0m\n'}
[16.154832] (-) TimerEvent: {}
[16.261905] (-) TimerEvent: {}
[16.362560] (-) TimerEvent: {}
[16.463277] (-) TimerEvent: {}
[16.474865] (msgs_srvs) StdoutLine: {'line': b'[ 31%] \x1b[32mBuilding CXX object CMakeFiles/msgs_srvs__rosidl_typesupport_cpp.dir/rosidl_typesupport_cpp/msgs_srvs/msg/pwm_servo_state__type_support.cpp.o\x1b[0m\n'}
[16.563423] (-) TimerEvent: {}
[16.664137] (-) TimerEvent: {}
[16.766886] (-) TimerEvent: {}
[16.867405] (-) TimerEvent: {}
[16.968010] (-) TimerEvent: {}
[17.072127] (-) TimerEvent: {}
[17.172765] (-) TimerEvent: {}
[17.238703] (msgs_srvs) StdoutLine: {'line': b'[ 32%] \x1b[32mBuilding CXX object CMakeFiles/msgs_srvs__rosidl_typesupport_fastrtps_cpp.dir/rosidl_typesupport_fastrtps_cpp/msgs_srvs/msg/detail/dds_fastrtps/motors_state__type_support.cpp.o\x1b[0m\n'}
[17.258711] (msgs_srvs) StdoutLine: {'line': b'[ 33%] \x1b[32mBuilding CXX object CMakeFiles/msgs_srvs__rosidl_typesupport_fastrtps_c.dir/rosidl_typesupport_fastrtps_c/msgs_srvs/msg/detail/buzzer_state__type_support_c.cpp.o\x1b[0m\n'}
[17.273927] (-) TimerEvent: {}
[17.376902] (-) TimerEvent: {}
[17.477420] (-) TimerEvent: {}
[17.581854] (-) TimerEvent: {}
[17.649149] (msgs_srvs) StdoutLine: {'line': b'[ 34%] \x1b[32mBuilding CXX object CMakeFiles/msgs_srvs__rosidl_typesupport_cpp.dir/rosidl_typesupport_cpp/msgs_srvs/msg/pwm_servo_state_duration__type_support.cpp.o\x1b[0m\n'}
[17.682399] (-) TimerEvent: {}
[17.782951] (-) TimerEvent: {}
[17.884883] (-) TimerEvent: {}
[17.976431] (msgs_srvs) StdoutLine: {'line': b'[ 35%] \x1b[32mBuilding CXX object CMakeFiles/msgs_srvs__rosidl_typesupport_introspection_cpp.dir/rosidl_typesupport_introspection_cpp/msgs_srvs/msg/detail/motor_state__type_support.cpp.o\x1b[0m\n'}
[17.985027] (-) TimerEvent: {}
[18.090889] (-) TimerEvent: {}
[18.192914] (-) TimerEvent: {}
[18.293446] (-) TimerEvent: {}
[18.396901] (-) TimerEvent: {}
[18.499520] (-) TimerEvent: {}
[18.500160] (msgs_srvs) StdoutLine: {'line': b'[ 36%] \x1b[32mBuilding CXX object CMakeFiles/msgs_srvs__rosidl_typesupport_fastrtps_c.dir/rosidl_typesupport_fastrtps_c/msgs_srvs/msg/detail/led_state__type_support_c.cpp.o\x1b[0m\n'}
[18.602359] (-) TimerEvent: {}
[18.658869] (msgs_srvs) StdoutLine: {'line': b'[ 37%] \x1b[32mBuilding CXX object CMakeFiles/msgs_srvs__rosidl_typesupport_cpp.dir/rosidl_typesupport_cpp/msgs_srvs/msg/sbus__type_support.cpp.o\x1b[0m\n'}
[18.702936] (-) TimerEvent: {}
[18.803660] (-) TimerEvent: {}
[18.891783] (msgs_srvs) StdoutLine: {'line': b'[ 38%] \x1b[32mBuilding CXX object CMakeFiles/msgs_srvs__rosidl_typesupport_fastrtps_cpp.dir/rosidl_typesupport_fastrtps_cpp/msgs_srvs/msg/detail/dds_fastrtps/motor_state__type_support.cpp.o\x1b[0m\n'}
[18.903899] (-) TimerEvent: {}
[19.010875] (-) TimerEvent: {}
[19.111390] (-) TimerEvent: {}
[19.212189] (-) TimerEvent: {}
[19.317914] (-) TimerEvent: {}
[19.418564] (-) TimerEvent: {}
[19.519146] (-) TimerEvent: {}
[19.569045] (msgs_srvs) StdoutLine: {'line': b'[ 40%] \x1b[32mBuilding CXX object CMakeFiles/msgs_srvs__rosidl_typesupport_introspection_cpp.dir/rosidl_typesupport_introspection_cpp/msgs_srvs/msg/detail/pwm_servo_state__type_support.cpp.o\x1b[0m\n'}
[19.619612] (-) TimerEvent: {}
[19.727877] (-) TimerEvent: {}
[19.829867] (-) TimerEvent: {}
[19.854035] (msgs_srvs) StdoutLine: {'line': b'[ 41%] \x1b[32mBuilding CXX object CMakeFiles/msgs_srvs__rosidl_typesupport_cpp.dir/rosidl_typesupport_cpp/msgs_srvs/srv/pwm_servo_state__type_support.cpp.o\x1b[0m\n'}
[19.930036] (-) TimerEvent: {}
[20.036144] (-) TimerEvent: {}
[20.086370] (msgs_srvs) StdoutLine: {'line': b'[ 42%] \x1b[32mBuilding CXX object CMakeFiles/msgs_srvs__rosidl_typesupport_fastrtps_c.dir/rosidl_typesupport_fastrtps_c/msgs_srvs/msg/detail/motors_state__type_support_c.cpp.o\x1b[0m\n'}
[20.136334] (-) TimerEvent: {}
[20.239404] (-) TimerEvent: {}
[20.344366] (-) TimerEvent: {}
[20.446865] (-) TimerEvent: {}
[20.513596] (msgs_srvs) StdoutLine: {'line': b'[ 43%] \x1b[32mBuilding CXX object CMakeFiles/msgs_srvs__rosidl_typesupport_fastrtps_cpp.dir/rosidl_typesupport_fastrtps_cpp/msgs_srvs/msg/detail/dds_fastrtps/pwm_servo_state__type_support.cpp.o\x1b[0m\n'}
[20.547256] (-) TimerEvent: {}
[20.651870] (-) TimerEvent: {}
[20.752674] (-) TimerEvent: {}
[20.853486] (-) TimerEvent: {}
[20.956187] (-) TimerEvent: {}
[21.056959] (-) TimerEvent: {}
[21.162303] (-) TimerEvent: {}
[21.201154] (msgs_srvs) StdoutLine: {'line': b'[ 44%] \x1b[32m\x1b[1mLinking CXX shared library libmsgs_srvs__rosidl_typesupport_cpp.so\x1b[0m\n'}
[21.211058] (msgs_srvs) StdoutLine: {'line': b'[ 45%] \x1b[32mBuilding CXX object CMakeFiles/msgs_srvs__rosidl_typesupport_fastrtps_c.dir/rosidl_typesupport_fastrtps_c/msgs_srvs/msg/detail/motor_state__type_support_c.cpp.o\x1b[0m\n'}
[21.262377] (-) TimerEvent: {}
[21.277874] (msgs_srvs) StdoutLine: {'line': b'[ 46%] \x1b[32mBuilding CXX object CMakeFiles/msgs_srvs__rosidl_typesupport_introspection_cpp.dir/rosidl_typesupport_introspection_cpp/msgs_srvs/msg/detail/pwm_servo_state_duration__type_support.cpp.o\x1b[0m\n'}
[21.364702] (-) TimerEvent: {}
[21.434279] (msgs_srvs) StdoutLine: {'line': b'[ 46%] Built target msgs_srvs__rosidl_typesupport_cpp\n'}
[21.466124] (-) TimerEvent: {}
[21.494024] (msgs_srvs) StdoutLine: {'line': b'[ 47%] \x1b[32mBuilding CXX object CMakeFiles/msgs_srvs__rosidl_typesupport_fastrtps_c.dir/rosidl_typesupport_fastrtps_c/msgs_srvs/msg/detail/pwm_servo_state__type_support_c.cpp.o\x1b[0m\n'}
[21.567888] (-) TimerEvent: {}
[21.670872] (-) TimerEvent: {}
[21.720599] (msgs_srvs) StdoutLine: {'line': b'[ 48%] \x1b[32mBuilding CXX object CMakeFiles/msgs_srvs__rosidl_typesupport_fastrtps_cpp.dir/rosidl_typesupport_fastrtps_cpp/msgs_srvs/msg/detail/dds_fastrtps/pwm_servo_state_duration__type_support.cpp.o\x1b[0m\n'}
[21.771029] (-) TimerEvent: {}
[21.871790] (-) TimerEvent: {}
[21.977931] (-) TimerEvent: {}
[22.078693] (-) TimerEvent: {}
[22.181879] (-) TimerEvent: {}
[22.282729] (-) TimerEvent: {}
[22.297663] (msgs_srvs) StdoutLine: {'line': b'[ 49%] \x1b[32mBuilding CXX object CMakeFiles/msgs_srvs__rosidl_typesupport_introspection_cpp.dir/rosidl_typesupport_introspection_cpp/msgs_srvs/msg/detail/sbus__type_support.cpp.o\x1b[0m\n'}
[22.383102] (-) TimerEvent: {}
[22.411257] (msgs_srvs) StdoutLine: {'line': b'[ 50%] \x1b[32mBuilding CXX object CMakeFiles/msgs_srvs__rosidl_typesupport_introspection_cpp.dir/rosidl_typesupport_introspection_cpp/msgs_srvs/srv/detail/pwm_servo_state__type_support.cpp.o\x1b[0m\n'}
[22.485896] (-) TimerEvent: {}
[22.586395] (-) TimerEvent: {}
[22.690111] (-) TimerEvent: {}
[22.779704] (msgs_srvs) StdoutLine: {'line': b'[ 51%] \x1b[32mBuilding CXX object CMakeFiles/msgs_srvs__rosidl_typesupport_fastrtps_c.dir/rosidl_typesupport_fastrtps_c/msgs_srvs/msg/detail/pwm_servo_state_duration__type_support_c.cpp.o\x1b[0m\n'}
[22.790157] (-) TimerEvent: {}
[22.890855] (-) TimerEvent: {}
[22.993187] (-) TimerEvent: {}
[23.097855] (-) TimerEvent: {}
[23.198468] (-) TimerEvent: {}
[23.294640] (msgs_srvs) StdoutLine: {'line': b'[ 52%] \x1b[32mBuilding CXX object CMakeFiles/msgs_srvs__rosidl_typesupport_fastrtps_cpp.dir/rosidl_typesupport_fastrtps_cpp/msgs_srvs/msg/detail/dds_fastrtps/sbus__type_support.cpp.o\x1b[0m\n'}
[23.298621] (-) TimerEvent: {}
[23.401909] (-) TimerEvent: {}
[23.429601] (msgs_srvs) StdoutLine: {'line': b'[ 53%] \x1b[32mBuilding CXX object CMakeFiles/msgs_srvs__rosidl_typesupport_fastrtps_c.dir/rosidl_typesupport_fastrtps_c/msgs_srvs/msg/detail/sbus__type_support_c.cpp.o\x1b[0m\n'}
[23.502039] (-) TimerEvent: {}
[23.605871] (-) TimerEvent: {}
[23.706585] (-) TimerEvent: {}
[23.807449] (-) TimerEvent: {}
[23.816277] (msgs_srvs) StdoutLine: {'line': b'[ 54%] \x1b[32m\x1b[1mLinking CXX shared library libmsgs_srvs__rosidl_typesupport_introspection_cpp.so\x1b[0m\n'}
[23.907574] (-) TimerEvent: {}
[24.008169] (-) TimerEvent: {}
[24.074211] (msgs_srvs) StdoutLine: {'line': b'[ 55%] \x1b[32mBuilding CXX object CMakeFiles/msgs_srvs__rosidl_typesupport_fastrtps_c.dir/rosidl_typesupport_fastrtps_c/msgs_srvs/srv/detail/pwm_servo_state__type_support_c.cpp.o\x1b[0m\n'}
[24.110618] (-) TimerEvent: {}
[24.182487] (msgs_srvs) StdoutLine: {'line': b'[ 55%] Built target msgs_srvs__rosidl_typesupport_introspection_cpp\n'}
[24.210825] (-) TimerEvent: {}
[24.255017] (msgs_srvs) StdoutLine: {'line': b'[ 56%] \x1b[34m\x1b[1mGenerating C introspection for ROS interfaces\x1b[0m\n'}
[24.313537] (-) TimerEvent: {}
[24.415105] (-) TimerEvent: {}
[24.505894] (msgs_srvs) StdoutLine: {'line': b'[ 57%] \x1b[34m\x1b[1mGenerating C type support dispatch for ROS interfaces\x1b[0m\n'}
[24.515208] (-) TimerEvent: {}
[24.617929] (-) TimerEvent: {}
[24.718835] (-) TimerEvent: {}
[24.824957] (-) TimerEvent: {}
[24.925490] (-) TimerEvent: {}
[25.025999] (-) TimerEvent: {}
[25.076451] (msgs_srvs) StdoutLine: {'line': b'[ 58%] \x1b[32mBuilding CXX object CMakeFiles/msgs_srvs__rosidl_typesupport_fastrtps_cpp.dir/rosidl_typesupport_fastrtps_cpp/msgs_srvs/srv/detail/dds_fastrtps/pwm_servo_state__type_support.cpp.o\x1b[0m\n'}
[25.126144] (-) TimerEvent: {}
[25.231300] (-) TimerEvent: {}
[25.332103] (-) TimerEvent: {}
[25.436653] (-) TimerEvent: {}
[25.493555] (msgs_srvs) StdoutLine: {'line': b'[ 60%] \x1b[32m\x1b[1mLinking CXX shared library libmsgs_srvs__rosidl_typesupport_fastrtps_c.so\x1b[0m\n'}
[25.538864] (-) TimerEvent: {}
[25.639357] (-) TimerEvent: {}
[25.739871] (-) TimerEvent: {}
[25.828121] (msgs_srvs) StdoutLine: {'line': b'[ 60%] Built target msgs_srvs__rosidl_typesupport_fastrtps_c\n'}
[25.844390] (-) TimerEvent: {}
[25.944994] (-) TimerEvent: {}
[26.045641] (-) TimerEvent: {}
[26.105463] (msgs_srvs) StdoutLine: {'line': b'[ 61%] \x1b[32mBuilding CXX object CMakeFiles/msgs_srvs__rosidl_typesupport_c.dir/rosidl_typesupport_c/msgs_srvs/msg/button_state__type_support.cpp.o\x1b[0m\n'}
[26.148117] (-) TimerEvent: {}
[26.233513] (msgs_srvs) StdoutLine: {'line': b'[ 62%] \x1b[32mBuilding CXX object CMakeFiles/msgs_srvs__rosidl_typesupport_c.dir/rosidl_typesupport_c/msgs_srvs/msg/buzzer_state__type_support.cpp.o\x1b[0m\n'}
[26.249904] (-) TimerEvent: {}
[26.292902] (msgs_srvs) StdoutLine: {'line': b'[ 63%] \x1b[32mBuilding CXX object CMakeFiles/msgs_srvs__rosidl_typesupport_c.dir/rosidl_typesupport_c/msgs_srvs/msg/led_state__type_support.cpp.o\x1b[0m\n'}
[26.323717] (msgs_srvs) StdoutLine: {'line': b'[ 64%] \x1b[32mBuilding CXX object CMakeFiles/msgs_srvs__rosidl_typesupport_c.dir/rosidl_typesupport_c/msgs_srvs/msg/motors_state__type_support.cpp.o\x1b[0m\n'}
[26.351885] (-) TimerEvent: {}
[26.419208] (msgs_srvs) StdoutLine: {'line': b'[ 66%] \x1b[32mBuilding C object CMakeFiles/msgs_srvs__rosidl_typesupport_introspection_c.dir/rosidl_typesupport_introspection_c/msgs_srvs/msg/detail/button_state__type_support.c.o\x1b[0m\n'}
[26.421964] (msgs_srvs) StdoutLine: {'line': b'[ 66%] \x1b[32mBuilding CXX object CMakeFiles/msgs_srvs__rosidl_typesupport_c.dir/rosidl_typesupport_c/msgs_srvs/msg/motor_state__type_support.cpp.o\x1b[0m\n'}
[26.454926] (-) TimerEvent: {}
[26.456058] (msgs_srvs) StdoutLine: {'line': b'[ 67%] \x1b[32mBuilding CXX object CMakeFiles/msgs_srvs__rosidl_typesupport_c.dir/rosidl_typesupport_c/msgs_srvs/msg/pwm_servo_state__type_support.cpp.o\x1b[0m\n'}
[26.555909] (-) TimerEvent: {}
[26.568500] (msgs_srvs) StdoutLine: {'line': b'[ 68%] \x1b[32mBuilding CXX object CMakeFiles/msgs_srvs__rosidl_typesupport_c.dir/rosidl_typesupport_c/msgs_srvs/msg/pwm_servo_state_duration__type_support.cpp.o\x1b[0m\n'}
[26.587443] (msgs_srvs) StdoutLine: {'line': b'[ 69%] \x1b[32mBuilding C object CMakeFiles/msgs_srvs__rosidl_typesupport_introspection_c.dir/rosidl_typesupport_introspection_c/msgs_srvs/msg/detail/buzzer_state__type_support.c.o\x1b[0m\n'}
[26.621934] (msgs_srvs) StdoutLine: {'line': b'[ 70%] \x1b[32mBuilding CXX object CMakeFiles/msgs_srvs__rosidl_typesupport_c.dir/rosidl_typesupport_c/msgs_srvs/msg/sbus__type_support.cpp.o\x1b[0m\n'}
[26.659142] (-) TimerEvent: {}
[26.685053] (msgs_srvs) StdoutLine: {'line': b'[ 71%] \x1b[32m\x1b[1mLinking CXX shared library libmsgs_srvs__rosidl_typesupport_fastrtps_cpp.so\x1b[0m\n'}
[26.698457] (msgs_srvs) StdoutLine: {'line': b'[ 72%] \x1b[32mBuilding C object CMakeFiles/msgs_srvs__rosidl_typesupport_introspection_c.dir/rosidl_typesupport_introspection_c/msgs_srvs/msg/detail/motors_state__type_support.c.o\x1b[0m\n'}
[26.708724] (msgs_srvs) StdoutLine: {'line': b'[ 73%] \x1b[32mBuilding C object CMakeFiles/msgs_srvs__rosidl_typesupport_introspection_c.dir/rosidl_typesupport_introspection_c/msgs_srvs/msg/detail/led_state__type_support.c.o\x1b[0m\n'}
[26.751307] (msgs_srvs) StdoutLine: {'line': b'[ 74%] \x1b[32mBuilding CXX object CMakeFiles/msgs_srvs__rosidl_typesupport_c.dir/rosidl_typesupport_c/msgs_srvs/srv/pwm_servo_state__type_support.cpp.o\x1b[0m\n'}
[26.759221] (-) TimerEvent: {}
[26.826908] (msgs_srvs) StdoutLine: {'line': b'[ 75%] \x1b[32mBuilding C object CMakeFiles/msgs_srvs__rosidl_typesupport_introspection_c.dir/rosidl_typesupport_introspection_c/msgs_srvs/msg/detail/motor_state__type_support.c.o\x1b[0m\n'}
[26.859664] (-) TimerEvent: {}
[26.887610] (msgs_srvs) StdoutLine: {'line': b'[ 76%] \x1b[32mBuilding C object CMakeFiles/msgs_srvs__rosidl_typesupport_introspection_c.dir/rosidl_typesupport_introspection_c/msgs_srvs/msg/detail/pwm_servo_state__type_support.c.o\x1b[0m\n'}
[26.937528] (msgs_srvs) StdoutLine: {'line': b'[ 77%] \x1b[32m\x1b[1mLinking CXX shared library libmsgs_srvs__rosidl_typesupport_c.so\x1b[0m\n'}
[26.961882] (-) TimerEvent: {}
[26.984209] (msgs_srvs) StdoutLine: {'line': b'[ 78%] \x1b[32mBuilding C object CMakeFiles/msgs_srvs__rosidl_typesupport_introspection_c.dir/rosidl_typesupport_introspection_c/msgs_srvs/msg/detail/pwm_servo_state_duration__type_support.c.o\x1b[0m\n'}
[26.999300] (msgs_srvs) StdoutLine: {'line': b'[ 80%] \x1b[32mBuilding C object CMakeFiles/msgs_srvs__rosidl_typesupport_introspection_c.dir/rosidl_typesupport_introspection_c/msgs_srvs/msg/detail/sbus__type_support.c.o\x1b[0m\n'}
[27.062335] (-) TimerEvent: {}
[27.089388] (msgs_srvs) StdoutLine: {'line': b'[ 80%] Built target msgs_srvs__rosidl_typesupport_fastrtps_cpp\n'}
[27.120994] (msgs_srvs) StdoutLine: {'line': b'[ 80%] Built target msgs_srvs__rosidl_typesupport_c\n'}
[27.129953] (msgs_srvs) StdoutLine: {'line': b'[ 81%] \x1b[32mBuilding C object CMakeFiles/msgs_srvs__rosidl_typesupport_introspection_c.dir/rosidl_typesupport_introspection_c/msgs_srvs/srv/detail/pwm_servo_state__type_support.c.o\x1b[0m\n'}
[27.162515] (-) TimerEvent: {}
[27.234797] (msgs_srvs) StdoutLine: {'line': b'[ 82%] \x1b[32m\x1b[1mLinking C shared library libmsgs_srvs__rosidl_typesupport_introspection_c.so\x1b[0m\n'}
[27.262659] (-) TimerEvent: {}
[27.318341] (msgs_srvs) StdoutLine: {'line': b'[ 82%] Built target msgs_srvs__rosidl_typesupport_introspection_c\n'}
[27.354429] (msgs_srvs) StdoutLine: {'line': b'[ 82%] Built target msgs_srvs\n'}
[27.362801] (-) TimerEvent: {}
[27.393938] (msgs_srvs) StdoutLine: {'line': b'[ 83%] \x1b[34m\x1b[1mGenerating Python code for ROS interfaces\x1b[0m\n'}
[27.462927] (-) TimerEvent: {}
[27.563341] (-) TimerEvent: {}
[27.663731] (-) TimerEvent: {}
[27.764123] (-) TimerEvent: {}
[27.864523] (-) TimerEvent: {}
[27.964914] (-) TimerEvent: {}
[28.065459] (-) TimerEvent: {}
[28.165862] (-) TimerEvent: {}
[28.266286] (-) TimerEvent: {}
[28.366676] (-) TimerEvent: {}
[28.467095] (-) TimerEvent: {}
[28.567483] (-) TimerEvent: {}
[28.667855] (-) TimerEvent: {}
[28.768254] (-) TimerEvent: {}
[28.868643] (-) TimerEvent: {}
[28.969067] (-) TimerEvent: {}
[29.069519] (-) TimerEvent: {}
[29.170923] (-) TimerEvent: {}
[29.273870] (-) TimerEvent: {}
[29.303187] (msgs_srvs) StdoutLine: {'line': b'[ 83%] Built target msgs_srvs__py\n'}
[29.362070] (msgs_srvs) StdoutLine: {'line': b'[ 84%] \x1b[32mBuilding C object CMakeFiles/msgs_srvs__rosidl_generator_py.dir/rosidl_generator_py/msgs_srvs/msg/_buzzer_state_s.c.o\x1b[0m\n'}
[29.363917] (msgs_srvs) StdoutLine: {'line': b'[ 85%] \x1b[32mBuilding C object CMakeFiles/msgs_srvs__rosidl_generator_py.dir/rosidl_generator_py/msgs_srvs/msg/_led_state_s.c.o\x1b[0m\n'}
[29.370444] (msgs_srvs) StdoutLine: {'line': b'[ 86%] \x1b[32mBuilding C object CMakeFiles/msgs_srvs__rosidl_generator_py.dir/rosidl_generator_py/msgs_srvs/msg/_button_state_s.c.o\x1b[0m\n'}
[29.374908] (msgs_srvs) StdoutLine: {'line': b'[ 87%] \x1b[32mBuilding C object CMakeFiles/msgs_srvs__rosidl_generator_py.dir/rosidl_generator_py/msgs_srvs/msg/_motors_state_s.c.o\x1b[0m\n'}
[29.375405] (-) TimerEvent: {}
[29.475873] (-) TimerEvent: {}
[29.579171] (-) TimerEvent: {}
[29.679716] (-) TimerEvent: {}
[29.763482] (msgs_srvs) StdoutLine: {'line': b'[ 88%] \x1b[32mBuilding C object CMakeFiles/msgs_srvs__rosidl_generator_py.dir/rosidl_generator_py/msgs_srvs/msg/_motor_state_s.c.o\x1b[0m\n'}
[29.765438] (msgs_srvs) StdoutLine: {'line': b'[ 89%] \x1b[32mBuilding C object CMakeFiles/msgs_srvs__rosidl_generator_py.dir/rosidl_generator_py/msgs_srvs/msg/_pwm_servo_state_s.c.o\x1b[0m\n'}
[29.782257] (-) TimerEvent: {}
[29.787032] (msgs_srvs) StdoutLine: {'line': b'[ 90%] \x1b[32mBuilding C object CMakeFiles/msgs_srvs__rosidl_generator_py.dir/rosidl_generator_py/msgs_srvs/msg/_pwm_servo_state_duration_s.c.o\x1b[0m\n'}
[29.801939] (msgs_srvs) StdoutLine: {'line': b'[ 91%] \x1b[32mBuilding C object CMakeFiles/msgs_srvs__rosidl_generator_py.dir/rosidl_generator_py/msgs_srvs/msg/_sbus_s.c.o\x1b[0m\n'}
[29.882396] (-) TimerEvent: {}
[29.985348] (-) TimerEvent: {}
[30.086789] (-) TimerEvent: {}
[30.128874] (msgs_srvs) StdoutLine: {'line': b'[ 92%] \x1b[32mBuilding C object CMakeFiles/msgs_srvs__rosidl_generator_py.dir/rosidl_generator_py/msgs_srvs/srv/_pwm_servo_state_s.c.o\x1b[0m\n'}
[30.186910] (-) TimerEvent: {}
[30.287526] (-) TimerEvent: {}
[30.384853] (msgs_srvs) StdoutLine: {'line': b'[ 93%] \x1b[32m\x1b[1mLinking C shared library rosidl_generator_py/msgs_srvs/libmsgs_srvs__rosidl_generator_py.so\x1b[0m\n'}
[30.387620] (-) TimerEvent: {}
[30.488181] (-) TimerEvent: {}
[30.518346] (msgs_srvs) StdoutLine: {'line': b'[ 93%] Built target msgs_srvs__rosidl_generator_py\n'}
[30.582068] (msgs_srvs) StdoutLine: {'line': b'[ 94%] \x1b[32mBuilding C object CMakeFiles/msgs_srvs__rosidl_typesupport_c__pyext.dir/rosidl_generator_py/msgs_srvs/_msgs_srvs_s.ep.rosidl_typesupport_c.c.o\x1b[0m\n'}
[30.588316] (-) TimerEvent: {}
[30.589664] (msgs_srvs) StdoutLine: {'line': b'[ 95%] \x1b[32mBuilding C object CMakeFiles/msgs_srvs__rosidl_typesupport_fastrtps_c__pyext.dir/rosidl_generator_py/msgs_srvs/_msgs_srvs_s.ep.rosidl_typesupport_fastrtps_c.c.o\x1b[0m\n'}
[30.596150] (msgs_srvs) StdoutLine: {'line': b'[ 96%] \x1b[32mBuilding C object CMakeFiles/msgs_srvs__rosidl_typesupport_introspection_c__pyext.dir/rosidl_generator_py/msgs_srvs/_msgs_srvs_s.ep.rosidl_typesupport_introspection_c.c.o\x1b[0m\n'}
[30.692058] (-) TimerEvent: {}
[30.795509] (-) TimerEvent: {}
[30.899030] (-) TimerEvent: {}
[30.957791] (msgs_srvs) StdoutLine: {'line': b'[ 97%] \x1b[32m\x1b[1mLinking C shared library rosidl_generator_py/msgs_srvs/msgs_srvs_s__rosidl_typesupport_c.cpython-310-aarch64-linux-gnu.so\x1b[0m\n'}
[30.986009] (msgs_srvs) StdoutLine: {'line': b'[ 98%] \x1b[32m\x1b[1mLinking C shared library rosidl_generator_py/msgs_srvs/msgs_srvs_s__rosidl_typesupport_fastrtps_c.cpython-310-aarch64-linux-gnu.so\x1b[0m\n'}
[30.999162] (-) TimerEvent: {}
[31.053966] (msgs_srvs) StdoutLine: {'line': b'[100%] \x1b[32m\x1b[1mLinking C shared library rosidl_generator_py/msgs_srvs/msgs_srvs_s__rosidl_typesupport_introspection_c.cpython-310-aarch64-linux-gnu.so\x1b[0m\n'}
[31.104493] (-) TimerEvent: {}
[31.122421] (msgs_srvs) StdoutLine: {'line': b'[100%] Built target msgs_srvs__rosidl_typesupport_c__pyext\n'}
[31.129537] (msgs_srvs) StdoutLine: {'line': b'[100%] Built target msgs_srvs__rosidl_typesupport_fastrtps_c__pyext\n'}
[31.197854] (msgs_srvs) StdoutLine: {'line': b'[100%] Built target msgs_srvs__rosidl_typesupport_introspection_c__pyext\n'}
[31.204672] (-) TimerEvent: {}
[31.224403] (msgs_srvs) CommandEnded: {'returncode': 0}
[31.225039] (msgs_srvs) JobProgress: {'identifier': 'msgs_srvs', 'progress': 'install'}
[31.250411] (msgs_srvs) Command: {'cmd': ['/usr/bin/cmake', '--install', '/ros2_ws/build/msgs_srvs'], 'cwd': '/ros2_ws/build/msgs_srvs', 'env': OrderedDict([('VNCDESKTOP', 'TurboVNC: tarzan-desktop:1 ()'), ('LESSOPEN', '| /usr/bin/lesspipe %s'), ('HOSTNAME', 'tarzan-desktop'), ('SSH_AGENT_PID', '183'), ('SHLVL', '2'), ('LD_LIBRARY_PATH', '/ros2_ws/install/msgs_srvs/lib:/opt/ros/humble/opt/rviz_ogre_vendor/lib:/opt/ros/humble/lib/aarch64-linux-gnu:/opt/ros/humble/lib'), ('HOME', '/root'), ('OLDPWD', '/'), ('DESKTOP_SESSION', 'xfce'), ('PANEL_GDK_CORE_DEVICE_EVENTS', '0'), ('ROS_PYTHON_VERSION', '3'), ('DBUS_SESSION_BUS_ADDRESS', 'unix:abstract=/tmp/dbus-wO67F6SAYB,guid=fd8027fa05f1ceab7ac91ac467ba2ea2'), ('COLORTERM', 'truecolor'), ('COLCON_PREFIX_PATH', '/ros2_ws/install'), ('ROS_DISTRO', 'humble'), ('VGL_PROBEGLX', '0'), ('WINDOWID', '41943043'), ('FONT_ENCODINGS_DIRECTORY', '/usr/share/fonts/X11/encodings'), ('_', '/usr/bin/colcon'), ('ROS_VERSION', '2'), ('TERM', 'xterm-256color'), ('SSH_AUTH_SOCk', '/ssh-agent'), ('ROS_LOCALHOST_ONLY', '0'), ('PATH', '/ros2_ws/install/oradar_lidar/bin:/opt/ros/humble/bin:/usr/local/sbin:/usr/local/bin:/usr/sbin:/usr/bin:/sbin:/bin'), ('SESSION_MANAGER', 'local/tarzan-desktop:@/tmp/.ICE-unix/133,unix/tarzan-desktop:/tmp/.ICE-unix/133'), ('XDG_MENU_PREFIX', 'xfce-'), ('VGL_COMPRESS', '0'), ('DISPLAY', ':1.0'), ('LANG', 'en_US.UTF-8'), ('XDG_CURRENT_DESKTOP', 'XFCE'), ('LS_COLORS', 'rs=0:di=01;34:ln=01;36:mh=00:pi=40;33:so=01;35:do=01;35:bd=40;33;01:cd=40;33;01:or=40;31;01:mi=00:su=37;41:sg=30;43:ca=30;41:tw=30;42:ow=34;42:st=37;44:ex=01;32:*.tar=01;31:*.tgz=01;31:*.arc=01;31:*.arj=01;31:*.taz=01;31:*.lha=01;31:*.lz4=01;31:*.lzh=01;31:*.lzma=01;31:*.tlz=01;31:*.txz=01;31:*.tzo=01;31:*.t7z=01;31:*.zip=01;31:*.z=01;31:*.dz=01;31:*.gz=01;31:*.lrz=01;31:*.lz=01;31:*.lzo=01;31:*.xz=01;31:*.zst=01;31:*.tzst=01;31:*.bz2=01;31:*.bz=01;31:*.tbz=01;31:*.tbz2=01;31:*.tz=01;31:*.deb=01;31:*.rpm=01;31:*.jar=01;31:*.war=01;31:*.ear=01;31:*.sar=01;31:*.rar=01;31:*.alz=01;31:*.ace=01;31:*.zoo=01;31:*.cpio=01;31:*.7z=01;31:*.rz=01;31:*.cab=01;31:*.wim=01;31:*.swm=01;31:*.dwm=01;31:*.esd=01;31:*.jpg=01;35:*.jpeg=01;35:*.mjpg=01;35:*.mjpeg=01;35:*.gif=01;35:*.bmp=01;35:*.pbm=01;35:*.pgm=01;35:*.ppm=01;35:*.tga=01;35:*.xbm=01;35:*.xpm=01;35:*.tif=01;35:*.tiff=01;35:*.png=01;35:*.svg=01;35:*.svgz=01;35:*.mng=01;35:*.pcx=01;35:*.mov=01;35:*.mpg=01;35:*.mpeg=01;35:*.m2v=01;35:*.mkv=01;35:*.webm=01;35:*.webp=01;35:*.ogm=01;35:*.mp4=01;35:*.m4v=01;35:*.mp4v=01;35:*.vob=01;35:*.qt=01;35:*.nuv=01;35:*.wmv=01;35:*.asf=01;35:*.rm=01;35:*.rmvb=01;35:*.flc=01;35:*.avi=01;35:*.fli=01;35:*.flv=01;35:*.gl=01;35:*.dl=01;35:*.xcf=01;35:*.xwd=01;35:*.yuv=01;35:*.cgm=01;35:*.emf=01;35:*.ogv=01;35:*.ogx=01;35:*.aac=00;36:*.au=00;36:*.flac=00;36:*.m4a=00;36:*.mid=00;36:*.midi=00;36:*.mka=00;36:*.mp3=00;36:*.mpc=00;36:*.ogg=00;36:*.ra=00;36:*.wav=00;36:*.oga=00;36:*.opus=00;36:*.spx=00;36:*.xspf=00;36:'), ('SSH_AUTH_SOCK', '/ssh-agent'), ('AMENT_PREFIX_PATH', '/ros2_ws/install/oradar_lidar:/ros2_ws/install/msgs_srvs:/ros2_ws/install/driver:/opt/ros/humble'), ('DEBIAN_FRONTEND', 'noninteractive'), ('LESSCLOSE', '/usr/bin/lesspipe %s %s'), ('PWD', '/ros2_ws/build/msgs_srvs'), ('XDG_CONFIG_DIRS', '/etc/xdg'), ('XDG_DATA_DIRS', '/usr/local/share:/usr/share'), ('PYTHONPATH', '/ros2_ws/install/msgs_srvs/local/lib/python3.10/dist-packages:/ros2_ws/install/driver/lib/python3.10/site-packages:/opt/ros/humble/lib/python3.10/site-packages:/opt/ros/humble/local/lib/python3.10/dist-packages'), ('COLCON', '1'), ('VTE_VERSION', '6800'), ('CMAKE_PREFIX_PATH', '/ros2_ws/install/oradar_lidar:/ros2_ws/install/msgs_srvs:/ros2_ws/install/driver:/opt/ros/humble')]), 'shell': False}
[31.276917] (msgs_srvs) StdoutLine: {'line': b'-- Install configuration: ""\n'}
[31.277189] (msgs_srvs) StdoutLine: {'line': b'-- Execute custom install script\n'}
[31.277272] (msgs_srvs) StdoutLine: {'line': b'-- Symlinking: /ros2_ws/install/msgs_srvs/share/ament_index/resource_index/rosidl_interfaces/msgs_srvs\n'}
[31.298613] (msgs_srvs) StdoutLine: {'line': b'-- Symlinking: /ros2_ws/install/msgs_srvs/include/msgs_srvs/msgs_srvs/msg/button_state.h\n'}
[31.304793] (-) TimerEvent: {}
[31.319122] (msgs_srvs) StdoutLine: {'line': b'-- Symlinking: /ros2_ws/install/msgs_srvs/include/msgs_srvs/msgs_srvs/msg/buzzer_state.h\n'}
[31.340419] (msgs_srvs) StdoutLine: {'line': b'-- Symlinking: /ros2_ws/install/msgs_srvs/include/msgs_srvs/msgs_srvs/msg/detail/button_state__functions.h\n'}
[31.372915] (msgs_srvs) StdoutLine: {'line': b'-- Symlinking: /ros2_ws/install/msgs_srvs/include/msgs_srvs/msgs_srvs/msg/detail/button_state__struct.h\n'}
[31.388380] (msgs_srvs) StdoutLine: {'line': b'-- Symlinking: /ros2_ws/install/msgs_srvs/include/msgs_srvs/msgs_srvs/msg/detail/button_state__type_support.h\n'}
[31.405819] (msgs_srvs) StdoutLine: {'line': b'-- Symlinking: /ros2_ws/install/msgs_srvs/include/msgs_srvs/msgs_srvs/msg/detail/buzzer_state__functions.h\n'}
[31.406136] (-) TimerEvent: {}
[31.423360] (msgs_srvs) StdoutLine: {'line': b'-- Symlinking: /ros2_ws/install/msgs_srvs/include/msgs_srvs/msgs_srvs/msg/detail/buzzer_state__struct.h\n'}
[31.440467] (msgs_srvs) StdoutLine: {'line': b'-- Symlinking: /ros2_ws/install/msgs_srvs/include/msgs_srvs/msgs_srvs/msg/detail/buzzer_state__type_support.h\n'}
[31.474027] (msgs_srvs) StdoutLine: {'line': b'-- Symlinking: /ros2_ws/install/msgs_srvs/include/msgs_srvs/msgs_srvs/msg/detail/led_state__functions.h\n'}
[31.491254] (msgs_srvs) StdoutLine: {'line': b'-- Symlinking: /ros2_ws/install/msgs_srvs/include/msgs_srvs/msgs_srvs/msg/detail/led_state__struct.h\n'}
[31.506317] (-) TimerEvent: {}
[31.508538] (msgs_srvs) StdoutLine: {'line': b'-- Symlinking: /ros2_ws/install/msgs_srvs/include/msgs_srvs/msgs_srvs/msg/detail/led_state__type_support.h\n'}
[31.525919] (msgs_srvs) StdoutLine: {'line': b'-- Symlinking: /ros2_ws/install/msgs_srvs/include/msgs_srvs/msgs_srvs/msg/detail/motor_state__functions.h\n'}
[31.547313] (msgs_srvs) StdoutLine: {'line': b'-- Symlinking: /ros2_ws/install/msgs_srvs/include/msgs_srvs/msgs_srvs/msg/detail/motor_state__struct.h\n'}
[31.574134] (msgs_srvs) StdoutLine: {'line': b'-- Symlinking: /ros2_ws/install/msgs_srvs/include/msgs_srvs/msgs_srvs/msg/detail/motor_state__type_support.h\n'}
[31.589797] (msgs_srvs) StdoutLine: {'line': b'-- Symlinking: /ros2_ws/install/msgs_srvs/include/msgs_srvs/msgs_srvs/msg/detail/motors_state__functions.h\n'}
[31.605088] (msgs_srvs) StdoutLine: {'line': b'-- Symlinking: /ros2_ws/install/msgs_srvs/include/msgs_srvs/msgs_srvs/msg/detail/motors_state__struct.h\n'}
[31.606377] (-) TimerEvent: {}
[31.622045] (msgs_srvs) StdoutLine: {'line': b'-- Symlinking: /ros2_ws/install/msgs_srvs/include/msgs_srvs/msgs_srvs/msg/detail/motors_state__type_support.h\n'}
[31.642684] (msgs_srvs) StdoutLine: {'line': b'-- Symlinking: /ros2_ws/install/msgs_srvs/include/msgs_srvs/msgs_srvs/msg/detail/pwm_servo_state__functions.h\n'}
[31.663577] (oradar_lidar) StdoutLine: {'line': b'[100%] \x1b[32m\x1b[1mLinking CXX executable oradar_scan\x1b[0m\n'}
[31.673350] (msgs_srvs) StdoutLine: {'line': b'-- Symlinking: /ros2_ws/install/msgs_srvs/include/msgs_srvs/msgs_srvs/msg/detail/pwm_servo_state__struct.h\n'}
[31.690092] (msgs_srvs) StdoutLine: {'line': b'-- Symlinking: /ros2_ws/install/msgs_srvs/include/msgs_srvs/msgs_srvs/msg/detail/pwm_servo_state__type_support.h\n'}
[31.705682] (msgs_srvs) StdoutLine: {'line': b'-- Symlinking: /ros2_ws/install/msgs_srvs/include/msgs_srvs/msgs_srvs/msg/detail/pwm_servo_state_duration__functions.h\n'}
[31.706675] (-) TimerEvent: {}
[31.722491] (msgs_srvs) StdoutLine: {'line': b'-- Symlinking: /ros2_ws/install/msgs_srvs/include/msgs_srvs/msgs_srvs/msg/detail/pwm_servo_state_duration__struct.h\n'}
[31.749975] (msgs_srvs) StdoutLine: {'line': b'-- Symlinking: /ros2_ws/install/msgs_srvs/include/msgs_srvs/msgs_srvs/msg/detail/pwm_servo_state_duration__type_support.h\n'}
[31.783248] (msgs_srvs) StdoutLine: {'line': b'-- Symlinking: /ros2_ws/install/msgs_srvs/include/msgs_srvs/msgs_srvs/msg/detail/sbus__functions.h\n'}
[31.803613] (msgs_srvs) StdoutLine: {'line': b'-- Symlinking: /ros2_ws/install/msgs_srvs/include/msgs_srvs/msgs_srvs/msg/detail/sbus__struct.h\n'}
[31.806857] (-) TimerEvent: {}
[31.823409] (msgs_srvs) StdoutLine: {'line': b'-- Symlinking: /ros2_ws/install/msgs_srvs/include/msgs_srvs/msgs_srvs/msg/detail/sbus__type_support.h\n'}
[31.851686] (msgs_srvs) StdoutLine: {'line': b'-- Symlinking: /ros2_ws/install/msgs_srvs/include/msgs_srvs/msgs_srvs/msg/led_state.h\n'}
[31.884636] (msgs_srvs) StdoutLine: {'line': b'-- Symlinking: /ros2_ws/install/msgs_srvs/include/msgs_srvs/msgs_srvs/msg/motor_state.h\n'}
[31.906229] (msgs_srvs) StdoutLine: {'line': b'-- Symlinking: /ros2_ws/install/msgs_srvs/include/msgs_srvs/msgs_srvs/msg/motors_state.h\n'}
[31.906903] (-) TimerEvent: {}
[31.925111] (msgs_srvs) StdoutLine: {'line': b'-- Symlinking: /ros2_ws/install/msgs_srvs/include/msgs_srvs/msgs_srvs/msg/pwm_servo_state.h\n'}
[31.950099] (msgs_srvs) StdoutLine: {'line': b'-- Symlinking: /ros2_ws/install/msgs_srvs/include/msgs_srvs/msgs_srvs/msg/pwm_servo_state_duration.h\n'}
[31.977941] (msgs_srvs) StdoutLine: {'line': b'-- Symlinking: /ros2_ws/install/msgs_srvs/include/msgs_srvs/msgs_srvs/msg/rosidl_generator_c__visibility_control.h\n'}
[31.996794] (msgs_srvs) StdoutLine: {'line': b'-- Symlinking: /ros2_ws/install/msgs_srvs/include/msgs_srvs/msgs_srvs/msg/sbus.h\n'}
[32.007054] (-) TimerEvent: {}
[32.013837] (msgs_srvs) StdoutLine: {'line': b'-- Symlinking: /ros2_ws/install/msgs_srvs/include/msgs_srvs/msgs_srvs/srv/detail/pwm_servo_state__functions.h\n'}
[32.029575] (msgs_srvs) StdoutLine: {'line': b'-- Symlinking: /ros2_ws/install/msgs_srvs/include/msgs_srvs/msgs_srvs/srv/detail/pwm_servo_state__struct.h\n'}
[32.058812] (msgs_srvs) StdoutLine: {'line': b'-- Symlinking: /ros2_ws/install/msgs_srvs/include/msgs_srvs/msgs_srvs/srv/detail/pwm_servo_state__type_support.h\n'}
[32.075575] (msgs_srvs) StdoutLine: {'line': b'-- Symlinking: /ros2_ws/install/msgs_srvs/include/msgs_srvs/msgs_srvs/srv/pwm_servo_state.h\n'}
[32.081931] (oradar_lidar) StdoutLine: {'line': b'[100%] Built target oradar_scan\n'}
[32.095556] (msgs_srvs) StdoutLine: {'line': b'-- Symlinking: /ros2_ws/install/msgs_srvs/share/msgs_srvs/environment/library_path.sh\n'}
[32.106454] (oradar_lidar) CommandEnded: {'returncode': 0}
[32.107040] (-) TimerEvent: {}
[32.107682] (oradar_lidar) JobProgress: {'identifier': 'oradar_lidar', 'progress': 'install'}
[32.108104] (oradar_lidar) Command: {'cmd': ['/usr/bin/cmake', '--install', '/ros2_ws/build/oradar_lidar'], 'cwd': '/ros2_ws/build/oradar_lidar', 'env': OrderedDict([('VNCDESKTOP', 'TurboVNC: tarzan-desktop:1 ()'), ('LESSOPEN', '| /usr/bin/lesspipe %s'), ('HOSTNAME', 'tarzan-desktop'), ('SSH_AGENT_PID', '183'), ('SHLVL', '2'), ('LD_LIBRARY_PATH', '/ros2_ws/install/msgs_srvs/lib:/opt/ros/humble/opt/rviz_ogre_vendor/lib:/opt/ros/humble/lib/aarch64-linux-gnu:/opt/ros/humble/lib'), ('HOME', '/root'), ('OLDPWD', '/'), ('DESKTOP_SESSION', 'xfce'), ('PANEL_GDK_CORE_DEVICE_EVENTS', '0'), ('ROS_PYTHON_VERSION', '3'), ('DBUS_SESSION_BUS_ADDRESS', 'unix:abstract=/tmp/dbus-wO67F6SAYB,guid=fd8027fa05f1ceab7ac91ac467ba2ea2'), ('COLORTERM', 'truecolor'), ('COLCON_PREFIX_PATH', '/ros2_ws/install'), ('ROS_DISTRO', 'humble'), ('VGL_PROBEGLX', '0'), ('WINDOWID', '41943043'), ('FONT_ENCODINGS_DIRECTORY', '/usr/share/fonts/X11/encodings'), ('_', '/usr/bin/colcon'), ('ROS_VERSION', '2'), ('TERM', 'xterm-256color'), ('SSH_AUTH_SOCk', '/ssh-agent'), ('ROS_LOCALHOST_ONLY', '0'), ('PATH', '/ros2_ws/install/oradar_lidar/bin:/opt/ros/humble/bin:/usr/local/sbin:/usr/local/bin:/usr/sbin:/usr/bin:/sbin:/bin'), ('SESSION_MANAGER', 'local/tarzan-desktop:@/tmp/.ICE-unix/133,unix/tarzan-desktop:/tmp/.ICE-unix/133'), ('XDG_MENU_PREFIX', 'xfce-'), ('VGL_COMPRESS', '0'), ('DISPLAY', ':1.0'), ('LANG', 'en_US.UTF-8'), ('XDG_CURRENT_DESKTOP', 'XFCE'), ('LS_COLORS', 'rs=0:di=01;34:ln=01;36:mh=00:pi=40;33:so=01;35:do=01;35:bd=40;33;01:cd=40;33;01:or=40;31;01:mi=00:su=37;41:sg=30;43:ca=30;41:tw=30;42:ow=34;42:st=37;44:ex=01;32:*.tar=01;31:*.tgz=01;31:*.arc=01;31:*.arj=01;31:*.taz=01;31:*.lha=01;31:*.lz4=01;31:*.lzh=01;31:*.lzma=01;31:*.tlz=01;31:*.txz=01;31:*.tzo=01;31:*.t7z=01;31:*.zip=01;31:*.z=01;31:*.dz=01;31:*.gz=01;31:*.lrz=01;31:*.lz=01;31:*.lzo=01;31:*.xz=01;31:*.zst=01;31:*.tzst=01;31:*.bz2=01;31:*.bz=01;31:*.tbz=01;31:*.tbz2=01;31:*.tz=01;31:*.deb=01;31:*.rpm=01;31:*.jar=01;31:*.war=01;31:*.ear=01;31:*.sar=01;31:*.rar=01;31:*.alz=01;31:*.ace=01;31:*.zoo=01;31:*.cpio=01;31:*.7z=01;31:*.rz=01;31:*.cab=01;31:*.wim=01;31:*.swm=01;31:*.dwm=01;31:*.esd=01;31:*.jpg=01;35:*.jpeg=01;35:*.mjpg=01;35:*.mjpeg=01;35:*.gif=01;35:*.bmp=01;35:*.pbm=01;35:*.pgm=01;35:*.ppm=01;35:*.tga=01;35:*.xbm=01;35:*.xpm=01;35:*.tif=01;35:*.tiff=01;35:*.png=01;35:*.svg=01;35:*.svgz=01;35:*.mng=01;35:*.pcx=01;35:*.mov=01;35:*.mpg=01;35:*.mpeg=01;35:*.m2v=01;35:*.mkv=01;35:*.webm=01;35:*.webp=01;35:*.ogm=01;35:*.mp4=01;35:*.m4v=01;35:*.mp4v=01;35:*.vob=01;35:*.qt=01;35:*.nuv=01;35:*.wmv=01;35:*.asf=01;35:*.rm=01;35:*.rmvb=01;35:*.flc=01;35:*.avi=01;35:*.fli=01;35:*.flv=01;35:*.gl=01;35:*.dl=01;35:*.xcf=01;35:*.xwd=01;35:*.yuv=01;35:*.cgm=01;35:*.emf=01;35:*.ogv=01;35:*.ogx=01;35:*.aac=00;36:*.au=00;36:*.flac=00;36:*.m4a=00;36:*.mid=00;36:*.midi=00;36:*.mka=00;36:*.mp3=00;36:*.mpc=00;36:*.ogg=00;36:*.ra=00;36:*.wav=00;36:*.oga=00;36:*.opus=00;36:*.spx=00;36:*.xspf=00;36:'), ('SSH_AUTH_SOCK', '/ssh-agent'), ('AMENT_PREFIX_PATH', '/ros2_ws/install/oradar_lidar:/ros2_ws/install/msgs_srvs:/ros2_ws/install/driver:/opt/ros/humble'), ('DEBIAN_FRONTEND', 'noninteractive'), ('LESSCLOSE', '/usr/bin/lesspipe %s %s'), ('PWD', '/ros2_ws/build/oradar_lidar'), ('XDG_CONFIG_DIRS', '/etc/xdg'), ('XDG_DATA_DIRS', '/usr/local/share:/usr/share'), ('PYTHONPATH', '/ros2_ws/install/msgs_srvs/local/lib/python3.10/dist-packages:/ros2_ws/install/driver/lib/python3.10/site-packages:/opt/ros/humble/lib/python3.10/site-packages:/opt/ros/humble/local/lib/python3.10/dist-packages'), ('COLCON', '1'), ('VTE_VERSION', '6800'), ('CMAKE_PREFIX_PATH', '/ros2_ws/install/oradar_lidar:/ros2_ws/install/msgs_srvs:/ros2_ws/install/driver:/opt/ros/humble')]), 'shell': False}
[32.112376] (msgs_srvs) StdoutLine: {'line': b'-- Symlinking: /ros2_ws/install/msgs_srvs/share/msgs_srvs/environment/library_path.dsv\n'}
[32.122712] (oradar_lidar) StdoutLine: {'line': b'-- Install configuration: "RELEASE"\n'}
[32.123479] (oradar_lidar) StdoutLine: {'line': b'-- Execute custom install script\n'}
[32.124357] (oradar_lidar) StdoutLine: {'line': b'-- Symlinking: /ros2_ws/install/oradar_lidar/bin/blocking_test\n'}
[32.129827] (msgs_srvs) StdoutLine: {'line': b'-- Symlinking: /ros2_ws/install/msgs_srvs/include/msgs_srvs/msgs_srvs/msg/detail/button_state__rosidl_typesupport_fastrtps_c.h\n'}
[32.148076] (oradar_lidar) StdoutLine: {'line': b'-- Symlinking: /ros2_ws/install/oradar_lidar/bin/non-blocking_test\n'}
[32.162350] (msgs_srvs) StdoutLine: {'line': b'-- Symlinking: /ros2_ws/install/msgs_srvs/include/msgs_srvs/msgs_srvs/msg/detail/buzzer_state__rosidl_typesupport_fastrtps_c.h\n'}
[32.172964] (oradar_lidar) StdoutLine: {'line': b'-- Symlinking: /ros2_ws/install/oradar_lidar/bin/blocking_c_api_test\n'}
[32.177983] (msgs_srvs) StdoutLine: {'line': b'-- Symlinking: /ros2_ws/install/msgs_srvs/include/msgs_srvs/msgs_srvs/msg/detail/led_state__rosidl_typesupport_fastrtps_c.h\n'}
[32.190363] (oradar_lidar) StdoutLine: {'line': b'-- Symlinking: /ros2_ws/install/oradar_lidar/include/core/base/datatype.h\n'}
[32.198097] (msgs_srvs) StdoutLine: {'line': b'-- Symlinking: /ros2_ws/install/msgs_srvs/include/msgs_srvs/msgs_srvs/msg/detail/motor_state__rosidl_typesupport_fastrtps_c.h\n'}
[32.207212] (-) TimerEvent: {}
[32.210722] (oradar_lidar) StdoutLine: {'line': b'-- Symlinking: /ros2_ws/install/oradar_lidar/include/core/base/locker.h\n'}
[32.213655] (msgs_srvs) StdoutLine: {'line': b'-- Symlinking: /ros2_ws/install/msgs_srvs/include/msgs_srvs/msgs_srvs/msg/detail/motors_state__rosidl_typesupport_fastrtps_c.h\n'}
[32.226903] (oradar_lidar) StdoutLine: {'line': b'-- Symlinking: /ros2_ws/install/oradar_lidar/include/core/base/thread.h\n'}
[32.228917] (msgs_srvs) StdoutLine: {'line': b'-- Symlinking: /ros2_ws/install/msgs_srvs/include/msgs_srvs/msgs_srvs/msg/detail/pwm_servo_state__rosidl_typesupport_fastrtps_c.h\n'}
[32.253378] (msgs_srvs) StdoutLine: {'line': b'-- Symlinking: /ros2_ws/install/msgs_srvs/include/msgs_srvs/msgs_srvs/msg/detail/pwm_servo_state_duration__rosidl_typesupport_fastrtps_c.h\n'}
[32.253994] (oradar_lidar) StdoutLine: {'line': b'-- Symlinking: /ros2_ws/install/oradar_lidar/include/core/base/timer.h\n'}
[32.275517] (msgs_srvs) StdoutLine: {'line': b'-- Symlinking: /ros2_ws/install/msgs_srvs/include/msgs_srvs/msgs_srvs/msg/detail/sbus__rosidl_typesupport_fastrtps_c.h\n'}
[32.276080] (oradar_lidar) StdoutLine: {'line': b'-- Symlinking: /ros2_ws/install/oradar_lidar/include/core/base/typedef.h\n'}
[32.291875] (msgs_srvs) StdoutLine: {'line': b'-- Symlinking: /ros2_ws/install/msgs_srvs/include/msgs_srvs/msgs_srvs/msg/rosidl_typesupport_fastrtps_c__visibility_control.h\n'}
[32.292137] (oradar_lidar) StdoutLine: {'line': b'-- Symlinking: /ros2_ws/install/oradar_lidar/include/core/base/utils.h\n'}
[32.307354] (-) TimerEvent: {}
[32.319220] (msgs_srvs) StdoutLine: {'line': b'-- Symlinking: /ros2_ws/install/msgs_srvs/include/msgs_srvs/msgs_srvs/srv/detail/pwm_servo_state__rosidl_typesupport_fastrtps_c.h\n'}
[32.321236] (oradar_lidar) StdoutLine: {'line': b'-- Symlinking: /ros2_ws/install/oradar_lidar/include/core/base/v8stdint.h\n'}
[32.361928] (oradar_lidar) StdoutLine: {'line': b'-- Symlinking: /ros2_ws/install/oradar_lidar/include/core/common/ChannelDevice.h\n'}
[32.369557] (msgs_srvs) StdoutLine: {'line': b'-- Symlinking: /ros2_ws/install/msgs_srvs/include/msgs_srvs/msgs_srvs/msg/button_state.hpp\n'}
[32.391968] (oradar_lidar) StdoutLine: {'line': b'-- Symlinking: /ros2_ws/install/oradar_lidar/include/core/math/angles.h\n'}
[32.394529] (msgs_srvs) StdoutLine: {'line': b'-- Symlinking: /ros2_ws/install/msgs_srvs/include/msgs_srvs/msgs_srvs/msg/buzzer_state.hpp\n'}
[32.407475] (-) TimerEvent: {}
[32.408585] (oradar_lidar) StdoutLine: {'line': b'-- Symlinking: /ros2_ws/install/oradar_lidar/include/core/network/ActiveSocket.h\n'}
[32.411718] (msgs_srvs) StdoutLine: {'line': b'-- Symlinking: /ros2_ws/install/msgs_srvs/include/msgs_srvs/msgs_srvs/msg/detail/button_state__builder.hpp\n'}
[32.426922] (msgs_srvs) StdoutLine: {'line': b'-- Symlinking: /ros2_ws/install/msgs_srvs/include/msgs_srvs/msgs_srvs/msg/detail/button_state__struct.hpp\n'}
[32.427698] (oradar_lidar) StdoutLine: {'line': b'-- Symlinking: /ros2_ws/install/oradar_lidar/include/core/network/PassiveSocket.h\n'}
[32.447410] (oradar_lidar) StdoutLine: {'line': b'-- Symlinking: /ros2_ws/install/oradar_lidar/include/core/network/SimpleSocket.h\n'}
[32.448643] (msgs_srvs) StdoutLine: {'line': b'-- Symlinking: /ros2_ws/install/msgs_srvs/include/msgs_srvs/msgs_srvs/msg/detail/button_state__traits.hpp\n'}
[32.472592] (msgs_srvs) StdoutLine: {'line': b'-- Symlinking: /ros2_ws/install/msgs_srvs/include/msgs_srvs/msgs_srvs/msg/detail/button_state__type_support.hpp\n'}
[32.473433] (oradar_lidar) StdoutLine: {'line': b'-- Symlinking: /ros2_ws/install/oradar_lidar/include/core/network/StatTimer.h\n'}
[32.488184] (msgs_srvs) StdoutLine: {'line': b'-- Symlinking: /ros2_ws/install/msgs_srvs/include/msgs_srvs/msgs_srvs/msg/detail/buzzer_state__builder.hpp\n'}
[32.488436] (oradar_lidar) StdoutLine: {'line': b'-- Symlinking: /ros2_ws/install/oradar_lidar/include/core/serial/common.h\n'}
[32.503642] (msgs_srvs) StdoutLine: {'line': b'-- Symlinking: /ros2_ws/install/msgs_srvs/include/msgs_srvs/msgs_srvs/msg/detail/buzzer_state__struct.hpp\n'}
[32.503917] (oradar_lidar) StdoutLine: {'line': b'-- Symlinking: /ros2_ws/install/oradar_lidar/include/core/serial/serial.h\n'}
[32.507559] (-) TimerEvent: {}
[32.519076] (msgs_srvs) StdoutLine: {'line': b'-- Symlinking: /ros2_ws/install/msgs_srvs/include/msgs_srvs/msgs_srvs/msg/detail/buzzer_state__traits.hpp\n'}
[32.519400] (oradar_lidar) StdoutLine: {'line': b'-- Symlinking: /ros2_ws/install/oradar_lidar/include/core/serial/impl/unix/lock.h\n'}
[32.534557] (oradar_lidar) StdoutLine: {'line': b'-- Symlinking: /ros2_ws/install/oradar_lidar/include/core/serial/impl/unix/unix.h\n'}
[32.535356] (msgs_srvs) StdoutLine: {'line': b'-- Symlinking: /ros2_ws/install/msgs_srvs/include/msgs_srvs/msgs_srvs/msg/detail/buzzer_state__type_support.hpp\n'}
[32.566303] (msgs_srvs) StdoutLine: {'line': b'-- Symlinking: /ros2_ws/install/msgs_srvs/include/msgs_srvs/msgs_srvs/msg/detail/led_state__builder.hpp\n'}
[32.566552] (oradar_lidar) StdoutLine: {'line': b'-- Symlinking: /ros2_ws/install/oradar_lidar/include/core/serial/impl/unix/unix_serial.h\n'}
[32.581774] (msgs_srvs) StdoutLine: {'line': b'-- Symlinking: /ros2_ws/install/msgs_srvs/include/msgs_srvs/msgs_srvs/msg/detail/led_state__struct.hpp\n'}
[32.582474] (oradar_lidar) StdoutLine: {'line': b'-- Symlinking: /ros2_ws/install/oradar_lidar/include/src/ord_lidar_c_api_driver.h\n'}
[32.596948] (oradar_lidar) StdoutLine: {'line': b'-- Symlinking: /ros2_ws/install/oradar_lidar/include/src/ord_lidar_driver.h\n'}
[32.597331] (msgs_srvs) StdoutLine: {'line': b'-- Symlinking: /ros2_ws/install/msgs_srvs/include/msgs_srvs/msgs_srvs/msg/detail/led_state__traits.hpp\n'}
[32.607871] (-) TimerEvent: {}
[32.613128] (oradar_lidar) StdoutLine: {'line': b'-- Symlinking: /ros2_ws/install/oradar_lidar/include/src/ordlidar_protocol.h\n'}
[32.613513] (msgs_srvs) StdoutLine: {'line': b'-- Symlinking: /ros2_ws/install/msgs_srvs/include/msgs_srvs/msgs_srvs/msg/detail/led_state__type_support.hpp\n'}
[32.629282] (msgs_srvs) StdoutLine: {'line': b'-- Symlinking: /ros2_ws/install/msgs_srvs/include/msgs_srvs/msgs_srvs/msg/detail/motor_state__builder.hpp\n'}
[32.629629] (oradar_lidar) StdoutLine: {'line': b'-- Symlinking: /ros2_ws/install/oradar_lidar/include/src/filters/FullScanFilter.h\n'}
[32.653361] (oradar_lidar) StdoutLine: {'line': b'-- Symlinking: /ros2_ws/install/oradar_lidar/lib/liboradar_sdk.a\n'}
[32.653984] (msgs_srvs) StdoutLine: {'line': b'-- Symlinking: /ros2_ws/install/msgs_srvs/include/msgs_srvs/msgs_srvs/msg/detail/motor_state__struct.hpp\n'}
[32.675262] (msgs_srvs) StdoutLine: {'line': b'-- Symlinking: /ros2_ws/install/msgs_srvs/include/msgs_srvs/msgs_srvs/msg/detail/motor_state__traits.hpp\n'}
[32.675631] (oradar_lidar) StdoutLine: {'line': b'-- Symlinking: /ros2_ws/install/oradar_lidar/lib/oradar_lidar/oradar_scan\n'}
[32.690616] (msgs_srvs) StdoutLine: {'line': b'-- Symlinking: /ros2_ws/install/msgs_srvs/include/msgs_srvs/msgs_srvs/msg/detail/motor_state__type_support.hpp\n'}
[32.691003] (oradar_lidar) StdoutLine: {'line': b'-- Symlinking: /ros2_ws/install/oradar_lidar/share/oradar_lidar//launch/ms200_scan.launch\n'}
[32.705943] (oradar_lidar) StdoutLine: {'line': b'-- Symlinking: /ros2_ws/install/oradar_lidar/share/oradar_lidar//launch/ms200_scan.launch.py\n'}
[32.706306] (msgs_srvs) StdoutLine: {'line': b'-- Symlinking: /ros2_ws/install/msgs_srvs/include/msgs_srvs/msgs_srvs/msg/detail/motors_state__builder.hpp\n'}
[32.707975] (-) TimerEvent: {}
[32.721662] (oradar_lidar) StdoutLine: {'line': b'-- Symlinking: /ros2_ws/install/oradar_lidar/share/oradar_lidar//launch/ms200_scan_view.launch\n'}
[32.722117] (msgs_srvs) StdoutLine: {'line': b'-- Symlinking: /ros2_ws/install/msgs_srvs/include/msgs_srvs/msgs_srvs/msg/detail/motors_state__struct.hpp\n'}
[32.738823] (msgs_srvs) StdoutLine: {'line': b'-- Symlinking: /ros2_ws/install/msgs_srvs/include/msgs_srvs/msgs_srvs/msg/detail/motors_state__traits.hpp\n'}
[32.739216] (oradar_lidar) StdoutLine: {'line': b'-- Symlinking: /ros2_ws/install/oradar_lidar/share/oradar_lidar//launch/ms200_scan_view.launch.py\n'}
[32.769211] (msgs_srvs) StdoutLine: {'line': b'-- Symlinking: /ros2_ws/install/msgs_srvs/include/msgs_srvs/msgs_srvs/msg/detail/motors_state__type_support.hpp\n'}
[32.769546] (oradar_lidar) StdoutLine: {'line': b'-- Symlinking: /ros2_ws/install/oradar_lidar/share/oradar_lidar//rviz2/oradar_scan.rviz\n'}
[32.784336] (msgs_srvs) StdoutLine: {'line': b'-- Symlinking: /ros2_ws/install/msgs_srvs/include/msgs_srvs/msgs_srvs/msg/detail/pwm_servo_state__builder.hpp\n'}
[32.784636] (oradar_lidar) StdoutLine: {'line': b'-- Symlinking: /ros2_ws/install/oradar_lidar/share/ament_index/resource_index/package_run_dependencies/oradar_lidar\n'}
[32.799396] (msgs_srvs) StdoutLine: {'line': b'-- Symlinking: /ros2_ws/install/msgs_srvs/include/msgs_srvs/msgs_srvs/msg/detail/pwm_servo_state__struct.hpp\n'}
[32.799780] (oradar_lidar) StdoutLine: {'line': b'-- Symlinking: /ros2_ws/install/oradar_lidar/share/ament_index/resource_index/parent_prefix_path/oradar_lidar\n'}
[32.808168] (-) TimerEvent: {}
[32.815351] (msgs_srvs) StdoutLine: {'line': b'-- Symlinking: /ros2_ws/install/msgs_srvs/include/msgs_srvs/msgs_srvs/msg/detail/pwm_servo_state__traits.hpp\n'}
[32.815775] (oradar_lidar) StdoutLine: {'line': b'-- Symlinking: /ros2_ws/install/oradar_lidar/share/oradar_lidar/environment/ament_prefix_path.sh\n'}
[32.831101] (msgs_srvs) StdoutLine: {'line': b'-- Symlinking: /ros2_ws/install/msgs_srvs/include/msgs_srvs/msgs_srvs/msg/detail/pwm_servo_state__type_support.hpp\n'}
[32.831412] (oradar_lidar) StdoutLine: {'line': b'-- Symlinking: /ros2_ws/install/oradar_lidar/share/oradar_lidar/environment/ament_prefix_path.dsv\n'}
[32.859223] (msgs_srvs) StdoutLine: {'line': b'-- Symlinking: /ros2_ws/install/msgs_srvs/include/msgs_srvs/msgs_srvs/msg/detail/pwm_servo_state_duration__builder.hpp\n'}
[32.859962] (oradar_lidar) StdoutLine: {'line': b'-- Symlinking: /ros2_ws/install/oradar_lidar/share/oradar_lidar/environment/path.sh\n'}
[32.877814] (msgs_srvs) StdoutLine: {'line': b'-- Symlinking: /ros2_ws/install/msgs_srvs/include/msgs_srvs/msgs_srvs/msg/detail/pwm_servo_state_duration__struct.hpp\n'}
[32.878122] (oradar_lidar) StdoutLine: {'line': b'-- Symlinking: /ros2_ws/install/oradar_lidar/share/oradar_lidar/environment/path.dsv\n'}
[32.893357] (msgs_srvs) StdoutLine: {'line': b'-- Symlinking: /ros2_ws/install/msgs_srvs/include/msgs_srvs/msgs_srvs/msg/detail/pwm_servo_state_duration__traits.hpp\n'}
[32.893606] (oradar_lidar) StdoutLine: {'line': b'-- Symlinking: /ros2_ws/install/oradar_lidar/share/oradar_lidar/local_setup.bash\n'}
[32.908292] (-) TimerEvent: {}
[32.909207] (msgs_srvs) StdoutLine: {'line': b'-- Symlinking: /ros2_ws/install/msgs_srvs/include/msgs_srvs/msgs_srvs/msg/detail/pwm_servo_state_duration__type_support.hpp\n'}
[32.909437] (oradar_lidar) StdoutLine: {'line': b'-- Symlinking: /ros2_ws/install/oradar_lidar/share/oradar_lidar/local_setup.sh\n'}
[32.924611] (msgs_srvs) StdoutLine: {'line': b'-- Symlinking: /ros2_ws/install/msgs_srvs/include/msgs_srvs/msgs_srvs/msg/detail/sbus__builder.hpp\n'}
[32.925164] (oradar_lidar) StdoutLine: {'line': b'-- Symlinking: /ros2_ws/install/oradar_lidar/share/oradar_lidar/local_setup.zsh\n'}
[32.941493] (msgs_srvs) StdoutLine: {'line': b'-- Symlinking: /ros2_ws/install/msgs_srvs/include/msgs_srvs/msgs_srvs/msg/detail/sbus__struct.hpp\n'}
[32.941915] (oradar_lidar) StdoutLine: {'line': b'-- Symlinking: /ros2_ws/install/oradar_lidar/share/oradar_lidar/local_setup.dsv\n'}
[32.961049] (msgs_srvs) StdoutLine: {'line': b'-- Symlinking: /ros2_ws/install/msgs_srvs/include/msgs_srvs/msgs_srvs/msg/detail/sbus__traits.hpp\n'}
[32.961381] (oradar_lidar) StdoutLine: {'line': b'-- Symlinking: /ros2_ws/install/oradar_lidar/share/oradar_lidar/package.dsv\n'}
[32.976855] (msgs_srvs) StdoutLine: {'line': b'-- Symlinking: /ros2_ws/install/msgs_srvs/include/msgs_srvs/msgs_srvs/msg/detail/sbus__type_support.hpp\n'}
[32.977242] (oradar_lidar) StdoutLine: {'line': b'-- Symlinking: /ros2_ws/install/oradar_lidar/share/ament_index/resource_index/packages/oradar_lidar\n'}
[33.002536] (oradar_lidar) StdoutLine: {'line': b'-- Symlinking: /ros2_ws/install/oradar_lidar/share/oradar_lidar/cmake/oradar_lidarConfig.cmake\n'}
[33.002882] (msgs_srvs) StdoutLine: {'line': b'-- Symlinking: /ros2_ws/install/msgs_srvs/include/msgs_srvs/msgs_srvs/msg/led_state.hpp\n'}
[33.008409] (-) TimerEvent: {}
[33.018288] (msgs_srvs) StdoutLine: {'line': b'-- Symlinking: /ros2_ws/install/msgs_srvs/include/msgs_srvs/msgs_srvs/msg/motor_state.hpp\n'}
[33.018529] (oradar_lidar) StdoutLine: {'line': b'-- Symlinking: /ros2_ws/install/oradar_lidar/share/oradar_lidar/cmake/oradar_lidarConfig-version.cmake\n'}
[33.033811] (msgs_srvs) StdoutLine: {'line': b'-- Symlinking: /ros2_ws/install/msgs_srvs/include/msgs_srvs/msgs_srvs/msg/motors_state.hpp\n'}
[33.034065] (oradar_lidar) StdoutLine: {'line': b'-- Symlinking: /ros2_ws/install/oradar_lidar/share/oradar_lidar/package.xml\n'}
[33.065115] (msgs_srvs) StdoutLine: {'line': b'-- Symlinking: /ros2_ws/install/msgs_srvs/include/msgs_srvs/msgs_srvs/msg/pwm_servo_state.hpp\n'}
[33.069372] (oradar_lidar) CommandEnded: {'returncode': 0}
[33.081032] (msgs_srvs) StdoutLine: {'line': b'-- Symlinking: /ros2_ws/install/msgs_srvs/include/msgs_srvs/msgs_srvs/msg/pwm_servo_state_duration.hpp\n'}
[33.096401] (msgs_srvs) StdoutLine: {'line': b'-- Symlinking: /ros2_ws/install/msgs_srvs/include/msgs_srvs/msgs_srvs/msg/rosidl_generator_cpp__visibility_control.hpp\n'}
[33.108493] (-) TimerEvent: {}
[33.109071] (oradar_lidar) JobEnded: {'identifier': 'oradar_lidar', 'rc': 0}
[33.113011] (msgs_srvs) StdoutLine: {'line': b'-- Symlinking: /ros2_ws/install/msgs_srvs/include/msgs_srvs/msgs_srvs/msg/sbus.hpp\n'}
[33.128162] (msgs_srvs) StdoutLine: {'line': b'-- Symlinking: /ros2_ws/install/msgs_srvs/include/msgs_srvs/msgs_srvs/srv/detail/pwm_servo_state__builder.hpp\n'}
[33.152623] (msgs_srvs) StdoutLine: {'line': b'-- Symlinking: /ros2_ws/install/msgs_srvs/include/msgs_srvs/msgs_srvs/srv/detail/pwm_servo_state__struct.hpp\n'}
[33.192926] (msgs_srvs) StdoutLine: {'line': b'-- Symlinking: /ros2_ws/install/msgs_srvs/include/msgs_srvs/msgs_srvs/srv/detail/pwm_servo_state__traits.hpp\n'}
[33.207642] (msgs_srvs) StdoutLine: {'line': b'-- Symlinking: /ros2_ws/install/msgs_srvs/include/msgs_srvs/msgs_srvs/srv/detail/pwm_servo_state__type_support.hpp\n'}
[33.208568] (-) TimerEvent: {}
[33.225838] (msgs_srvs) StdoutLine: {'line': b'-- Symlinking: /ros2_ws/install/msgs_srvs/include/msgs_srvs/msgs_srvs/srv/pwm_servo_state.hpp\n'}
[33.259450] (msgs_srvs) StdoutLine: {'line': b'-- Symlinking: /ros2_ws/install/msgs_srvs/include/msgs_srvs/msgs_srvs/msg/detail/button_state__rosidl_typesupport_fastrtps_cpp.hpp\n'}
[33.290420] (msgs_srvs) StdoutLine: {'line': b'-- Symlinking: /ros2_ws/install/msgs_srvs/include/msgs_srvs/msgs_srvs/msg/detail/buzzer_state__rosidl_typesupport_fastrtps_cpp.hpp\n'}
[33.305454] (msgs_srvs) StdoutLine: {'line': b'-- Symlinking: /ros2_ws/install/msgs_srvs/include/msgs_srvs/msgs_srvs/msg/detail/led_state__rosidl_typesupport_fastrtps_cpp.hpp\n'}
[33.308693] (-) TimerEvent: {}
[33.320298] (msgs_srvs) StdoutLine: {'line': b'-- Symlinking: /ros2_ws/install/msgs_srvs/include/msgs_srvs/msgs_srvs/msg/detail/motor_state__rosidl_typesupport_fastrtps_cpp.hpp\n'}
[33.335153] (msgs_srvs) StdoutLine: {'line': b'-- Symlinking: /ros2_ws/install/msgs_srvs/include/msgs_srvs/msgs_srvs/msg/detail/motors_state__rosidl_typesupport_fastrtps_cpp.hpp\n'}
[33.366138] (msgs_srvs) StdoutLine: {'line': b'-- Symlinking: /ros2_ws/install/msgs_srvs/include/msgs_srvs/msgs_srvs/msg/detail/pwm_servo_state__rosidl_typesupport_fastrtps_cpp.hpp\n'}
[33.380964] (msgs_srvs) StdoutLine: {'line': b'-- Symlinking: /ros2_ws/install/msgs_srvs/include/msgs_srvs/msgs_srvs/msg/detail/pwm_servo_state_duration__rosidl_typesupport_fastrtps_cpp.hpp\n'}
[33.396096] (msgs_srvs) StdoutLine: {'line': b'-- Symlinking: /ros2_ws/install/msgs_srvs/include/msgs_srvs/msgs_srvs/msg/detail/sbus__rosidl_typesupport_fastrtps_cpp.hpp\n'}
[33.408814] (-) TimerEvent: {}
[33.410927] (msgs_srvs) StdoutLine: {'line': b'-- Symlinking: /ros2_ws/install/msgs_srvs/include/msgs_srvs/msgs_srvs/msg/rosidl_typesupport_fastrtps_cpp__visibility_control.h\n'}
[33.425743] (msgs_srvs) StdoutLine: {'line': b'-- Symlinking: /ros2_ws/install/msgs_srvs/include/msgs_srvs/msgs_srvs/srv/detail/pwm_servo_state__rosidl_typesupport_fastrtps_cpp.hpp\n'}
[33.443018] (msgs_srvs) StdoutLine: {'line': b'-- Symlinking: /ros2_ws/install/msgs_srvs/include/msgs_srvs/msgs_srvs/msg/detail/button_state__rosidl_typesupport_introspection_c.h\n'}
[33.458006] (msgs_srvs) StdoutLine: {'line': b'-- Symlinking: /ros2_ws/install/msgs_srvs/include/msgs_srvs/msgs_srvs/msg/detail/buzzer_state__rosidl_typesupport_introspection_c.h\n'}
[33.486703] (msgs_srvs) StdoutLine: {'line': b'-- Symlinking: /ros2_ws/install/msgs_srvs/include/msgs_srvs/msgs_srvs/msg/detail/led_state__rosidl_typesupport_introspection_c.h\n'}
[33.500821] (msgs_srvs) StdoutLine: {'line': b'-- Symlinking: /ros2_ws/install/msgs_srvs/include/msgs_srvs/msgs_srvs/msg/detail/motor_state__rosidl_typesupport_introspection_c.h\n'}
[33.508927] (-) TimerEvent: {}
[33.516296] (msgs_srvs) StdoutLine: {'line': b'-- Symlinking: /ros2_ws/install/msgs_srvs/include/msgs_srvs/msgs_srvs/msg/detail/motors_state__rosidl_typesupport_introspection_c.h\n'}
[33.531066] (msgs_srvs) StdoutLine: {'line': b'-- Symlinking: /ros2_ws/install/msgs_srvs/include/msgs_srvs/msgs_srvs/msg/detail/pwm_servo_state__rosidl_typesupport_introspection_c.h\n'}
[33.548803] (msgs_srvs) StdoutLine: {'line': b'-- Symlinking: /ros2_ws/install/msgs_srvs/include/msgs_srvs/msgs_srvs/msg/detail/pwm_servo_state_duration__rosidl_typesupport_introspection_c.h\n'}
[33.567695] (msgs_srvs) StdoutLine: {'line': b'-- Symlinking: /ros2_ws/install/msgs_srvs/include/msgs_srvs/msgs_srvs/msg/detail/sbus__rosidl_typesupport_introspection_c.h\n'}
[33.592627] (msgs_srvs) StdoutLine: {'line': b'-- Symlinking: /ros2_ws/install/msgs_srvs/include/msgs_srvs/msgs_srvs/msg/rosidl_typesupport_introspection_c__visibility_control.h\n'}
[33.607317] (msgs_srvs) StdoutLine: {'line': b'-- Symlinking: /ros2_ws/install/msgs_srvs/include/msgs_srvs/msgs_srvs/srv/detail/pwm_servo_state__rosidl_typesupport_introspection_c.h\n'}
[33.608986] (-) TimerEvent: {}
[33.622895] (msgs_srvs) StdoutLine: {'line': b'-- Symlinking: /ros2_ws/install/msgs_srvs/include/msgs_srvs/msgs_srvs/msg/detail/button_state__rosidl_typesupport_introspection_cpp.hpp\n'}
[33.639305] (msgs_srvs) StdoutLine: {'line': b'-- Symlinking: /ros2_ws/install/msgs_srvs/include/msgs_srvs/msgs_srvs/msg/detail/buzzer_state__rosidl_typesupport_introspection_cpp.hpp\n'}
[33.669335] (msgs_srvs) StdoutLine: {'line': b'-- Symlinking: /ros2_ws/install/msgs_srvs/include/msgs_srvs/msgs_srvs/msg/detail/led_state__rosidl_typesupport_introspection_cpp.hpp\n'}
[33.684300] (msgs_srvs) StdoutLine: {'line': b'-- Symlinking: /ros2_ws/install/msgs_srvs/include/msgs_srvs/msgs_srvs/msg/detail/motor_state__rosidl_typesupport_introspection_cpp.hpp\n'}
[33.699150] (msgs_srvs) StdoutLine: {'line': b'-- Symlinking: /ros2_ws/install/msgs_srvs/include/msgs_srvs/msgs_srvs/msg/detail/motors_state__rosidl_typesupport_introspection_cpp.hpp\n'}
[33.709103] (-) TimerEvent: {}
[33.713503] (msgs_srvs) StdoutLine: {'line': b'-- Symlinking: /ros2_ws/install/msgs_srvs/include/msgs_srvs/msgs_srvs/msg/detail/pwm_servo_state__rosidl_typesupport_introspection_cpp.hpp\n'}
[33.728100] (msgs_srvs) StdoutLine: {'line': b'-- Symlinking: /ros2_ws/install/msgs_srvs/include/msgs_srvs/msgs_srvs/msg/detail/pwm_servo_state_duration__rosidl_typesupport_introspection_cpp.hpp\n'}
[33.752311] (msgs_srvs) StdoutLine: {'line': b'-- Symlinking: /ros2_ws/install/msgs_srvs/include/msgs_srvs/msgs_srvs/msg/detail/sbus__rosidl_typesupport_introspection_cpp.hpp\n'}
[33.772941] (msgs_srvs) StdoutLine: {'line': b'-- Symlinking: /ros2_ws/install/msgs_srvs/include/msgs_srvs/msgs_srvs/srv/detail/pwm_servo_state__rosidl_typesupport_introspection_cpp.hpp\n'}
[33.788256] (msgs_srvs) StdoutLine: {'line': b'-- Symlinking: /ros2_ws/install/msgs_srvs/share/msgs_srvs/environment/pythonpath.sh\n'}
[33.803313] (msgs_srvs) StdoutLine: {'line': b'-- Symlinking: /ros2_ws/install/msgs_srvs/share/msgs_srvs/environment/pythonpath.dsv\n'}
[33.809197] (-) TimerEvent: {}
[33.819261] (msgs_srvs) StdoutLine: {'line': b'-- Symlinking: /ros2_ws/install/msgs_srvs/local/lib/python3.10/dist-packages/msgs_srvs-0.0.0-py3.10.egg-info/PKG-INFO\n'}
[33.834517] (msgs_srvs) StdoutLine: {'line': b'-- Symlinking: /ros2_ws/install/msgs_srvs/local/lib/python3.10/dist-packages/msgs_srvs-0.0.0-py3.10.egg-info/SOURCES.txt\n'}
[33.864262] (msgs_srvs) StdoutLine: {'line': b'-- Symlinking: /ros2_ws/install/msgs_srvs/local/lib/python3.10/dist-packages/msgs_srvs-0.0.0-py3.10.egg-info/dependency_links.txt\n'}
[33.879251] (msgs_srvs) StdoutLine: {'line': b'-- Symlinking: /ros2_ws/install/msgs_srvs/local/lib/python3.10/dist-packages/msgs_srvs-0.0.0-py3.10.egg-info/top_level.txt\n'}
[33.895046] (msgs_srvs) StdoutLine: {'line': b'-- Symlinking: /ros2_ws/install/msgs_srvs/local/lib/python3.10/dist-packages/msgs_srvs/__init__.py\n'}
[33.909317] (-) TimerEvent: {}
[33.910078] (msgs_srvs) StdoutLine: {'line': b'-- Symlinking: /ros2_ws/install/msgs_srvs/local/lib/python3.10/dist-packages/msgs_srvs/_msgs_srvs_s.ep.rosidl_typesupport_c.c\n'}
[33.925344] (msgs_srvs) StdoutLine: {'line': b'-- Symlinking: /ros2_ws/install/msgs_srvs/local/lib/python3.10/dist-packages/msgs_srvs/_msgs_srvs_s.ep.rosidl_typesupport_fastrtps_c.c\n'}
[33.944871] (msgs_srvs) StdoutLine: {'line': b'-- Symlinking: /ros2_ws/install/msgs_srvs/local/lib/python3.10/dist-packages/msgs_srvs/_msgs_srvs_s.ep.rosidl_typesupport_introspection_c.c\n'}
[33.963995] (msgs_srvs) StdoutLine: {'line': b'-- Symlinking: /ros2_ws/install/msgs_srvs/local/lib/python3.10/dist-packages/msgs_srvs/libmsgs_srvs__rosidl_generator_py.so\n'}
[33.985894] (msgs_srvs) StdoutLine: {'line': b'-- Symlinking: /ros2_ws/install/msgs_srvs/local/lib/python3.10/dist-packages/msgs_srvs/msg/__init__.py\n'}
[34.000278] (msgs_srvs) StdoutLine: {'line': b'-- Symlinking: /ros2_ws/install/msgs_srvs/local/lib/python3.10/dist-packages/msgs_srvs/msg/_button_state.py\n'}
[34.009446] (-) TimerEvent: {}
[34.015264] (msgs_srvs) StdoutLine: {'line': b'-- Symlinking: /ros2_ws/install/msgs_srvs/local/lib/python3.10/dist-packages/msgs_srvs/msg/_button_state_s.c\n'}
[34.030834] (msgs_srvs) StdoutLine: {'line': b'-- Symlinking: /ros2_ws/install/msgs_srvs/local/lib/python3.10/dist-packages/msgs_srvs/msg/_buzzer_state.py\n'}
[34.053931] (msgs_srvs) StdoutLine: {'line': b'-- Symlinking: /ros2_ws/install/msgs_srvs/local/lib/python3.10/dist-packages/msgs_srvs/msg/_buzzer_state_s.c\n'}
[34.068502] (msgs_srvs) StdoutLine: {'line': b'-- Symlinking: /ros2_ws/install/msgs_srvs/local/lib/python3.10/dist-packages/msgs_srvs/msg/_led_state.py\n'}
[34.090017] (msgs_srvs) StdoutLine: {'line': b'-- Symlinking: /ros2_ws/install/msgs_srvs/local/lib/python3.10/dist-packages/msgs_srvs/msg/_led_state_s.c\n'}
[34.104431] (msgs_srvs) StdoutLine: {'line': b'-- Symlinking: /ros2_ws/install/msgs_srvs/local/lib/python3.10/dist-packages/msgs_srvs/msg/_motor_state.py\n'}
[34.109533] (-) TimerEvent: {}
[34.119314] (msgs_srvs) StdoutLine: {'line': b'-- Symlinking: /ros2_ws/install/msgs_srvs/local/lib/python3.10/dist-packages/msgs_srvs/msg/_motor_state_s.c\n'}
[34.134884] (msgs_srvs) StdoutLine: {'line': b'-- Symlinking: /ros2_ws/install/msgs_srvs/local/lib/python3.10/dist-packages/msgs_srvs/msg/_motors_state.py\n'}
[34.164257] (msgs_srvs) StdoutLine: {'line': b'-- Symlinking: /ros2_ws/install/msgs_srvs/local/lib/python3.10/dist-packages/msgs_srvs/msg/_motors_state_s.c\n'}
[34.179330] (msgs_srvs) StdoutLine: {'line': b'-- Symlinking: /ros2_ws/install/msgs_srvs/local/lib/python3.10/dist-packages/msgs_srvs/msg/_pwm_servo_state.py\n'}
[34.194262] (msgs_srvs) StdoutLine: {'line': b'-- Symlinking: /ros2_ws/install/msgs_srvs/local/lib/python3.10/dist-packages/msgs_srvs/msg/_pwm_servo_state_duration.py\n'}
[34.209106] (msgs_srvs) StdoutLine: {'line': b'-- Symlinking: /ros2_ws/install/msgs_srvs/local/lib/python3.10/dist-packages/msgs_srvs/msg/_pwm_servo_state_duration_s.c\n'}
[34.209595] (-) TimerEvent: {}
[34.223922] (msgs_srvs) StdoutLine: {'line': b'-- Symlinking: /ros2_ws/install/msgs_srvs/local/lib/python3.10/dist-packages/msgs_srvs/msg/_pwm_servo_state_s.c\n'}
[34.240915] (msgs_srvs) StdoutLine: {'line': b'-- Symlinking: /ros2_ws/install/msgs_srvs/local/lib/python3.10/dist-packages/msgs_srvs/msg/_sbus.py\n'}
[34.268595] (msgs_srvs) StdoutLine: {'line': b'-- Symlinking: /ros2_ws/install/msgs_srvs/local/lib/python3.10/dist-packages/msgs_srvs/msg/_sbus_s.c\n'}
[34.282937] (msgs_srvs) StdoutLine: {'line': b'-- Symlinking: /ros2_ws/install/msgs_srvs/local/lib/python3.10/dist-packages/msgs_srvs/msgs_srvs_s__rosidl_typesupport_c.cpython-310-aarch64-linux-gnu.so\n'}
[34.298341] (msgs_srvs) StdoutLine: {'line': b'-- Symlinking: /ros2_ws/install/msgs_srvs/local/lib/python3.10/dist-packages/msgs_srvs/msgs_srvs_s__rosidl_typesupport_fastrtps_c.cpython-310-aarch64-linux-gnu.so\n'}
[34.309737] (-) TimerEvent: {}
[34.313723] (msgs_srvs) StdoutLine: {'line': b'-- Symlinking: /ros2_ws/install/msgs_srvs/local/lib/python3.10/dist-packages/msgs_srvs/msgs_srvs_s__rosidl_typesupport_introspection_c.cpython-310-aarch64-linux-gnu.so\n'}
[34.328851] (msgs_srvs) StdoutLine: {'line': b'-- Symlinking: /ros2_ws/install/msgs_srvs/local/lib/python3.10/dist-packages/msgs_srvs/srv/__init__.py\n'}
[34.353030] (msgs_srvs) StdoutLine: {'line': b'-- Symlinking: /ros2_ws/install/msgs_srvs/local/lib/python3.10/dist-packages/msgs_srvs/srv/_pwm_servo_state.py\n'}
[34.374104] (msgs_srvs) StdoutLine: {'line': b'-- Symlinking: /ros2_ws/install/msgs_srvs/local/lib/python3.10/dist-packages/msgs_srvs/srv/_pwm_servo_state_s.c\n'}
[34.389252] (msgs_srvs) StdoutLine: {'line': b'-- Up-to-date symlink: /ros2_ws/install/msgs_srvs/local/lib/python3.10/dist-packages/msgs_srvs/msgs_srvs_s__rosidl_typesupport_fastrtps_c.cpython-310-aarch64-linux-gnu.so\n'}
[34.389482] (msgs_srvs) StdoutLine: {'line': b'-- Up-to-date symlink: /ros2_ws/install/msgs_srvs/local/lib/python3.10/dist-packages/msgs_srvs/msgs_srvs_s__rosidl_typesupport_introspection_c.cpython-310-aarch64-linux-gnu.so\n'}
[34.389601] (msgs_srvs) StdoutLine: {'line': b'-- Up-to-date symlink: /ros2_ws/install/msgs_srvs/local/lib/python3.10/dist-packages/msgs_srvs/msgs_srvs_s__rosidl_typesupport_c.cpython-310-aarch64-linux-gnu.so\n'}
[34.389810] (msgs_srvs) StdoutLine: {'line': b'-- Symlinking: /ros2_ws/install/msgs_srvs/share/msgs_srvs/msg/ButtonState.idl\n'}
[34.405349] (msgs_srvs) StdoutLine: {'line': b'-- Symlinking: /ros2_ws/install/msgs_srvs/share/msgs_srvs/msg/BuzzerState.idl\n'}
[34.409822] (-) TimerEvent: {}
[34.420467] (msgs_srvs) StdoutLine: {'line': b'-- Symlinking: /ros2_ws/install/msgs_srvs/share/msgs_srvs/msg/LedState.idl\n'}
[34.435190] (msgs_srvs) StdoutLine: {'line': b'-- Symlinking: /ros2_ws/install/msgs_srvs/share/msgs_srvs/msg/MotorsState.idl\n'}
[34.466907] (msgs_srvs) StdoutLine: {'line': b'-- Symlinking: /ros2_ws/install/msgs_srvs/share/msgs_srvs/msg/MotorState.idl\n'}
[34.481581] (msgs_srvs) StdoutLine: {'line': b'-- Symlinking: /ros2_ws/install/msgs_srvs/share/msgs_srvs/msg/PWMServoState.idl\n'}
[34.497164] (msgs_srvs) StdoutLine: {'line': b'-- Symlinking: /ros2_ws/install/msgs_srvs/share/msgs_srvs/msg/PWMServoStateDuration.idl\n'}
[34.509924] (-) TimerEvent: {}
[34.512689] (msgs_srvs) StdoutLine: {'line': b'-- Symlinking: /ros2_ws/install/msgs_srvs/share/msgs_srvs/msg/Sbus.idl\n'}
[34.528446] (msgs_srvs) StdoutLine: {'line': b'-- Symlinking: /ros2_ws/install/msgs_srvs/share/msgs_srvs/srv/PWMServoState.idl\n'}
[34.550370] (msgs_srvs) StdoutLine: {'line': b'-- Symlinking: /ros2_ws/install/msgs_srvs/share/msgs_srvs/msg/ButtonState.msg\n'}
[34.575114] (msgs_srvs) StdoutLine: {'line': b'-- Symlinking: /ros2_ws/install/msgs_srvs/share/msgs_srvs/msg/BuzzerState.msg\n'}
[34.590209] (msgs_srvs) StdoutLine: {'line': b'-- Symlinking: /ros2_ws/install/msgs_srvs/share/msgs_srvs/msg/LedState.msg\n'}
[34.605082] (msgs_srvs) StdoutLine: {'line': b'-- Symlinking: /ros2_ws/install/msgs_srvs/share/msgs_srvs/msg/MotorsState.msg\n'}
[34.610022] (-) TimerEvent: {}
[34.620598] (msgs_srvs) StdoutLine: {'line': b'-- Symlinking: /ros2_ws/install/msgs_srvs/share/msgs_srvs/msg/MotorState.msg\n'}
[34.635848] (msgs_srvs) StdoutLine: {'line': b'-- Symlinking: /ros2_ws/install/msgs_srvs/share/msgs_srvs/msg/PWMServoState.msg\n'}
[34.666010] (msgs_srvs) StdoutLine: {'line': b'-- Symlinking: /ros2_ws/install/msgs_srvs/share/msgs_srvs/msg/PWMServoStateDuration.msg\n'}
[34.680918] (msgs_srvs) StdoutLine: {'line': b'-- Symlinking: /ros2_ws/install/msgs_srvs/share/msgs_srvs/msg/Sbus.msg\n'}
[34.696023] (msgs_srvs) StdoutLine: {'line': b'-- Symlinking: /ros2_ws/install/msgs_srvs/share/msgs_srvs/srv/PWMServoState.srv\n'}
[34.710133] (-) TimerEvent: {}
[34.710818] (msgs_srvs) StdoutLine: {'line': b'-- Symlinking: /ros2_ws/install/msgs_srvs/share/msgs_srvs/srv/PWMServoState_Request.msg\n'}
[34.726800] (msgs_srvs) StdoutLine: {'line': b'-- Symlinking: /ros2_ws/install/msgs_srvs/share/msgs_srvs/srv/PWMServoState_Response.msg\n'}
[34.746609] (msgs_srvs) StdoutLine: {'line': b'-- Symlinking: /ros2_ws/install/msgs_srvs/share/ament_index/resource_index/package_run_dependencies/msgs_srvs\n'}
[34.771199] (msgs_srvs) StdoutLine: {'line': b'-- Symlinking: /ros2_ws/install/msgs_srvs/share/ament_index/resource_index/parent_prefix_path/msgs_srvs\n'}
[34.786401] (msgs_srvs) StdoutLine: {'line': b'-- Symlinking: /ros2_ws/install/msgs_srvs/share/msgs_srvs/environment/ament_prefix_path.sh\n'}
[34.800894] (msgs_srvs) StdoutLine: {'line': b'-- Symlinking: /ros2_ws/install/msgs_srvs/share/msgs_srvs/environment/ament_prefix_path.dsv\n'}
[34.810283] (-) TimerEvent: {}
[34.816130] (msgs_srvs) StdoutLine: {'line': b'-- Symlinking: /ros2_ws/install/msgs_srvs/share/msgs_srvs/environment/path.sh\n'}
[34.831561] (msgs_srvs) StdoutLine: {'line': b'-- Symlinking: /ros2_ws/install/msgs_srvs/share/msgs_srvs/environment/path.dsv\n'}
[34.848203] (msgs_srvs) StdoutLine: {'line': b'-- Symlinking: /ros2_ws/install/msgs_srvs/share/msgs_srvs/local_setup.bash\n'}
[34.875968] (msgs_srvs) StdoutLine: {'line': b'-- Symlinking: /ros2_ws/install/msgs_srvs/share/msgs_srvs/local_setup.sh\n'}
[34.890916] (msgs_srvs) StdoutLine: {'line': b'-- Symlinking: /ros2_ws/install/msgs_srvs/share/msgs_srvs/local_setup.zsh\n'}
[34.905756] (msgs_srvs) StdoutLine: {'line': b'-- Symlinking: /ros2_ws/install/msgs_srvs/share/msgs_srvs/local_setup.dsv\n'}
[34.910341] (-) TimerEvent: {}
[34.921053] (msgs_srvs) StdoutLine: {'line': b'-- Symlinking: /ros2_ws/install/msgs_srvs/share/msgs_srvs/package.dsv\n'}
[34.936351] (msgs_srvs) StdoutLine: {'line': b'-- Symlinking: /ros2_ws/install/msgs_srvs/share/ament_index/resource_index/packages/msgs_srvs\n'}
[34.965857] (msgs_srvs) StdoutLine: {'line': b'-- Symlinking: /ros2_ws/install/msgs_srvs/share/msgs_srvs/cmake/rosidl_cmake-extras.cmake\n'}
[34.980370] (msgs_srvs) StdoutLine: {'line': b'-- Symlinking: /ros2_ws/install/msgs_srvs/share/msgs_srvs/cmake/ament_cmake_export_dependencies-extras.cmake\n'}
[34.995522] (msgs_srvs) StdoutLine: {'line': b'-- Symlinking: /ros2_ws/install/msgs_srvs/share/msgs_srvs/cmake/ament_cmake_export_include_directories-extras.cmake\n'}
[35.010491] (msgs_srvs) StdoutLine: {'line': b'-- Symlinking: /ros2_ws/install/msgs_srvs/share/msgs_srvs/cmake/ament_cmake_export_libraries-extras.cmake\n'}
[35.010740] (-) TimerEvent: {}
[35.025590] (msgs_srvs) StdoutLine: {'line': b'-- Symlinking: /ros2_ws/install/msgs_srvs/share/msgs_srvs/cmake/ament_cmake_export_targets-extras.cmake\n'}
[35.041702] (msgs_srvs) StdoutLine: {'line': b'-- Symlinking: /ros2_ws/install/msgs_srvs/share/msgs_srvs/cmake/rosidl_cmake_export_typesupport_targets-extras.cmake\n'}
[35.069363] (msgs_srvs) StdoutLine: {'line': b'-- Symlinking: /ros2_ws/install/msgs_srvs/share/msgs_srvs/cmake/rosidl_cmake_export_typesupport_libraries-extras.cmake\n'}
[35.102639] (msgs_srvs) StdoutLine: {'line': b'-- Symlinking: /ros2_ws/install/msgs_srvs/share/msgs_srvs/cmake/msgs_srvsConfig.cmake\n'}
[35.110877] (-) TimerEvent: {}
[35.132628] (msgs_srvs) StdoutLine: {'line': b'-- Symlinking: /ros2_ws/install/msgs_srvs/share/msgs_srvs/cmake/msgs_srvsConfig-version.cmake\n'}
[35.158119] (msgs_srvs) StdoutLine: {'line': b'-- Symlinking: /ros2_ws/install/msgs_srvs/share/msgs_srvs/package.xml\n'}
[35.172984] (msgs_srvs) StdoutLine: {'line': b'-- Installing: /ros2_ws/install/msgs_srvs/lib/libmsgs_srvs__rosidl_generator_c.so\n'}
[35.173546] (msgs_srvs) StdoutLine: {'line': b'-- Set runtime path of "/ros2_ws/install/msgs_srvs/lib/libmsgs_srvs__rosidl_generator_c.so" to ""\n'}
[35.173704] (msgs_srvs) StdoutLine: {'line': b'-- Installing: /ros2_ws/install/msgs_srvs/lib/libmsgs_srvs__rosidl_typesupport_fastrtps_c.so\n'}
[35.174291] (msgs_srvs) StdoutLine: {'line': b'-- Set runtime path of "/ros2_ws/install/msgs_srvs/lib/libmsgs_srvs__rosidl_typesupport_fastrtps_c.so" to ""\n'}
[35.175101] (msgs_srvs) StdoutLine: {'line': b'-- Installing: /ros2_ws/install/msgs_srvs/lib/libmsgs_srvs__rosidl_typesupport_fastrtps_cpp.so\n'}
[35.177189] (msgs_srvs) StdoutLine: {'line': b'-- Set runtime path of "/ros2_ws/install/msgs_srvs/lib/libmsgs_srvs__rosidl_typesupport_fastrtps_cpp.so" to ""\n'}
[35.178615] (msgs_srvs) StdoutLine: {'line': b'-- Installing: /ros2_ws/install/msgs_srvs/lib/libmsgs_srvs__rosidl_typesupport_introspection_c.so\n'}
[35.179359] (msgs_srvs) StdoutLine: {'line': b'-- Set runtime path of "/ros2_ws/install/msgs_srvs/lib/libmsgs_srvs__rosidl_typesupport_introspection_c.so" to ""\n'}
[35.180019] (msgs_srvs) StdoutLine: {'line': b'-- Installing: /ros2_ws/install/msgs_srvs/lib/libmsgs_srvs__rosidl_typesupport_c.so\n'}
[35.181256] (msgs_srvs) StdoutLine: {'line': b'-- Set runtime path of "/ros2_ws/install/msgs_srvs/lib/libmsgs_srvs__rosidl_typesupport_c.so" to ""\n'}
[35.182350] (msgs_srvs) StdoutLine: {'line': b'-- Installing: /ros2_ws/install/msgs_srvs/lib/libmsgs_srvs__rosidl_typesupport_introspection_cpp.so\n'}
[35.184123] (msgs_srvs) StdoutLine: {'line': b'-- Set runtime path of "/ros2_ws/install/msgs_srvs/lib/libmsgs_srvs__rosidl_typesupport_introspection_cpp.so" to ""\n'}
[35.184443] (msgs_srvs) StdoutLine: {'line': b'-- Installing: /ros2_ws/install/msgs_srvs/lib/libmsgs_srvs__rosidl_typesupport_cpp.so\n'}
[35.184780] (msgs_srvs) StdoutLine: {'line': b'-- Set runtime path of "/ros2_ws/install/msgs_srvs/lib/libmsgs_srvs__rosidl_typesupport_cpp.so" to ""\n'}
[35.210986] (-) TimerEvent: {}
[35.246997] (msgs_srvs) StdoutLine: {'line': b"Listing '/ros2_ws/install/msgs_srvs/local/lib/python3.10/dist-packages/msgs_srvs'...\n"}
[35.247325] (msgs_srvs) StdoutLine: {'line': b"Compiling '/ros2_ws/install/msgs_srvs/local/lib/python3.10/dist-packages/msgs_srvs/__init__.py'...\n"}
[35.247452] (msgs_srvs) StdoutLine: {'line': b"Listing '/ros2_ws/install/msgs_srvs/local/lib/python3.10/dist-packages/msgs_srvs/msg'...\n"}
[35.247545] (msgs_srvs) StdoutLine: {'line': b"Compiling '/ros2_ws/install/msgs_srvs/local/lib/python3.10/dist-packages/msgs_srvs/msg/__init__.py'...\n"}
[35.247626] (msgs_srvs) StdoutLine: {'line': b"Compiling '/ros2_ws/install/msgs_srvs/local/lib/python3.10/dist-packages/msgs_srvs/msg/_button_state.py'...\n"}
[35.247697] (msgs_srvs) StdoutLine: {'line': b"Compiling '/ros2_ws/install/msgs_srvs/local/lib/python3.10/dist-packages/msgs_srvs/msg/_buzzer_state.py'...\n"}
[35.247806] (msgs_srvs) StdoutLine: {'line': b"Compiling '/ros2_ws/install/msgs_srvs/local/lib/python3.10/dist-packages/msgs_srvs/msg/_led_state.py'...\n"}
[35.247930] (msgs_srvs) StdoutLine: {'line': b"Compiling '/ros2_ws/install/msgs_srvs/local/lib/python3.10/dist-packages/msgs_srvs/msg/_motor_state.py'...\n"}
[35.248072] (msgs_srvs) StdoutLine: {'line': b"Compiling '/ros2_ws/install/msgs_srvs/local/lib/python3.10/dist-packages/msgs_srvs/msg/_motors_state.py'...\n"}
[35.248169] (msgs_srvs) StdoutLine: {'line': b"Compiling '/ros2_ws/install/msgs_srvs/local/lib/python3.10/dist-packages/msgs_srvs/msg/_pwm_servo_state.py'...\n"}
[35.248251] (msgs_srvs) StdoutLine: {'line': b"Compiling '/ros2_ws/install/msgs_srvs/local/lib/python3.10/dist-packages/msgs_srvs/msg/_pwm_servo_state_duration.py'...\n"}
[35.248321] (msgs_srvs) StdoutLine: {'line': b"Compiling '/ros2_ws/install/msgs_srvs/local/lib/python3.10/dist-packages/msgs_srvs/msg/_sbus.py'...\n"}
[35.248417] (msgs_srvs) StdoutLine: {'line': b"Listing '/ros2_ws/install/msgs_srvs/local/lib/python3.10/dist-packages/msgs_srvs/srv'...\n"}
[35.248507] (msgs_srvs) StdoutLine: {'line': b"Compiling '/ros2_ws/install/msgs_srvs/local/lib/python3.10/dist-packages/msgs_srvs/srv/__init__.py'...\n"}
[35.248585] (msgs_srvs) StdoutLine: {'line': b"Compiling '/ros2_ws/install/msgs_srvs/local/lib/python3.10/dist-packages/msgs_srvs/srv/_pwm_servo_state.py'...\n"}
[35.259381] (msgs_srvs) StdoutLine: {'line': b'-- Installing: /ros2_ws/install/msgs_srvs/lib/libmsgs_srvs__rosidl_generator_py.so\n'}
[35.260072] (msgs_srvs) StdoutLine: {'line': b'-- Set runtime path of "/ros2_ws/install/msgs_srvs/lib/libmsgs_srvs__rosidl_generator_py.so" to ""\n'}
[35.260273] (msgs_srvs) StdoutLine: {'line': b'-- Installing: /ros2_ws/install/msgs_srvs/share/msgs_srvs/cmake/export_msgs_srvs__rosidl_generator_cExport.cmake\n'}
[35.260975] (msgs_srvs) StdoutLine: {'line': b'-- Installing: /ros2_ws/install/msgs_srvs/share/msgs_srvs/cmake/export_msgs_srvs__rosidl_generator_cExport-noconfig.cmake\n'}
[35.262166] (msgs_srvs) StdoutLine: {'line': b'-- Installing: /ros2_ws/install/msgs_srvs/share/msgs_srvs/cmake/export_msgs_srvs__rosidl_typesupport_fastrtps_cExport.cmake\n'}
[35.263535] (msgs_srvs) StdoutLine: {'line': b'-- Installing: /ros2_ws/install/msgs_srvs/share/msgs_srvs/cmake/export_msgs_srvs__rosidl_typesupport_fastrtps_cExport-noconfig.cmake\n'}
[35.264667] (msgs_srvs) StdoutLine: {'line': b'-- Installing: /ros2_ws/install/msgs_srvs/share/msgs_srvs/cmake/export_msgs_srvs__rosidl_generator_cppExport.cmake\n'}
[35.265044] (msgs_srvs) StdoutLine: {'line': b'-- Installing: /ros2_ws/install/msgs_srvs/share/msgs_srvs/cmake/export_msgs_srvs__rosidl_typesupport_fastrtps_cppExport.cmake\n'}
[35.265361] (msgs_srvs) StdoutLine: {'line': b'-- Installing: /ros2_ws/install/msgs_srvs/share/msgs_srvs/cmake/export_msgs_srvs__rosidl_typesupport_fastrtps_cppExport-noconfig.cmake\n'}
[35.265553] (msgs_srvs) StdoutLine: {'line': b'-- Installing: /ros2_ws/install/msgs_srvs/share/msgs_srvs/cmake/msgs_srvs__rosidl_typesupport_introspection_cExport.cmake\n'}
[35.265673] (msgs_srvs) StdoutLine: {'line': b'-- Installing: /ros2_ws/install/msgs_srvs/share/msgs_srvs/cmake/msgs_srvs__rosidl_typesupport_introspection_cExport-noconfig.cmake\n'}
[35.265887] (msgs_srvs) StdoutLine: {'line': b'-- Installing: /ros2_ws/install/msgs_srvs/share/msgs_srvs/cmake/msgs_srvs__rosidl_typesupport_cExport.cmake\n'}
[35.266228] (msgs_srvs) StdoutLine: {'line': b'-- Installing: /ros2_ws/install/msgs_srvs/share/msgs_srvs/cmake/msgs_srvs__rosidl_typesupport_cExport-noconfig.cmake\n'}
[35.267309] (msgs_srvs) StdoutLine: {'line': b'-- Installing: /ros2_ws/install/msgs_srvs/share/msgs_srvs/cmake/msgs_srvs__rosidl_typesupport_introspection_cppExport.cmake\n'}
[35.268657] (msgs_srvs) StdoutLine: {'line': b'-- Installing: /ros2_ws/install/msgs_srvs/share/msgs_srvs/cmake/msgs_srvs__rosidl_typesupport_introspection_cppExport-noconfig.cmake\n'}
[35.270165] (msgs_srvs) StdoutLine: {'line': b'-- Installing: /ros2_ws/install/msgs_srvs/share/msgs_srvs/cmake/msgs_srvs__rosidl_typesupport_cppExport.cmake\n'}
[35.271027] (msgs_srvs) StdoutLine: {'line': b'-- Installing: /ros2_ws/install/msgs_srvs/share/msgs_srvs/cmake/msgs_srvs__rosidl_typesupport_cppExport-noconfig.cmake\n'}
[35.272326] (msgs_srvs) StdoutLine: {'line': b'-- Installing: /ros2_ws/install/msgs_srvs/share/msgs_srvs/cmake/export_msgs_srvs__rosidl_generator_pyExport.cmake\n'}
[35.273564] (msgs_srvs) StdoutLine: {'line': b'-- Installing: /ros2_ws/install/msgs_srvs/share/msgs_srvs/cmake/export_msgs_srvs__rosidl_generator_pyExport-noconfig.cmake\n'}
[35.282216] (msgs_srvs) CommandEnded: {'returncode': 0}
[35.311115] (-) TimerEvent: {}
[35.317275] (msgs_srvs) JobEnded: {'identifier': 'msgs_srvs', 'rc': 0}
[35.318177] (-) EventReactorShutdown: {}
